ISO-10303-21;
HEADER;
FILE_DESCRIPTION(('KiCad electronic assembly'),'2;1');
FILE_NAME('HackPad.step','2026-08-18T19:00:06',('Pcbnew'),('Kicad'),
  'Open CASCADE STEP processor 7.9','KiCad to STEP converter','Unknown'
  );
FILE_SCHEMA(('AUTOMOTIVE_DESIGN { 1 0 10303 214 1 1 1 1 }'));
ENDSEC;
DATA;
#1 = APPLICATION_PROTOCOL_DEFINITION('international standard',
  'automotive_design',2000,#2);
#2 = APPLICATION_CONTEXT(
  'core data for automotive mechanical design processes');
#3 = SHAPE_DEFINITION_REPRESENTATION(#4,#10);
#4 = PRODUCT_DEFINITION_SHAPE('','',#5);
#5 = PRODUCT_DEFINITION('design','',#6,#9);
#6 = PRODUCT_DEFINITION_FORMATION('','',#7);
#7 = PRODUCT('HackPad 1','HackPad 1','',(#8));
#8 = PRODUCT_CONTEXT('',#2,'mechanical');
#9 = PRODUCT_DEFINITION_CONTEXT('part definition',#2,'design');
#10 = SHAPE_REPRESENTATION('',(#11,#15,#19,#23,#27,#31,#35,#39,#43,#47,
    #51,#55),#59);
#11 = AXIS2_PLACEMENT_3D('',#12,#13,#14);
#12 = CARTESIAN_POINT('',(0.,0.,0.));
#13 = DIRECTION('',(0.,0.,1.));
#14 = DIRECTION('',(1.,0.,-0.));
#15 = AXIS2_PLACEMENT_3D('',#16,#17,#18);
#16 = CARTESIAN_POINT('',(63.105,-70.104,1.595));
#17 = DIRECTION('',(-0.,0.,1.));
#18 = DIRECTION('',(1.110223024625E-16,-1.,0.));
#19 = AXIS2_PLACEMENT_3D('',#20,#21,#22);
#20 = CARTESIAN_POINT('',(55.146,-81.407,1.595));
#21 = DIRECTION('',(-0.,0.,1.));
#22 = DIRECTION('',(1.110223024625E-16,-1.,0.));
#23 = AXIS2_PLACEMENT_3D('',#24,#25,#26);
#24 = CARTESIAN_POINT('',(55.005,-70.104,1.595));
#25 = DIRECTION('',(-0.,0.,1.));
#26 = DIRECTION('',(1.110223024625E-16,-1.,0.));
#27 = AXIS2_PLACEMENT_3D('',#28,#29,#30);
#28 = CARTESIAN_POINT('',(69.723,-68.834,1.595));
#29 = DIRECTION('',(0.,0.,1.));
#30 = DIRECTION('',(1.,0.,0.));
#31 = AXIS2_PLACEMENT_3D('',#32,#33,#34);
#32 = CARTESIAN_POINT('',(59.196,-81.407,1.595));
#33 = DIRECTION('',(-0.,0.,1.));
#34 = DIRECTION('',(1.110223024625E-16,-1.,0.));
#35 = AXIS2_PLACEMENT_3D('',#36,#37,#38);
#36 = CARTESIAN_POINT('',(63.246,-81.407,1.595));
#37 = DIRECTION('',(-0.,0.,1.));
#38 = DIRECTION('',(1.110223024625E-16,-1.,0.));
#39 = AXIS2_PLACEMENT_3D('',#40,#41,#42);
#40 = CARTESIAN_POINT('',(59.055,-70.104,1.595));
#41 = DIRECTION('',(-0.,0.,1.));
#42 = DIRECTION('',(1.110223024625E-16,-1.,0.));
#43 = AXIS2_PLACEMENT_3D('',#44,#45,#46);
#44 = CARTESIAN_POINT('',(50.955,-70.104,1.595));
#45 = DIRECTION('',(-0.,0.,1.));
#46 = DIRECTION('',(1.110223024625E-16,-1.,0.));
#47 = AXIS2_PLACEMENT_3D('',#48,#49,#50);
#48 = CARTESIAN_POINT('',(51.096,-81.407,1.595));
#49 = DIRECTION('',(-0.,0.,1.));
#50 = DIRECTION('',(1.110223024625E-16,-1.,0.));
#51 = AXIS2_PLACEMENT_3D('',#52,#53,#54);
#52 = CARTESIAN_POINT('',(118.9686,-51.7144,1.595));
#53 = DIRECTION('',(0.,-0.,1.));
#54 = DIRECTION('',(1.110223024625E-16,1.,0.));
#55 = AXIS2_PLACEMENT_3D('',#56,#57,#58);
#56 = CARTESIAN_POINT('',(0.,0.,0.));
#57 = DIRECTION('',(0.,0.,1.));
#58 = DIRECTION('',(1.,0.,-0.));
#59 = ( GEOMETRIC_REPRESENTATION_CONTEXT(3) 
GLOBAL_UNCERTAINTY_ASSIGNED_CONTEXT((#63)) GLOBAL_UNIT_ASSIGNED_CONTEXT(
(#60,#61,#62)) REPRESENTATION_CONTEXT('Context #1',
  '3D Context with UNIT and UNCERTAINTY') );
#60 = ( LENGTH_UNIT() NAMED_UNIT(*) SI_UNIT(.MILLI.,.METRE.) );
#61 = ( NAMED_UNIT(*) PLANE_ANGLE_UNIT() SI_UNIT($,.RADIAN.) );
#62 = ( NAMED_UNIT(*) SI_UNIT($,.STERADIAN.) SOLID_ANGLE_UNIT() );
#63 = UNCERTAINTY_MEASURE_WITH_UNIT(LENGTH_MEASURE(1.E-07),#60,
  'distance_accuracy_value','confusion accuracy');
#64 = PRODUCT_RELATED_PRODUCT_CATEGORY('part',$,(#7));
#65 = SHAPE_DEFINITION_REPRESENTATION(#66,#72);
#66 = PRODUCT_DEFINITION_SHAPE('','',#67);
#67 = PRODUCT_DEFINITION('design','',#68,#71);
#68 = PRODUCT_DEFINITION_FORMATION('','',#69);
#69 = PRODUCT('R_Axial_DIN0207_L6.3mm_D2.5mm_P7.62mm_Horizontal',
  'R_Axial_DIN0207_L6.3mm_D2.5mm_P7.62mm_Horizontal','',(#70));
#70 = PRODUCT_CONTEXT('',#2,'mechanical');
#71 = PRODUCT_DEFINITION_CONTEXT('part definition',#2,'design');
#72 = SHAPE_REPRESENTATION('',(#11,#73),#77);
#73 = AXIS2_PLACEMENT_3D('',#74,#75,#76);
#74 = CARTESIAN_POINT('',(0.,0.,0.));
#75 = DIRECTION('',(0.,0.,1.));
#76 = DIRECTION('',(1.,0.,-0.));
#77 = ( GEOMETRIC_REPRESENTATION_CONTEXT(3) 
GLOBAL_UNCERTAINTY_ASSIGNED_CONTEXT((#81)) GLOBAL_UNIT_ASSIGNED_CONTEXT(
(#78,#79,#80)) REPRESENTATION_CONTEXT('Context #1',
  '3D Context with UNIT and UNCERTAINTY') );
#78 = ( LENGTH_UNIT() NAMED_UNIT(*) SI_UNIT(.MILLI.,.METRE.) );
#79 = ( NAMED_UNIT(*) PLANE_ANGLE_UNIT() SI_UNIT($,.RADIAN.) );
#80 = ( NAMED_UNIT(*) SI_UNIT($,.STERADIAN.) SOLID_ANGLE_UNIT() );
#81 = UNCERTAINTY_MEASURE_WITH_UNIT(LENGTH_MEASURE(1.E-07),#78,
  'distance_accuracy_value','confusion accuracy');
#82 = CONTEXT_DEPENDENT_SHAPE_REPRESENTATION(#83,#85);
#83 = ( REPRESENTATION_RELATIONSHIP('','',#72,#10) 
REPRESENTATION_RELATIONSHIP_WITH_TRANSFORMATION(#84) 
SHAPE_REPRESENTATION_RELATIONSHIP() );
#84 = ITEM_DEFINED_TRANSFORMATION('','',#11,#15);
#85 = PRODUCT_DEFINITION_SHAPE('Placement','Placement of an item',#86);
#86 = NEXT_ASSEMBLY_USAGE_OCCURRENCE('2','R1','',#5,#67,$);
#87 = PRODUCT_RELATED_PRODUCT_CATEGORY('part',$,(#69));
#88 = SHAPE_DEFINITION_REPRESENTATION(#89,#95);
#89 = PRODUCT_DEFINITION_SHAPE('','',#90);
#90 = PRODUCT_DEFINITION('design','',#91,#94);
#91 = PRODUCT_DEFINITION_FORMATION('','',#92);
#92 = PRODUCT('R_Axial_DIN0207_L63mm_D25mm_P762mm_Horizontal',
  'R_Axial_DIN0207_L63mm_D25mm_P762mm_Horizontal','',(#93));
#93 = PRODUCT_CONTEXT('',#2,'mechanical');
#94 = PRODUCT_DEFINITION_CONTEXT('part definition',#2,'design');
#95 = ADVANCED_BREP_SHAPE_REPRESENTATION('',(#11,#96),#759);
#96 = MANIFOLD_SOLID_BREP('',#97);
#97 = CLOSED_SHELL('',(#98,#131,#157,#177,#360,#385,#411,#431,#456,#481,
    #490,#516,#699,#725,#750));
#98 = ADVANCED_FACE('',(#99),#126,.T.);
#99 = FACE_BOUND('',#100,.T.);
#100 = EDGE_LOOP('',(#101,#110,#118,#125));
#101 = ORIENTED_EDGE('',*,*,#102,.T.);
#102 = EDGE_CURVE('',#103,#103,#105,.T.);
#103 = VERTEX_POINT('',#104);
#104 = CARTESIAN_POINT('',(1.285,1.25,1.25));
#105 = CIRCLE('',#106,1.25);
#106 = AXIS2_PLACEMENT_3D('',#107,#108,#109);
#107 = CARTESIAN_POINT('',(1.285,0.,1.25));
#108 = DIRECTION('',(1.,0.,0.));
#109 = DIRECTION('',(-0.,1.,0.));
#110 = ORIENTED_EDGE('',*,*,#111,.T.);
#111 = EDGE_CURVE('',#103,#112,#114,.T.);
#112 = VERTEX_POINT('',#113);
#113 = CARTESIAN_POINT('',(2.235,1.25,1.25));
#114 = LINE('',#115,#116);
#115 = CARTESIAN_POINT('',(0.66,1.25,1.25));
#116 = VECTOR('',#117,1.);
#117 = DIRECTION('',(1.,0.,0.));
#118 = ORIENTED_EDGE('',*,*,#119,.F.);
#119 = EDGE_CURVE('',#112,#112,#120,.T.);
#120 = CIRCLE('',#121,1.25);
#121 = AXIS2_PLACEMENT_3D('',#122,#123,#124);
#122 = CARTESIAN_POINT('',(2.235,0.,1.25));
#123 = DIRECTION('',(1.,0.,0.));
#124 = DIRECTION('',(-0.,1.,0.));
#125 = ORIENTED_EDGE('',*,*,#111,.F.);
#126 = CYLINDRICAL_SURFACE('',#127,1.25);
#127 = AXIS2_PLACEMENT_3D('',#128,#129,#130);
#128 = CARTESIAN_POINT('',(0.66,0.,1.25));
#129 = DIRECTION('',(-1.,-0.,-0.));
#130 = DIRECTION('',(0.,1.,0.));
#131 = ADVANCED_FACE('',(#132),#152,.T.);
#132 = FACE_BOUND('',#133,.T.);
#133 = EDGE_LOOP('',(#134,#143,#150,#151));
#134 = ORIENTED_EDGE('',*,*,#135,.T.);
#135 = EDGE_CURVE('',#136,#136,#138,.T.);
#136 = VERTEX_POINT('',#137);
#137 = CARTESIAN_POINT('',(0.66,0.625,1.25));
#138 = CIRCLE('',#139,0.625);
#139 = AXIS2_PLACEMENT_3D('',#140,#141,#142);
#140 = CARTESIAN_POINT('',(0.66,0.,1.25));
#141 = DIRECTION('',(1.,0.,0.));
#142 = DIRECTION('',(-0.,1.,0.));
#143 = ORIENTED_EDGE('',*,*,#144,.F.);
#144 = EDGE_CURVE('',#103,#136,#145,.T.);
#145 = CIRCLE('',#146,0.625);
#146 = AXIS2_PLACEMENT_3D('',#147,#148,#149);
#147 = CARTESIAN_POINT('',(1.285,0.625,1.25));
#148 = DIRECTION('',(0.,-0.,1.));
#149 = DIRECTION('',(0.,1.,0.));
#150 = ORIENTED_EDGE('',*,*,#102,.F.);
#151 = ORIENTED_EDGE('',*,*,#144,.T.);
#152 = TOROIDAL_SURFACE('',#153,0.625,0.625);
#153 = AXIS2_PLACEMENT_3D('',#154,#155,#156);
#154 = CARTESIAN_POINT('',(1.285,0.,1.25));
#155 = DIRECTION('',(-1.,0.,0.));
#156 = DIRECTION('',(0.,1.,0.));
#157 = ADVANCED_FACE('',(#158,#161),#172,.F.);
#158 = FACE_BOUND('',#159,.F.);
#159 = EDGE_LOOP('',(#160));
#160 = ORIENTED_EDGE('',*,*,#119,.F.);
#161 = FACE_BOUND('',#162,.F.);
#162 = EDGE_LOOP('',(#163));
#163 = ORIENTED_EDGE('',*,*,#164,.F.);
#164 = EDGE_CURVE('',#165,#165,#167,.T.);
#165 = VERTEX_POINT('',#166);
#166 = CARTESIAN_POINT('',(2.235,1.125,1.25));
#167 = CIRCLE('',#168,1.125);
#168 = AXIS2_PLACEMENT_3D('',#169,#170,#171);
#169 = CARTESIAN_POINT('',(2.235,0.,1.25));
#170 = DIRECTION('',(-1.,0.,0.));
#171 = DIRECTION('',(0.,1.,0.));
#172 = PLANE('',#173);
#173 = AXIS2_PLACEMENT_3D('',#174,#175,#176);
#174 = CARTESIAN_POINT('',(2.235,1.25,1.25));
#175 = DIRECTION('',(-1.,0.,0.));
#176 = DIRECTION('',(0.,0.,-1.));
#177 = ADVANCED_FACE('',(#178,#181),#355,.T.);
#178 = FACE_BOUND('',#179,.T.);
#179 = EDGE_LOOP('',(#180));
#180 = ORIENTED_EDGE('',*,*,#135,.F.);
#181 = FACE_BOUND('',#182,.T.);
#182 = EDGE_LOOP('',(#183));
#183 = ORIENTED_EDGE('',*,*,#184,.F.);
#184 = EDGE_CURVE('',#185,#185,#187,.T.);
#185 = VERTEX_POINT('',#186);
#186 = CARTESIAN_POINT('',(0.66,1.102182119233E-16,0.899909083395));
#187 = B_SPLINE_CURVE_WITH_KNOTS('',6,(#188,#189,#190,#191,#192,#193,
    #194,#195,#196,#197,#198,#199,#200,#201,#202,#203,#204,#205,#206,
    #207,#208,#209,#210,#211,#212,#213,#214,#215,#216,#217,#218,#219,
    #220,#221,#222,#223,#224,#225,#226,#227,#228,#229,#230,#231,#232,
    #233,#234,#235,#236,#237,#238,#239,#240,#241,#242,#243,#244,#245,
    #246,#247,#248,#249,#250,#251,#252,#253,#254,#255,#256,#257,#258,
    #259,#260,#261,#262,#263,#264,#265,#266,#267,#268,#269,#270,#271,
    #272,#273,#274,#275,#276,#277,#278,#279,#280,#281,#282,#283,#284,
    #285,#286,#287,#288,#289,#290,#291,#292,#293,#294,#295,#296,#297,
    #298,#299,#300,#301,#302,#303,#304,#305,#306,#307,#308,#309,#310,
    #311,#312,#313,#314,#315,#316,#317,#318,#319,#320,#321,#322,#323,
    #324,#325,#326,#327,#328,#329,#330,#331,#332,#333,#334,#335,#336,
    #337,#338,#339,#340,#341,#342,#343,#344,#345,#346,#347,#348,#349,
    #350,#351,#352,#353,#354),.UNSPECIFIED.,.T.,.F.,(1,6,5,5,5,5,5,5,5,5
    ,5,5,5,5,5,5,5,5,5,5,5,5,5,5,5,5,5,5,5,5,5,5,5,5,6,1),(
    -3.7441643477E-02,0.,2.521870323933E-02,5.431496394384E-02,
    8.648919549843E-02,0.120700162351,0.155854554579,0.191019956077,
    0.22552099352,0.258944151729,0.291091798271,0.321919308947,
    0.351475044446,0.379851974729,0.407153625953,0.43347490921,
    0.458900868731,0.483545347382,0.505902822615,0.530283950565,
    0.555351989471,0.581274789002,0.608140584187,0.636038742308,
    0.665070462617,0.695336577837,0.72690990423,0.759792997252,
    0.79386262098,0.828806470397,0.864066503475,0.898816439436,
    0.932013287381,0.962558356523,1.,1.025218703239),.UNSPECIFIED.);
#188 = CARTESIAN_POINT('',(0.66,0.,0.899909083395));
#189 = CARTESIAN_POINT('',(0.66,-9.861963323296E-03,0.899909084471));
#190 = CARTESIAN_POINT('',(0.66,-1.960383099012E-02,0.900333558971));
#191 = CARTESIAN_POINT('',(0.66,-2.90667633729E-02,0.901163095205));
#192 = CARTESIAN_POINT('',(0.66,-3.818473840012E-02,0.902336888075));
#193 = CARTESIAN_POINT('',(0.66,-4.697555886318E-02,0.903805406252));
#194 = CARTESIAN_POINT('',(0.66,-6.541217845247E-02,0.907588617289));
#195 = CARTESIAN_POINT('',(0.66,-7.491989955217E-02,0.909985996381));
#196 = CARTESIAN_POINT('',(0.66,-8.408858685729E-02,0.912709602459));
#197 = CARTESIAN_POINT('',(0.66,-9.29431150905E-02,0.915726339128));
#198 = CARTESIAN_POINT('',(0.66,-0.101504886237,0.919011492948));
#199 = CARTESIAN_POINT('',(0.66,-0.118958160976,0.926453793498));
#200 = CARTESIAN_POINT('',(0.66,-0.127787740677,0.930666021227));
#201 = CARTESIAN_POINT('',(0.66,-0.136306213845,0.935155972835));
#202 = CARTESIAN_POINT('',(0.66,-0.144532125259,0.939904061777));
#203 = CARTESIAN_POINT('',(0.66,-0.152479834979,0.944895594586));
#204 = CARTESIAN_POINT('',(0.66,-0.168328675181,0.955672717204));
#205 = CARTESIAN_POINT('',(0.66,-0.176194628708,0.961488338811));
#206 = CARTESIAN_POINT('',(0.66,-0.183772627725,0.967551590964));
#207 = CARTESIAN_POINT('',(0.66,-0.191071921446,0.973851630909));
#208 = CARTESIAN_POINT('',(0.66,-0.19809849539,0.980379998969));
#209 = CARTESIAN_POINT('',(0.66,-0.211800252103,0.99406561399));
#210 = CARTESIAN_POINT('',(0.66,-0.218460183619,1.001235038361));
#211 = CARTESIAN_POINT('',(0.66,-0.224839916669,1.008630424477));
#212 = CARTESIAN_POINT('',(0.66,-0.230940302033,1.016245317007));
#213 = CARTESIAN_POINT('',(0.66,-0.236759778797,1.024074009311));
#214 = CARTESIAN_POINT('',(0.66,-0.247832030244,1.040150827903));
#215 = CARTESIAN_POINT('',(0.66,-0.253084597548,1.048398894868));
#216 = CARTESIAN_POINT('',(0.66,-0.258049056373,1.056850063306));
#217 = CARTESIAN_POINT('',(0.66,-0.262719990238,1.065498702059));
#218 = CARTESIAN_POINT('',(0.66,-0.267090249501,1.07433884651));
#219 = CARTESIAN_POINT('',(0.66,-0.275134936213,1.092219038761));
#220 = CARTESIAN_POINT('',(0.66,-0.278821023102,1.101251941956));
#221 = CARTESIAN_POINT('',(0.66,-0.282200792082,1.110456832947));
#222 = CARTESIAN_POINT('',(0.66,-0.285264705632,1.119826546568));
#223 = CARTESIAN_POINT('',(0.66,-0.288002108658,1.129352827713));
#224 = CARTESIAN_POINT('',(0.66,-0.29272539517,1.148397615962));
#225 = CARTESIAN_POINT('',(0.66,-0.29473218058,1.157906910826));
#226 = CARTESIAN_POINT('',(0.66,-0.296410836061,1.167545600214));
#227 = CARTESIAN_POINT('',(0.66,-0.297750151594,1.177303530334));
#228 = CARTESIAN_POINT('',(0.66,-0.298738455802,1.187169009313));
#229 = CARTESIAN_POINT('',(0.66,-0.299964918417,1.206708514181));
#230 = CARTESIAN_POINT('',(0.66,-0.300230384291,1.216375379318));
#231 = CARTESIAN_POINT('',(0.66,-0.300149186912,1.226117491764));
#232 = CARTESIAN_POINT('',(0.66,-0.299710710819,1.235921272022));
#233 = CARTESIAN_POINT('',(0.66,-0.298904551758,1.245771471938));
#234 = CARTESIAN_POINT('',(0.66,-0.296585103724,1.265125169703));
#235 = CARTESIAN_POINT('',(0.66,-0.295102339165,1.274626258325));
#236 = CARTESIAN_POINT('',(0.66,-0.293263240337,1.284139377081));
#237 = CARTESIAN_POINT('',(0.66,-0.291059628806,1.293647957516));
#238 = CARTESIAN_POINT('',(0.66,-0.288484130363,1.303133926208));
#239 = CARTESIAN_POINT('',(0.66,-0.282698083788,1.321631884472));
#240 = CARTESIAN_POINT('',(0.66,-0.279518227914,1.330647303479));
#241 = CARTESIAN_POINT('',(0.66,-0.275984860345,1.33960658093));
#242 = CARTESIAN_POINT('',(0.66,-0.272093455342,1.348491200819));
#243 = CARTESIAN_POINT('',(0.66,-0.267840708483,1.357281511993));
#244 = CARTESIAN_POINT('',(0.66,-0.258792476906,1.374285940745));
#245 = CARTESIAN_POINT('',(0.66,-0.254025481533,1.382509111114));
#246 = CARTESIAN_POINT('',(0.66,-0.248921768643,1.390607755283));
#247 = CARTESIAN_POINT('',(0.66,-0.243480982245,1.398562700734));
#248 = CARTESIAN_POINT('',(0.66,-0.237704192262,1.406354086406));
#249 = CARTESIAN_POINT('',(0.66,-0.22571513259,1.421280378602));
#250 = CARTESIAN_POINT('',(0.66,-0.219527706492,1.428429037341));
#251 = CARTESIAN_POINT('',(0.66,-0.213033892817,1.435388992124));
#252 = CARTESIAN_POINT('',(0.66,-0.206237433156,1.442141613477));
#253 = CARTESIAN_POINT('',(0.66,-0.199143534101,1.448667989237));
#254 = CARTESIAN_POINT('',(0.66,-0.184639374507,1.46100431938));
#255 = CARTESIAN_POINT('',(0.66,-0.177249666015,1.466831638372));
#256 = CARTESIAN_POINT('',(0.66,-0.169595736209,1.472413656662));
#257 = CARTESIAN_POINT('',(0.66,-0.161685054894,1.477733175901));
#258 = CARTESIAN_POINT('',(0.66,-0.153526567249,1.482773024258));
#259 = CARTESIAN_POINT('',(0.66,-0.137020407721,1.492097753386));
#260 = CARTESIAN_POINT('',(0.66,-0.128688747003,1.496402530856));
#261 = CARTESIAN_POINT('',(0.66,-0.12014499879,1.500414878928));
#262 = CARTESIAN_POINT('',(0.66,-0.111400259626,1.504119593216));
#263 = CARTESIAN_POINT('',(0.66,-0.102467435485,1.507501774849));
#264 = CARTESIAN_POINT('',(0.66,-8.453493192811E-02,1.513498294635));
#265 = CARTESIAN_POINT('',(0.66,-7.554639694304E-02,1.516132890753));
#266 = CARTESIAN_POINT('',(0.66,-6.64085144705E-02,1.518437847791));
#267 = CARTESIAN_POINT('',(0.66,-5.713783351899E-02,1.520400106432));
#268 = CARTESIAN_POINT('',(0.66,-4.775488525608E-02,1.522007764907));
#269 = CARTESIAN_POINT('',(0.66,-2.969295309097E-02,1.524379864025));
#270 = CARTESIAN_POINT('',(0.66,-2.102888075484E-02,1.525208782901));
#271 = CARTESIAN_POINT('',(0.66,-1.231401679426E-02,1.525730893697));
#272 = CARTESIAN_POINT('',(0.66,-3.572675622322E-03,1.525941364018));
#273 = CARTESIAN_POINT('',(0.66,5.168222805428E-03,1.525838983228));
#274 = CARTESIAN_POINT('',(0.66,2.337847467049E-02,1.524978205181));
#275 = CARTESIAN_POINT('',(0.66,3.284375814827E-02,1.524161190409));
#276 = CARTESIAN_POINT('',(0.66,4.224166817951E-02,1.522980309203));
#277 = CARTESIAN_POINT('',(0.66,5.154498116248E-02,1.52144453626));
#278 = CARTESIAN_POINT('',(0.66,6.073223707979E-02,1.519565307122));
#279 = CARTESIAN_POINT('',(0.66,7.909772773064E-02,1.515080653378));
#280 = CARTESIAN_POINT('',(0.66,8.826753248322E-02,1.512456350085));
#281 = CARTESIAN_POINT('',(0.66,9.727917108862E-02,1.509494369221));
#282 = CARTESIAN_POINT('',(0.66,0.106117308319,1.506208374239));
#283 = CARTESIAN_POINT('',(0.66,0.114768939441,1.502612541932));
#284 = CARTESIAN_POINT('',(0.66,0.131966117695,1.494697909774));
#285 = CARTESIAN_POINT('',(0.66,0.140497702999,1.490358571609));
#286 = CARTESIAN_POINT('',(0.66,0.148806061897,1.485719660214));
#287 = CARTESIAN_POINT('',(0.66,0.156880650792,1.480797427009));
#288 = CARTESIAN_POINT('',(0.66,0.164712466725,1.47560826256));
#289 = CARTESIAN_POINT('',(0.66,0.180151423764,1.464531255078));
#290 = CARTESIAN_POINT('',(0.66,0.187739958872,1.458624810593));
#291 = CARTESIAN_POINT('',(0.66,0.195051326582,1.452467732556));
#292 = CARTESIAN_POINT('',(0.66,0.202078661493,1.446078253645));
#293 = CARTESIAN_POINT('',(0.66,0.208816558921,1.439474469779));
#294 = CARTESIAN_POINT('',(0.66,0.221953232148,1.425612904145));
#295 = CARTESIAN_POINT('',(0.66,0.228328983313,1.41833967682));
#296 = CARTESIAN_POINT('',(0.66,0.234383958936,1.410874731309));
#297 = CARTESIAN_POINT('',(0.66,0.240115246881,1.403237638329));
#298 = CARTESIAN_POINT('',(0.66,0.245521392347,1.395447466144));
#299 = CARTESIAN_POINT('',(0.66,0.255889855564,1.379276097975));
#300 = CARTESIAN_POINT('',(0.66,0.260825146013,1.370883681886));
#301 = CARTESIAN_POINT('',(0.66,0.265408341569,1.362366377835));
#302 = CARTESIAN_POINT('',(0.66,0.269640849736,1.353744088225));
#303 = CARTESIAN_POINT('',(0.66,0.273525413156,1.345035772328));
#304 = CARTESIAN_POINT('',(0.66,0.280757352367,1.327109961101));
#305 = CARTESIAN_POINT('',(0.66,0.284074759274,1.317886517643));
#306 = CARTESIAN_POINT('',(0.66,0.287023012024,1.308609403309));
#307 = CARTESIAN_POINT('',(0.66,0.289607802772,1.299297542852));
#308 = CARTESIAN_POINT('',(0.66,0.291835834134,1.289968498384));
#309 = CARTESIAN_POINT('',(0.66,0.295674958709,1.270905470981));
#310 = CARTESIAN_POINT('',(0.66,0.297255116553,1.261171411794));
#311 = CARTESIAN_POINT('',(0.66,0.298464074992,1.251454521799));
#312 = CARTESIAN_POINT('',(0.66,0.299311100714,1.241771401083));
#313 = CARTESIAN_POINT('',(0.66,0.299805944827,1.232137019844));
#314 = CARTESIAN_POINT('',(0.66,0.30011808361,1.212595326012));
#315 = CARTESIAN_POINT('',(0.66,0.299906283631,1.202693348802));
#316 = CARTESIAN_POINT('',(0.66,0.299334987113,1.192873693594));
#317 = CARTESIAN_POINT('',(0.66,0.298415571185,1.183149633751));
#318 = CARTESIAN_POINT('',(0.66,0.297159245916,1.173532809156));
#319 = CARTESIAN_POINT('',(0.66,0.293937772017,1.154190866917));
#320 = CARTESIAN_POINT('',(0.66,0.291948568133,1.144474505513));
#321 = CARTESIAN_POINT('',(0.66,0.289621677512,1.134895129825));
#322 = CARTESIAN_POINT('',(0.66,0.286968496105,1.125462405282));
#323 = CARTESIAN_POINT('',(0.66,0.283999580964,1.116184674916));
#324 = CARTESIAN_POINT('',(0.66,0.277365684897,1.097719334783));
#325 = CARTESIAN_POINT('',(0.66,0.273684712853,1.08854034335));
#326 = CARTESIAN_POINT('',(0.66,0.269692176119,1.079539433524));
#327 = CARTESIAN_POINT('',(0.66,0.265397048483,1.07072335418));
#328 = CARTESIAN_POINT('',(0.66,0.260806835513,1.062098154612));
#329 = CARTESIAN_POINT('',(0.66,0.251004164416,1.045163946312));
#330 = CARTESIAN_POINT('',(0.66,0.245786379559,1.036858764173));
#331 = CARTESIAN_POINT('',(0.66,0.240280407048,1.028758964174));
#332 = CARTESIAN_POINT('',(0.66,0.234490342534,1.020870115558));
#333 = CARTESIAN_POINT('',(0.66,0.228418190257,1.013198030747));
#334 = CARTESIAN_POINT('',(0.66,0.215801462132,0.998407266407));
#335 = CARTESIAN_POINT('',(0.66,0.209265037039,0.991282398269));
#336 = CARTESIAN_POINT('',(0.66,0.202454011648,0.98438004474));
#337 = CARTESIAN_POINT('',(0.66,0.195365844133,0.977707070031));
#338 = CARTESIAN_POINT('',(0.66,0.187995125017,0.971271927442));
#339 = CARTESIAN_POINT('',(0.66,0.173012685338,0.959175110633));
#340 = CARTESIAN_POINT('',(0.66,0.165426730288,0.953491920673));
#341 = CARTESIAN_POINT('',(0.66,0.157566473117,0.948044968651));
#342 = CARTESIAN_POINT('',(0.66,0.149421191466,0.9428457983));
#343 = CARTESIAN_POINT('',(0.66,0.140976348171,0.937909629891));
#344 = CARTESIAN_POINT('',(0.66,0.124148062588,0.928975570166));
#345 = CARTESIAN_POINT('',(0.66,0.115814079383,0.924934455913));
#346 = CARTESIAN_POINT('',(0.66,0.107194119667,0.921149233675));
#347 = CARTESIAN_POINT('',(0.66,9.826941158436E-02,0.91763978502));
#348 = CARTESIAN_POINT('',(0.66,8.901687105598E-02,0.914432779149));
#349 = CARTESIAN_POINT('',(0.66,6.762842160337E-02,0.908048369916));
#350 = CARTESIAN_POINT('',(0.66,5.540310162877E-02,0.905067930004));
#351 = CARTESIAN_POINT('',(0.66,4.253150709481E-02,0.902628405907));
#352 = CARTESIAN_POINT('',(0.66,2.893757304003E-02,0.900850137762));
#353 = CARTESIAN_POINT('',(0.66,1.468319780375E-02,0.899909084997));
#354 = CARTESIAN_POINT('',(0.66,0.,0.899909083395));
#355 = PLANE('',#356);
#356 = AXIS2_PLACEMENT_3D('',#357,#358,#359);
#357 = CARTESIAN_POINT('',(0.66,1.25,1.25));
#358 = DIRECTION('',(-1.,0.,0.));
#359 = DIRECTION('',(0.,0.,-1.));
#360 = ADVANCED_FACE('',(#361),#380,.T.);
#361 = FACE_BOUND('',#362,.T.);
#362 = EDGE_LOOP('',(#363,#372,#378,#379));
#363 = ORIENTED_EDGE('',*,*,#364,.T.);
#364 = EDGE_CURVE('',#365,#365,#367,.T.);
#365 = VERTEX_POINT('',#366);
#366 = CARTESIAN_POINT('',(5.385,1.125,1.25));
#367 = CIRCLE('',#368,1.125);
#368 = AXIS2_PLACEMENT_3D('',#369,#370,#371);
#369 = CARTESIAN_POINT('',(5.385,0.,1.25));
#370 = DIRECTION('',(-1.,0.,0.));
#371 = DIRECTION('',(0.,1.,0.));
#372 = ORIENTED_EDGE('',*,*,#373,.F.);
#373 = EDGE_CURVE('',#165,#365,#374,.T.);
#374 = LINE('',#375,#376);
#375 = CARTESIAN_POINT('',(0.66,1.125,1.25));
#376 = VECTOR('',#377,1.);
#377 = DIRECTION('',(1.,0.,0.));
#378 = ORIENTED_EDGE('',*,*,#164,.F.);
#379 = ORIENTED_EDGE('',*,*,#373,.T.);
#380 = CYLINDRICAL_SURFACE('',#381,1.125);
#381 = AXIS2_PLACEMENT_3D('',#382,#383,#384);
#382 = CARTESIAN_POINT('',(0.66,0.,1.25));
#383 = DIRECTION('',(-1.,-0.,-0.));
#384 = DIRECTION('',(0.,1.,0.));
#385 = ADVANCED_FACE('',(#386),#406,.T.);
#386 = FACE_BOUND('',#387,.T.);
#387 = EDGE_LOOP('',(#388,#397,#404,#405));
#388 = ORIENTED_EDGE('',*,*,#389,.T.);
#389 = EDGE_CURVE('',#390,#390,#392,.T.);
#390 = VERTEX_POINT('',#391);
#391 = CARTESIAN_POINT('',(0.3,0.,0.35));
#392 = CIRCLE('',#393,0.3);
#393 = AXIS2_PLACEMENT_3D('',#394,#395,#396);
#394 = CARTESIAN_POINT('',(0.,0.,0.35));
#395 = DIRECTION('',(0.,0.,1.));
#396 = DIRECTION('',(1.,0.,-0.));
#397 = ORIENTED_EDGE('',*,*,#398,.T.);
#398 = EDGE_CURVE('',#390,#185,#399,.T.);
#399 = CIRCLE('',#400,0.6);
#400 = AXIS2_PLACEMENT_3D('',#401,#402,#403);
#401 = CARTESIAN_POINT('',(0.9,1.102182119233E-16,0.35));
#402 = DIRECTION('',(0.,1.,-0.));
#403 = DIRECTION('',(-1.,0.,4.93432455389E-16));
#404 = ORIENTED_EDGE('',*,*,#184,.T.);
#405 = ORIENTED_EDGE('',*,*,#398,.F.);
#406 = TOROIDAL_SURFACE('',#407,0.9,0.3);
#407 = AXIS2_PLACEMENT_3D('',#408,#409,#410);
#408 = CARTESIAN_POINT('',(0.9,0.,0.35));
#409 = DIRECTION('',(0.,1.,0.));
#410 = DIRECTION('',(-1.,0.,4.93432455389E-16));
#411 = ADVANCED_FACE('',(#412,#423),#426,.T.);
#412 = FACE_BOUND('',#413,.T.);
#413 = EDGE_LOOP('',(#414));
#414 = ORIENTED_EDGE('',*,*,#415,.F.);
#415 = EDGE_CURVE('',#416,#416,#418,.T.);
#416 = VERTEX_POINT('',#417);
#417 = CARTESIAN_POINT('',(5.385,1.25,1.25));
#418 = CIRCLE('',#419,1.25);
#419 = AXIS2_PLACEMENT_3D('',#420,#421,#422);
#420 = CARTESIAN_POINT('',(5.385,0.,1.25));
#421 = DIRECTION('',(1.,0.,0.));
#422 = DIRECTION('',(-0.,1.,0.));
#423 = FACE_BOUND('',#424,.T.);
#424 = EDGE_LOOP('',(#425));
#425 = ORIENTED_EDGE('',*,*,#364,.F.);
#426 = PLANE('',#427);
#427 = AXIS2_PLACEMENT_3D('',#428,#429,#430);
#428 = CARTESIAN_POINT('',(5.385,1.25,1.25));
#429 = DIRECTION('',(-1.,0.,0.));
#430 = DIRECTION('',(0.,0.,-1.));
#431 = ADVANCED_FACE('',(#432),#451,.T.);
#432 = FACE_BOUND('',#433,.T.);
#433 = EDGE_LOOP('',(#434,#442,#443,#444));
#434 = ORIENTED_EDGE('',*,*,#435,.T.);
#435 = EDGE_CURVE('',#436,#390,#438,.T.);
#436 = VERTEX_POINT('',#437);
#437 = CARTESIAN_POINT('',(0.3,-7.347880794884E-17,-3.));
#438 = LINE('',#439,#440);
#439 = CARTESIAN_POINT('',(0.3,0.,-3.));
#440 = VECTOR('',#441,1.);
#441 = DIRECTION('',(0.,0.,1.));
#442 = ORIENTED_EDGE('',*,*,#389,.F.);
#443 = ORIENTED_EDGE('',*,*,#435,.F.);
#444 = ORIENTED_EDGE('',*,*,#445,.T.);
#445 = EDGE_CURVE('',#436,#436,#446,.T.);
#446 = CIRCLE('',#447,0.3);
#447 = AXIS2_PLACEMENT_3D('',#448,#449,#450);
#448 = CARTESIAN_POINT('',(0.,0.,-3.));
#449 = DIRECTION('',(0.,0.,1.));
#450 = DIRECTION('',(1.,0.,-0.));
#451 = CYLINDRICAL_SURFACE('',#452,0.3);
#452 = AXIS2_PLACEMENT_3D('',#453,#454,#455);
#453 = CARTESIAN_POINT('',(0.,0.,-3.));
#454 = DIRECTION('',(0.,0.,1.));
#455 = DIRECTION('',(1.,0.,-0.));
#456 = ADVANCED_FACE('',(#457),#476,.T.);
#457 = FACE_BOUND('',#458,.T.);
#458 = EDGE_LOOP('',(#459,#460,#468,#475));
#459 = ORIENTED_EDGE('',*,*,#415,.T.);
#460 = ORIENTED_EDGE('',*,*,#461,.T.);
#461 = EDGE_CURVE('',#416,#462,#464,.T.);
#462 = VERTEX_POINT('',#463);
#463 = CARTESIAN_POINT('',(6.335,1.25,1.25));
#464 = LINE('',#465,#466);
#465 = CARTESIAN_POINT('',(5.385,1.25,1.25));
#466 = VECTOR('',#467,1.);
#467 = DIRECTION('',(1.,0.,0.));
#468 = ORIENTED_EDGE('',*,*,#469,.F.);
#469 = EDGE_CURVE('',#462,#462,#470,.T.);
#470 = CIRCLE('',#471,1.25);
#471 = AXIS2_PLACEMENT_3D('',#472,#473,#474);
#472 = CARTESIAN_POINT('',(6.335,0.,1.25));
#473 = DIRECTION('',(1.,0.,0.));
#474 = DIRECTION('',(-0.,1.,0.));
#475 = ORIENTED_EDGE('',*,*,#461,.F.);
#476 = CYLINDRICAL_SURFACE('',#477,1.25);
#477 = AXIS2_PLACEMENT_3D('',#478,#479,#480);
#478 = CARTESIAN_POINT('',(5.385,0.,1.25));
#479 = DIRECTION('',(-1.,-0.,-0.));
#480 = DIRECTION('',(0.,1.,0.));
#481 = ADVANCED_FACE('',(#482),#485,.T.);
#482 = FACE_BOUND('',#483,.F.);
#483 = EDGE_LOOP('',(#484));
#484 = ORIENTED_EDGE('',*,*,#445,.T.);
#485 = PLANE('',#486);
#486 = AXIS2_PLACEMENT_3D('',#487,#488,#489);
#487 = CARTESIAN_POINT('',(0.3,0.,-3.));
#488 = DIRECTION('',(0.,0.,-1.));
#489 = DIRECTION('',(-1.,0.,0.));
#490 = ADVANCED_FACE('',(#491),#511,.T.);
#491 = FACE_BOUND('',#492,.T.);
#492 = EDGE_LOOP('',(#493,#502,#503,#504));
#493 = ORIENTED_EDGE('',*,*,#494,.F.);
#494 = EDGE_CURVE('',#462,#495,#497,.T.);
#495 = VERTEX_POINT('',#496);
#496 = CARTESIAN_POINT('',(6.96,0.625,1.25));
#497 = CIRCLE('',#498,0.625);
#498 = AXIS2_PLACEMENT_3D('',#499,#500,#501);
#499 = CARTESIAN_POINT('',(6.335,0.625,1.25));
#500 = DIRECTION('',(0.,0.,-1.));
#501 = DIRECTION('',(0.,1.,0.));
#502 = ORIENTED_EDGE('',*,*,#469,.T.);
#503 = ORIENTED_EDGE('',*,*,#494,.T.);
#504 = ORIENTED_EDGE('',*,*,#505,.F.);
#505 = EDGE_CURVE('',#495,#495,#506,.T.);
#506 = CIRCLE('',#507,0.625);
#507 = AXIS2_PLACEMENT_3D('',#508,#509,#510);
#508 = CARTESIAN_POINT('',(6.96,0.,1.25));
#509 = DIRECTION('',(1.,0.,0.));
#510 = DIRECTION('',(-0.,1.,0.));
#511 = TOROIDAL_SURFACE('',#512,0.625,0.625);
#512 = AXIS2_PLACEMENT_3D('',#513,#514,#515);
#513 = CARTESIAN_POINT('',(6.335,0.,1.25));
#514 = DIRECTION('',(1.,0.,0.));
#515 = DIRECTION('',(-0.,1.,0.));
#516 = ADVANCED_FACE('',(#517,#520),#694,.F.);
#517 = FACE_BOUND('',#518,.F.);
#518 = EDGE_LOOP('',(#519));
#519 = ORIENTED_EDGE('',*,*,#505,.F.);
#520 = FACE_BOUND('',#521,.F.);
#521 = EDGE_LOOP('',(#522));
#522 = ORIENTED_EDGE('',*,*,#523,.F.);
#523 = EDGE_CURVE('',#524,#524,#526,.T.);
#524 = VERTEX_POINT('',#525);
#525 = CARTESIAN_POINT('',(6.96,1.102182119233E-16,0.899909083395));
#526 = B_SPLINE_CURVE_WITH_KNOTS('',6,(#527,#528,#529,#530,#531,#532,
    #533,#534,#535,#536,#537,#538,#539,#540,#541,#542,#543,#544,#545,
    #546,#547,#548,#549,#550,#551,#552,#553,#554,#555,#556,#557,#558,
    #559,#560,#561,#562,#563,#564,#565,#566,#567,#568,#569,#570,#571,
    #572,#573,#574,#575,#576,#577,#578,#579,#580,#581,#582,#583,#584,
    #585,#586,#587,#588,#589,#590,#591,#592,#593,#594,#595,#596,#597,
    #598,#599,#600,#601,#602,#603,#604,#605,#606,#607,#608,#609,#610,
    #611,#612,#613,#614,#615,#616,#617,#618,#619,#620,#621,#622,#623,
    #624,#625,#626,#627,#628,#629,#630,#631,#632,#633,#634,#635,#636,
    #637,#638,#639,#640,#641,#642,#643,#644,#645,#646,#647,#648,#649,
    #650,#651,#652,#653,#654,#655,#656,#657,#658,#659,#660,#661,#662,
    #663,#664,#665,#666,#667,#668,#669,#670,#671,#672,#673,#674,#675,
    #676,#677,#678,#679,#680,#681,#682,#683,#684,#685,#686,#687,#688,
    #689,#690,#691,#692,#693),.UNSPECIFIED.,.T.,.F.,(1,6,5,5,5,5,5,5,5,5
    ,5,5,5,5,5,5,5,5,5,5,5,5,5,5,5,5,5,5,5,5,5,5,5,5,6,1),(
    -3.7454922963E-02,0.,2.522151735631E-02,5.431626764274E-02,
    8.648932873413E-02,0.120698905604,0.15585219498,0.191016701755,
    0.225517033144,0.258939642143,0.291086884381,0.32191412294,
    0.351469698498,0.379846555914,0.407148198058,0.433469525493,
    0.458895614127,0.483540398702,0.505898369155,0.530279933853,
    0.555348100008,0.581270886766,0.608136607836,0.636034631737,
    0.665066137875,0.695331933304,0.726904811218,0.759787311372,
    0.793856187529,0.828799116201,0.864057997078,0.898806507422,
    0.932001552493,0.962545077037,1.,1.025221517356),.UNSPECIFIED.);
#527 = CARTESIAN_POINT('',(6.96,0.,0.899909083395));
#528 = CARTESIAN_POINT('',(6.96,-9.860167462582E-03,0.89990896861));
#529 = CARTESIAN_POINT('',(6.96,-1.96044152314E-02,0.900333777569));
#530 = CARTESIAN_POINT('',(6.96,-2.906856746895E-02,0.901162791225));
#531 = CARTESIAN_POINT('',(6.96,-3.818494668051E-02,0.902337445313));
#532 = CARTESIAN_POINT('',(6.96,-4.697397432956E-02,0.903804960014));
#533 = CARTESIAN_POINT('',(6.96,-6.54122858756E-02,0.907588661461));
#534 = CARTESIAN_POINT('',(6.96,-7.491985816654E-02,0.909985989386));
#535 = CARTESIAN_POINT('',(6.96,-8.408849098391E-02,0.912709553602));
#536 = CARTESIAN_POINT('',(6.96,-9.294310465939E-02,0.915726321464));
#537 = CARTESIAN_POINT('',(6.96,-0.10150496885,0.919011549987));
#538 = CARTESIAN_POINT('',(6.96,-0.118958221281,0.926453836747));
#539 = CARTESIAN_POINT('',(6.96,-0.127787715696,0.930666010737));
#540 = CARTESIAN_POINT('',(6.96,-0.136306161655,0.935155928941));
#541 = CARTESIAN_POINT('',(6.96,-0.144532121634,0.939904049757));
#542 = CARTESIAN_POINT('',(6.96,-0.152479877126,0.944895641374));
#543 = CARTESIAN_POINT('',(6.96,-0.168328600516,0.955672815412));
#544 = CARTESIAN_POINT('',(6.96,-0.176194773963,0.961488214941));
#545 = CARTESIAN_POINT('',(6.96,-0.183772608747,0.967551566344));
#546 = CARTESIAN_POINT('',(6.96,-0.191071765541,0.973851742068));
#547 = CARTESIAN_POINT('',(6.96,-0.198098606692,0.980379951052));
#548 = CARTESIAN_POINT('',(6.96,-0.211800202804,0.994065659178));
#549 = CARTESIAN_POINT('',(6.96,-0.218460270558,1.001234983766));
#550 = CARTESIAN_POINT('',(6.96,-0.224839910615,1.00863041136));
#551 = CARTESIAN_POINT('',(6.96,-0.230940211566,1.016245364777));
#552 = CARTESIAN_POINT('',(6.96,-0.236759839456,1.024073990789));
#553 = CARTESIAN_POINT('',(6.96,-0.247832003876,1.040150861324));
#554 = CARTESIAN_POINT('',(6.96,-0.253084568675,1.048398903269));
#555 = CARTESIAN_POINT('',(6.96,-0.258049049185,1.05685004652));
#556 = CARTESIAN_POINT('',(6.96,-0.2627200155,1.065498685566));
#557 = CARTESIAN_POINT('',(6.96,-0.267090290802,1.074338848812));
#558 = CARTESIAN_POINT('',(6.96,-0.275134913375,1.092219064394));
#559 = CARTESIAN_POINT('',(6.96,-0.278821000575,1.10125194666));
#560 = CARTESIAN_POINT('',(6.96,-0.282200788118,1.110456818481));
#561 = CARTESIAN_POINT('',(6.96,-0.285264726102,1.119826534893));
#562 = CARTESIAN_POINT('',(6.96,-0.288002139566,1.129352832871));
#563 = CARTESIAN_POINT('',(6.96,-0.292725370416,1.148397637921));
#564 = CARTESIAN_POINT('',(6.96,-0.29473215882,1.157906911838));
#565 = CARTESIAN_POINT('',(6.96,-0.296410834199,1.16754558505));
#566 = CARTESIAN_POINT('',(6.96,-0.297750172302,1.177303521997));
#567 = CARTESIAN_POINT('',(6.96,-0.298738484134,1.187169019587));
#568 = CARTESIAN_POINT('',(6.96,-0.29996489055,1.20670853133));
#569 = CARTESIAN_POINT('',(6.96,-0.300230362775,1.216375375657));
#570 = CARTESIAN_POINT('',(6.96,-0.300149187552,1.22611747583));
#571 = CARTESIAN_POINT('',(6.96,-0.299710732489,1.235921267953));
#572 = CARTESIAN_POINT('',(6.96,-0.298904577874,1.245771488577));
#573 = CARTESIAN_POINT('',(6.96,-0.296585075031,1.265125180201));
#574 = CARTESIAN_POINT('',(6.96,-0.295102319855,1.27462625024));
#575 = CARTESIAN_POINT('',(6.96,-0.293263243612,1.284139361954));
#576 = CARTESIAN_POINT('',(6.96,-0.29105964956,1.293647958229));
#577 = CARTESIAN_POINT('',(6.96,-0.288484151749,1.303133947704));
#578 = CARTESIAN_POINT('',(6.96,-0.282698057797,1.321631888118));
#579 = CARTESIAN_POINT('',(6.96,-0.279518212828,1.330647292743));
#580 = CARTESIAN_POINT('',(6.96,-0.275984865526,1.339606568389));
#581 = CARTESIAN_POINT('',(6.96,-0.27209347283,1.348491205415));
#582 = CARTESIAN_POINT('',(6.96,-0.26784072321,1.357281534804));
#583 = CARTESIAN_POINT('',(6.96,-0.258792456003,1.374285939199));
#584 = CARTESIAN_POINT('',(6.96,-0.254025471274,1.382509099941));
#585 = CARTESIAN_POINT('',(6.96,-0.248921774536,1.390607746147));
#586 = CARTESIAN_POINT('',(6.96,-0.24348099529,1.398562707415));
#587 = CARTESIAN_POINT('',(6.96,-0.237704200488,1.406354107177));
#588 = CARTESIAN_POINT('',(6.96,-0.225715116467,1.421280374005));
#589 = CARTESIAN_POINT('',(6.96,-0.219527700064,1.428429026844));
#590 = CARTESIAN_POINT('',(6.96,-0.213033898729,1.435388985848));
#591 = CARTESIAN_POINT('',(6.96,-0.206237442407,1.442141620875));
#592 = CARTESIAN_POINT('',(6.96,-0.199143537578,1.448668007007));
#593 = CARTESIAN_POINT('',(6.96,-0.184639358866,1.461004311837));
#594 = CARTESIAN_POINT('',(6.96,-0.177249661366,1.46683162664));
#595 = CARTESIAN_POINT('',(6.96,-0.169595743404,1.472413651413));
#596 = CARTESIAN_POINT('',(6.96,-0.161685063001,1.477733185029));
#597 = CARTESIAN_POINT('',(6.96,-0.153526567552,1.482773042789));
#598 = CARTESIAN_POINT('',(6.96,-0.137020377957,1.492097733275));
#599 = CARTESIAN_POINT('',(6.96,-0.128688741655,1.496402506097));
#600 = CARTESIAN_POINT('',(6.96,-0.120145015698,1.500414870926));
#601 = CARTESIAN_POINT('',(6.96,-0.111400273136,1.504119613979));
#602 = CARTESIAN_POINT('',(6.96,-0.102467429294,1.507501811642));
#603 = CARTESIAN_POINT('',(6.96,-8.453487359643E-02,1.513498183633));
#604 = CARTESIAN_POINT('',(6.96,-7.554644720911E-02,1.51613308184));
#605 = CARTESIAN_POINT('',(6.96,-6.640854708582E-02,1.518437839156));
#606 = CARTESIAN_POINT('',(6.96,-5.713780068804E-02,1.520399910874));
#607 = CARTESIAN_POINT('',(6.96,-4.775487845774E-02,1.522007893513));
#608 = CARTESIAN_POINT('',(6.96,-2.969292548283E-02,1.52437977876));
#609 = CARTESIAN_POINT('',(6.96,-2.102889094976E-02,1.525208924822));
#610 = CARTESIAN_POINT('',(6.96,-1.231404153143E-02,1.525730890851));
#611 = CARTESIAN_POINT('',(6.96,-3.572679276074E-03,1.525941220805));
#612 = CARTESIAN_POINT('',(6.96,5.168243033088E-03,1.52583907475));
#613 = CARTESIAN_POINT('',(6.96,2.337844678287E-02,1.524978413229));
#614 = CARTESIAN_POINT('',(6.96,3.284373024997E-02,1.524160868463));
#615 = CARTESIAN_POINT('',(6.96,4.224172239025E-02,1.522980299422));
#616 = CARTESIAN_POINT('',(6.96,5.154503802108E-02,1.521444853212));
#617 = CARTESIAN_POINT('',(6.96,6.073215666605E-02,1.519565119195));
#618 = CARTESIAN_POINT('',(6.96,7.909771199475E-02,1.515080715405));
#619 = CARTESIAN_POINT('',(6.96,8.82675531125E-02,1.512456387335));
#620 = CARTESIAN_POINT('',(6.96,9.727920151967E-02,1.509494357792));
#621 = CARTESIAN_POINT('',(6.96,0.106117302403,1.506208331254));
#622 = CARTESIAN_POINT('',(6.96,0.114768890523,1.502612503667));
#623 = CARTESIAN_POINT('',(6.96,0.1319661163,1.494697932395));
#624 = CARTESIAN_POINT('',(6.96,0.140497712216,1.490358583428));
#625 = CARTESIAN_POINT('',(6.96,0.148806071355,1.485719654426));
#626 = CARTESIAN_POINT('',(6.96,0.156880646133,1.480797412311));
#627 = CARTESIAN_POINT('',(6.96,0.164712447986,1.475608252032));
#628 = CARTESIAN_POINT('',(6.96,0.180151425777,1.46453127229));
#629 = CARTESIAN_POINT('',(6.96,0.187739967164,1.45862481836));
#630 = CARTESIAN_POINT('',(6.96,0.195051332691,1.452467727028));
#631 = CARTESIAN_POINT('',(6.96,0.20207865613,1.446078243141));
#632 = CARTESIAN_POINT('',(6.96,0.208816543867,1.439474464151));
#633 = CARTESIAN_POINT('',(6.96,0.221953238059,1.425612923524));
#634 = CARTESIAN_POINT('',(6.96,0.228328994524,1.418339683896));
#635 = CARTESIAN_POINT('',(6.96,0.234383964852,1.410874723556));
#636 = CARTESIAN_POINT('',(6.96,0.240115238483,1.403237627432));
#637 = CARTESIAN_POINT('',(6.96,0.245521373748,1.395447463058));
#638 = CARTESIAN_POINT('',(6.96,0.25588986733,1.379276120213));
#639 = CARTESIAN_POINT('',(6.96,0.260825161615,1.370883687614));
#640 = CARTESIAN_POINT('',(6.96,0.265408347201,1.362366366749));
#641 = CARTESIAN_POINT('',(6.96,0.269640836772,1.353744077057));
#642 = CARTESIAN_POINT('',(6.96,0.273525389215,1.345035773446));
#643 = CARTESIAN_POINT('',(6.96,0.280757370989,1.327109983642));
#644 = CARTESIAN_POINT('',(6.96,0.284074778857,1.317886520225));
#645 = CARTESIAN_POINT('',(6.96,0.28702301626,1.308609389122));
#646 = CARTESIAN_POINT('',(6.96,0.289607785113,1.29929753334));
#647 = CARTESIAN_POINT('',(6.96,0.291835806202,1.289968505808));
#648 = CARTESIAN_POINT('',(6.96,0.295674983107,1.270905490066));
#649 = CARTESIAN_POINT('',(6.96,0.297255138129,1.261171409814));
#650 = CARTESIAN_POINT('',(6.96,0.298464076807,1.251454505978));
#651 = CARTESIAN_POINT('',(6.96,0.299311079865,1.241771395371));
#652 = CARTESIAN_POINT('',(6.96,0.299805916194,1.232137034265));
#653 = CARTESIAN_POINT('',(6.96,0.300118111197,1.212595339038));
#654 = CARTESIAN_POINT('',(6.96,0.299906304864,1.202693342182));
#655 = CARTESIAN_POINT('',(6.96,0.299334986276,1.192873677979));
#656 = CARTESIAN_POINT('',(6.96,0.298415549391,1.183149632812));
#657 = CARTESIAN_POINT('',(6.96,0.29715921972,1.173532829284));
#658 = CARTESIAN_POINT('',(6.96,0.293937801394,1.154190874));
#659 = CARTESIAN_POINT('',(6.96,0.291948588365,1.144474495238));
#660 = CARTESIAN_POINT('',(6.96,0.28962167445,1.134895115228));
#661 = CARTESIAN_POINT('',(6.96,0.286968474246,1.125462408515));
#662 = CARTESIAN_POINT('',(6.96,0.283999557728,1.116184698885));
#663 = CARTESIAN_POINT('',(6.96,0.277365720041,1.097719338125));
#664 = CARTESIAN_POINT('',(6.96,0.273684735103,1.088540329457));
#665 = CARTESIAN_POINT('',(6.96,0.269692170683,1.079539418357));
#666 = CARTESIAN_POINT('',(6.96,0.265397023465,1.070723360764));
#667 = CARTESIAN_POINT('',(6.96,0.260806811571,1.062098183552));
#668 = CARTESIAN_POINT('',(6.96,0.251004219697,1.045163947022));
#669 = CARTESIAN_POINT('',(6.96,0.245786411547,1.036858741787));
#670 = CARTESIAN_POINT('',(6.96,0.240280395782,1.028758943151));
#671 = CARTESIAN_POINT('',(6.96,0.234490304979,1.02087012779));
#672 = CARTESIAN_POINT('',(6.96,0.22841815861,1.013198074729));
#673 = CARTESIAN_POINT('',(6.96,0.215801547815,0.998407234883));
#674 = CARTESIAN_POINT('',(6.96,0.209264913083,0.99128247471));
#675 = CARTESIAN_POINT('',(6.96,0.202454000094,0.984380026053));
#676 = CARTESIAN_POINT('',(6.96,0.195365961507,0.977706983911));
#677 = CARTESIAN_POINT('',(6.96,0.187995061392,0.971271997058));
#678 = CARTESIAN_POINT('',(6.96,0.173012837564,0.959175029375));
#679 = CARTESIAN_POINT('',(6.96,0.165426529007,0.953492099376));
#680 = CARTESIAN_POINT('',(6.96,0.157566437944,0.948044934321));
#681 = CARTESIAN_POINT('',(6.96,0.149421373308,0.942845601948));
#682 = CARTESIAN_POINT('',(6.96,0.140976264593,0.937909781461));
#683 = CARTESIAN_POINT('',(6.96,0.124148131162,0.928975627958));
#684 = CARTESIAN_POINT('',(6.96,0.115814071992,0.924934439518));
#685 = CARTESIAN_POINT('',(6.96,0.107194037794,0.921149181784));
#686 = CARTESIAN_POINT('',(6.96,9.826937450524E-02,0.917639774974));
#687 = CARTESIAN_POINT('',(6.96,8.901696421491E-02,0.914432828225));
#688 = CARTESIAN_POINT('',(6.96,6.762356037127E-02,0.908046964389));
#689 = CARTESIAN_POINT('',(6.96,5.540377745077E-02,0.905068595899));
#690 = CARTESIAN_POINT('',(6.96,4.253681255711E-02,0.902629529668));
#691 = CARTESIAN_POINT('',(6.96,2.893994360873E-02,0.900849442899));
#692 = CARTESIAN_POINT('',(6.96,1.46772221458E-02,0.899909046356));
#693 = CARTESIAN_POINT('',(6.96,0.,0.899909083395));
#694 = PLANE('',#695);
#695 = AXIS2_PLACEMENT_3D('',#696,#697,#698);
#696 = CARTESIAN_POINT('',(6.96,1.25,1.25));
#697 = DIRECTION('',(-1.,0.,0.));
#698 = DIRECTION('',(0.,0.,-1.));
#699 = ADVANCED_FACE('',(#700),#720,.T.);
#700 = FACE_BOUND('',#701,.T.);
#701 = EDGE_LOOP('',(#702,#703,#712,#719));
#702 = ORIENTED_EDGE('',*,*,#523,.F.);
#703 = ORIENTED_EDGE('',*,*,#704,.T.);
#704 = EDGE_CURVE('',#524,#705,#707,.T.);
#705 = VERTEX_POINT('',#706);
#706 = CARTESIAN_POINT('',(7.32,0.,0.35));
#707 = CIRCLE('',#708,0.6);
#708 = AXIS2_PLACEMENT_3D('',#709,#710,#711);
#709 = CARTESIAN_POINT('',(6.72,1.102182119233E-16,0.35));
#710 = DIRECTION('',(0.,1.,0.));
#711 = DIRECTION('',(0.,-0.,1.));
#712 = ORIENTED_EDGE('',*,*,#713,.T.);
#713 = EDGE_CURVE('',#705,#705,#714,.T.);
#714 = CIRCLE('',#715,0.3);
#715 = AXIS2_PLACEMENT_3D('',#716,#717,#718);
#716 = CARTESIAN_POINT('',(7.62,0.,0.35));
#717 = DIRECTION('',(3.828568698927E-16,-0.,1.));
#718 = DIRECTION('',(1.,0.,-3.828568698927E-16));
#719 = ORIENTED_EDGE('',*,*,#704,.F.);
#720 = TOROIDAL_SURFACE('',#721,0.9,0.3);
#721 = AXIS2_PLACEMENT_3D('',#722,#723,#724);
#722 = CARTESIAN_POINT('',(6.72,0.,0.35));
#723 = DIRECTION('',(0.,1.,0.));
#724 = DIRECTION('',(0.,-0.,1.));
#725 = ADVANCED_FACE('',(#726),#745,.T.);
#726 = FACE_BOUND('',#727,.T.);
#727 = EDGE_LOOP('',(#728,#736,#743,#744));
#728 = ORIENTED_EDGE('',*,*,#729,.T.);
#729 = EDGE_CURVE('',#705,#730,#732,.T.);
#730 = VERTEX_POINT('',#731);
#731 = CARTESIAN_POINT('',(7.32,-7.347880794884E-17,-3.));
#732 = LINE('',#733,#734);
#733 = CARTESIAN_POINT('',(7.32,0.,0.35));
#734 = VECTOR('',#735,1.);
#735 = DIRECTION('',(0.,0.,-1.));
#736 = ORIENTED_EDGE('',*,*,#737,.F.);
#737 = EDGE_CURVE('',#730,#730,#738,.T.);
#738 = CIRCLE('',#739,0.3);
#739 = AXIS2_PLACEMENT_3D('',#740,#741,#742);
#740 = CARTESIAN_POINT('',(7.62,0.,-3.));
#741 = DIRECTION('',(0.,0.,-1.));
#742 = DIRECTION('',(-1.,0.,0.));
#743 = ORIENTED_EDGE('',*,*,#729,.F.);
#744 = ORIENTED_EDGE('',*,*,#713,.F.);
#745 = CYLINDRICAL_SURFACE('',#746,0.3);
#746 = AXIS2_PLACEMENT_3D('',#747,#748,#749);
#747 = CARTESIAN_POINT('',(7.62,0.,0.35));
#748 = DIRECTION('',(0.,0.,-1.));
#749 = DIRECTION('',(-1.,0.,0.));
#750 = ADVANCED_FACE('',(#751),#754,.F.);
#751 = FACE_BOUND('',#752,.T.);
#752 = EDGE_LOOP('',(#753));
#753 = ORIENTED_EDGE('',*,*,#737,.T.);
#754 = PLANE('',#755);
#755 = AXIS2_PLACEMENT_3D('',#756,#757,#758);
#756 = CARTESIAN_POINT('',(7.32,0.,-3.));
#757 = DIRECTION('',(0.,0.,1.));
#758 = DIRECTION('',(1.,0.,-0.));
#759 = ( GEOMETRIC_REPRESENTATION_CONTEXT(3) 
GLOBAL_UNCERTAINTY_ASSIGNED_CONTEXT((#763)) GLOBAL_UNIT_ASSIGNED_CONTEXT
((#760,#761,#762)) REPRESENTATION_CONTEXT('Context #1',
  '3D Context with UNIT and UNCERTAINTY') );
#760 = ( LENGTH_UNIT() NAMED_UNIT(*) SI_UNIT(.MILLI.,.METRE.) );
#761 = ( NAMED_UNIT(*) PLANE_ANGLE_UNIT() SI_UNIT($,.RADIAN.) );
#762 = ( NAMED_UNIT(*) SI_UNIT($,.STERADIAN.) SOLID_ANGLE_UNIT() );
#763 = UNCERTAINTY_MEASURE_WITH_UNIT(LENGTH_MEASURE(1.E-07),#760,
  'distance_accuracy_value','confusion accuracy');
#764 = CONTEXT_DEPENDENT_SHAPE_REPRESENTATION(#765,#767);
#765 = ( REPRESENTATION_RELATIONSHIP('','',#95,#72) 
REPRESENTATION_RELATIONSHIP_WITH_TRANSFORMATION(#766) 
SHAPE_REPRESENTATION_RELATIONSHIP() );
#766 = ITEM_DEFINED_TRANSFORMATION('','',#11,#73);
#767 = PRODUCT_DEFINITION_SHAPE('Placement','Placement of an item',#768
  );
#768 = NEXT_ASSEMBLY_USAGE_OCCURRENCE('1','=>[0:1:1:3]','',#67,#90,$);
#769 = PRODUCT_RELATED_PRODUCT_CATEGORY('part',$,(#92));
#770 = SHAPE_DEFINITION_REPRESENTATION(#771,#777);
#771 = PRODUCT_DEFINITION_SHAPE('','',#772);
#772 = PRODUCT_DEFINITION('design','',#773,#776);
#773 = PRODUCT_DEFINITION_FORMATION('','',#774);
#774 = PRODUCT('C_Disc_D5.0mm_W2.5mm_P2.50mm',
  'C_Disc_D5.0mm_W2.5mm_P2.50mm','',(#775));
#775 = PRODUCT_CONTEXT('',#2,'mechanical');
#776 = PRODUCT_DEFINITION_CONTEXT('part definition',#2,'design');
#777 = SHAPE_REPRESENTATION('',(#11,#778),#782);
#778 = AXIS2_PLACEMENT_3D('',#779,#780,#781);
#779 = CARTESIAN_POINT('',(0.,0.,0.));
#780 = DIRECTION('',(0.,0.,1.));
#781 = DIRECTION('',(1.,0.,-0.));
#782 = ( GEOMETRIC_REPRESENTATION_CONTEXT(3) 
GLOBAL_UNCERTAINTY_ASSIGNED_CONTEXT((#786)) GLOBAL_UNIT_ASSIGNED_CONTEXT
((#783,#784,#785)) REPRESENTATION_CONTEXT('Context #1',
  '3D Context with UNIT and UNCERTAINTY') );
#783 = ( LENGTH_UNIT() NAMED_UNIT(*) SI_UNIT(.MILLI.,.METRE.) );
#784 = ( NAMED_UNIT(*) PLANE_ANGLE_UNIT() SI_UNIT($,.RADIAN.) );
#785 = ( NAMED_UNIT(*) SI_UNIT($,.STERADIAN.) SOLID_ANGLE_UNIT() );
#786 = UNCERTAINTY_MEASURE_WITH_UNIT(LENGTH_MEASURE(2.E-07),#783,
  'distance_accuracy_value','confusion accuracy');
#787 = CONTEXT_DEPENDENT_SHAPE_REPRESENTATION(#788,#790);
#788 = ( REPRESENTATION_RELATIONSHIP('','',#777,#10) 
REPRESENTATION_RELATIONSHIP_WITH_TRANSFORMATION(#789) 
SHAPE_REPRESENTATION_RELATIONSHIP() );
#789 = ITEM_DEFINED_TRANSFORMATION('','',#11,#19);
#790 = PRODUCT_DEFINITION_SHAPE('Placement','Placement of an item',#791
  );
#791 = NEXT_ASSEMBLY_USAGE_OCCURRENCE('4','C3','',#5,#772,$);
#792 = PRODUCT_RELATED_PRODUCT_CATEGORY('part',$,(#774));
#793 = SHAPE_DEFINITION_REPRESENTATION(#794,#800);
#794 = PRODUCT_DEFINITION_SHAPE('','',#795);
#795 = PRODUCT_DEFINITION('design','',#796,#799);
#796 = PRODUCT_DEFINITION_FORMATION('','',#797);
#797 = PRODUCT('C_Disc_D50mm_W25mm_P250mm','C_Disc_D50mm_W25mm_P250mm',
  '',(#798));
#798 = PRODUCT_CONTEXT('',#2,'mechanical');
#799 = PRODUCT_DEFINITION_CONTEXT('part definition',#2,'design');
#800 = ADVANCED_BREP_SHAPE_REPRESENTATION('',(#11,#801),#1173);
#801 = MANIFOLD_SOLID_BREP('',#802);
#802 = CLOSED_SHELL('',(#803,#820,#954,#1055,#1137,#1164));
#803 = ADVANCED_FACE('',(#804),#815,.T.);
#804 = FACE_BOUND('',#805,.F.);
#805 = EDGE_LOOP('',(#806));
#806 = ORIENTED_EDGE('',*,*,#807,.T.);
#807 = EDGE_CURVE('',#808,#808,#810,.T.);
#808 = VERTEX_POINT('',#809);
#809 = CARTESIAN_POINT('',(1.110223024625E-16,-0.25,-2.));
#810 = CIRCLE('',#811,0.25);
#811 = AXIS2_PLACEMENT_3D('',#812,#813,#814);
#812 = CARTESIAN_POINT('',(8.326672684689E-17,0.,-2.));
#813 = DIRECTION('',(-0.,0.,1.));
#814 = DIRECTION('',(1.110223024625E-16,-1.,0.));
#815 = PLANE('',#816);
#816 = AXIS2_PLACEMENT_3D('',#817,#818,#819);
#817 = CARTESIAN_POINT('',(1.110223024625E-16,-0.25,-2.));
#818 = DIRECTION('',(0.,0.,-1.));
#819 = DIRECTION('',(-1.110223024625E-16,1.,0.));
#820 = ADVANCED_FACE('',(#821),#949,.T.);
#821 = FACE_BOUND('',#822,.T.);
#822 = EDGE_LOOP('',(#823,#831,#868,#924,#947,#948));
#823 = ORIENTED_EDGE('',*,*,#824,.T.);
#824 = EDGE_CURVE('',#808,#825,#827,.T.);
#825 = VERTEX_POINT('',#826);
#826 = CARTESIAN_POINT('',(0.,-0.25,0.679713563033));
#827 = LINE('',#828,#829);
#828 = CARTESIAN_POINT('',(1.110223024625E-16,-0.25,-2.));
#829 = VECTOR('',#830,1.);
#830 = DIRECTION('',(0.,0.,1.));
#831 = ORIENTED_EDGE('',*,*,#832,.F.);
#832 = EDGE_CURVE('',#833,#825,#835,.T.);
#833 = VERTEX_POINT('',#834);
#834 = CARTESIAN_POINT('',(-0.25,2.22044604925E-16,0.6));
#835 = B_SPLINE_CURVE_WITH_KNOTS('',7,(#836,#837,#838,#839,#840,#841,
    #842,#843,#844,#845,#846,#847,#848,#849,#850,#851,#852,#853,#854,
    #855,#856,#857,#858,#859,#860,#861,#862,#863,#864,#865,#866,#867),
  .UNSPECIFIED.,.F.,.F.,(8,6,6,6,6,8),(0.,0.241317762374,0.445644466933,
    0.571243661289,0.762892742629,1.),.UNSPECIFIED.);
#836 = CARTESIAN_POINT('',(-0.25,2.22044604925E-16,0.6));
#837 = CARTESIAN_POINT('',(-0.25,-9.684935723134E-03,0.60907962724));
#838 = CARTESIAN_POINT('',(-0.249562312585,-1.958663774209E-02,
    0.618137008422));
#839 = CARTESIAN_POINT('',(-0.248651405776,-2.972573255191E-02,
    0.627168846356));
#840 = CARTESIAN_POINT('',(-0.247221322709,-4.012175883314E-02,
    0.636164218682));
#841 = CARTESIAN_POINT('',(-0.245209073056,-5.079675639546E-02,
    0.645103357498));
#842 = CARTESIAN_POINT('',(-0.242537061214,-6.177469969022E-02,
    0.653958268044));
#843 = CARTESIAN_POINT('',(-0.236139904846,-8.26955731734E-02,
    0.670078636971));
#844 = CARTESIAN_POINT('',(-0.232704674347,-9.232384084319E-02,
    0.677213594013));
#845 = CARTESIAN_POINT('',(-0.228740570249,-0.101972617487,
    0.684056031744));
#846 = CARTESIAN_POINT('',(-0.224217714526,-0.111618403002,
    0.690558940349));
#847 = CARTESIAN_POINT('',(-0.219106129615,-0.12122865342,0.696665536014
    ));
#848 = CARTESIAN_POINT('',(-0.213378796045,-0.130760638688,
    0.702310163112));
#849 = CARTESIAN_POINT('',(-0.203102719819,-0.145938252703,
    0.710559708371));
#850 = CARTESIAN_POINT('',(-0.198861795942,-0.151797430041,0.71356950591
    ));
#851 = CARTESIAN_POINT('',(-0.194252637482,-0.157741594401,
    0.716425500374));
#852 = CARTESIAN_POINT('',(-0.189235443471,-0.163763565557,
    0.719093103767));
#853 = CARTESIAN_POINT('',(-0.183769912908,-0.169845221121,
    0.721526228727));
#854 = CARTESIAN_POINT('',(-0.177815244764,-0.175957496539,
    0.723667288527));
#855 = CARTESIAN_POINT('',(-0.161434654467,-0.191372650112,
    0.728163120848));
#856 = CARTESIAN_POINT('',(-0.150771379041,-0.200224266886,
    0.729910895034));
#857 = CARTESIAN_POINT('',(-0.13943338396,-0.208451319365,0.730582732085
    ));
#858 = CARTESIAN_POINT('',(-0.127539684786,-0.215931925818,
    0.730132246229));
#859 = CARTESIAN_POINT('',(-0.115231033896,-0.222580375236,
    0.728568826534));
#860 = CARTESIAN_POINT('',(-0.102669342034,-0.228346795877,
    0.725956595388));
#861 = CARTESIAN_POINT('',(-7.441667148544E-02,-0.239254373802,
    0.718039961547));
#862 = CARTESIAN_POINT('',(-6.012989103581E-02,-0.243368610129,
    0.71264902643));
#863 = CARTESIAN_POINT('',(-4.674363205343E-02,-0.246305062974,
    0.706703296775));
#864 = CARTESIAN_POINT('',(-3.418334135388E-02,-0.248245212574,
    0.700340083922));
#865 = CARTESIAN_POINT('',(-2.227742646536E-02,-0.249444115193,
    0.69370291271));
#866 = CARTESIAN_POINT('',(-1.092751472784E-02,-0.249999998935,
    0.686826768263));
#867 = CARTESIAN_POINT('',(0.,-0.25,0.679713563033));
#868 = ORIENTED_EDGE('',*,*,#869,.F.);
#869 = EDGE_CURVE('',#870,#833,#872,.T.);
#870 = VERTEX_POINT('',#871);
#871 = CARTESIAN_POINT('',(0.25,2.22044604925E-16,0.308712152522));
#872 = B_SPLINE_CURVE_WITH_KNOTS('',8,(#873,#874,#875,#876,#877,#878,
    #879,#880,#881,#882,#883,#884,#885,#886,#887,#888,#889,#890,#891,
    #892,#893,#894,#895,#896,#897,#898,#899,#900,#901,#902,#903,#904,
    #905,#906,#907,#908,#909,#910,#911,#912,#913,#914,#915,#916,#917,
    #918,#919,#920,#921,#922,#923),.UNSPECIFIED.,.F.,.F.,(9,7,7,7,7,7,7,
    9),(0.,0.199458904293,0.388869806011,0.551335379852,0.68813869272,
    0.752308818663,0.873281746153,1.),.UNSPECIFIED.);
#873 = CARTESIAN_POINT('',(0.25,2.22044604925E-16,0.308712152522));
#874 = CARTESIAN_POINT('',(0.25,1.498658225286E-02,0.320975928876));
#875 = CARTESIAN_POINT('',(0.248973335591,2.970547488316E-02,
    0.333655764178));
#876 = CARTESIAN_POINT('',(0.24698385099,4.415203712698E-02,
    0.346721914111));
#877 = CARTESIAN_POINT('',(0.24407301906,5.831686687487E-02,
    0.360152410527));
#878 = CARTESIAN_POINT('',(0.240267431482,7.218729021563E-02,
    0.37393034107));
#879 = CARTESIAN_POINT('',(0.235582496024,8.574804863202E-02,
    0.388042581303));
#880 = CARTESIAN_POINT('',(0.230022340923,9.898118384854E-02,
    0.402479979305));
#881 = CARTESIAN_POINT('',(0.217454258367,0.124100011701,0.43125450167)
  );
#882 = CARTESIAN_POINT('',(0.210536986697,0.136012964554,0.445551929575)
  );
#883 = CARTESIAN_POINT('',(0.202814200622,0.147589731695,0.460131967275)
  );
#884 = CARTESIAN_POINT('',(0.194266970857,0.15880635391,0.47499231283));
#885 = CARTESIAN_POINT('',(0.184865535006,0.169628344583,0.490127953843)
  );
#886 = CARTESIAN_POINT('',(0.17457067718,0.180011499425,0.505530700778)
  );
#887 = CARTESIAN_POINT('',(0.163327399037,0.189899786787,0.521190841153)
  );
#888 = CARTESIAN_POINT('',(0.140500550844,0.207206481998,0.550752974867)
  );
#889 = CARTESIAN_POINT('',(0.129228829023,0.214748695337,0.564541460993)
  );
#890 = CARTESIAN_POINT('',(0.117141331693,0.22182391066,0.578506701658)
  );
#891 = CARTESIAN_POINT('',(0.104149138269,0.228367849353,0.592649461129)
  );
#892 = CARTESIAN_POINT('',(9.017343856703E-02,0.234285137733,
    0.606935464109));
#893 = CARTESIAN_POINT('',(7.511462712787E-02,0.239426189606,
    0.621290562358));
#894 = CARTESIAN_POINT('',(5.889216710565E-02,0.243619055255,
    0.635602327222));
#895 = CARTESIAN_POINT('',(2.646785088722E-02,0.249048799009,
    0.66160429439));
#896 = CARTESIAN_POINT('',(1.053825152492E-02,0.250669585469,
    0.673455104837));
#897 = CARTESIAN_POINT('',(-6.495211866636E-03,0.251196244911,
    0.685043508447));
#898 = CARTESIAN_POINT('',(-2.452795939285E-02,0.25035344694,
    0.696027839295));
#899 = CARTESIAN_POINT('',(-4.334347825754E-02,0.247854159514,
    0.705968391387));
#900 = CARTESIAN_POINT('',(-6.261131274603E-02,0.2434788272,
    0.714396983691));
#901 = CARTESIAN_POINT('',(-8.185997201987E-02,0.237084220732,
    0.720824079794));
#902 = CARTESIAN_POINT('',(-0.10910140322,0.225137936334,0.727038930339)
  );
#903 = CARTESIAN_POINT('',(-0.117738358649,0.220900749238,0.728562265654
    ));
#904 = CARTESIAN_POINT('',(-0.126259813586,0.21624449077,0.729589797475)
  );
#905 = CARTESIAN_POINT('',(-0.134614573334,0.211181583925,0.730098382962
    ));
#906 = CARTESIAN_POINT('',(-0.142754609382,0.205733166382,0.730076494893
    ));
#907 = CARTESIAN_POINT('',(-0.150635059404,0.199929090504,0.729524221666
    ));
#908 = CARTESIAN_POINT('',(-0.158214227257,0.193807923337,0.728453267298
    ));
#909 = CARTESIAN_POINT('',(-0.1791011494,0.175368736441,0.723934147238)
  );
#910 = CARTESIAN_POINT('',(-0.190480624416,0.163302373898,0.71945490095)
  );
#911 = CARTESIAN_POINT('',(-0.200238105405,0.151299134574,0.713971427554
    ));
#912 = CARTESIAN_POINT('',(-0.208612064754,0.139401939546,0.707696815747
    ));
#913 = CARTESIAN_POINT('',(-0.215848390386,0.127637946731,0.700829677282
    ));
#914 = CARTESIAN_POINT('',(-0.222086469131,0.116002948179,0.693465245757
    ));
#915 = CARTESIAN_POINT('',(-0.227458179431,0.104476464663,0.68567637468)
  );
#916 = CARTESIAN_POINT('',(-0.236866967882,8.100264917104E-02,
    0.668900233663));
#917 = CARTESIAN_POINT('',(-0.240809574106,6.91100893017E-02,
    0.659908845036));
#918 = CARTESIAN_POINT('',(-0.24397912937,5.732790968674E-02,
    0.650573551892));
#919 = CARTESIAN_POINT('',(-0.246441454366,4.565321186972E-02,
    0.640940284062));
#920 = CARTESIAN_POINT('',(-0.248243288901,3.408451178674E-02,
    0.631043013263));
#921 = CARTESIAN_POINT('',(-0.249420279743,2.262052324664E-02,
    0.620908081359));
#922 = CARTESIAN_POINT('',(-0.25,1.12596233719E-02,0.610555896911));
#923 = CARTESIAN_POINT('',(-0.25,2.22044604925E-16,0.6));
#924 = ORIENTED_EDGE('',*,*,#925,.F.);
#925 = EDGE_CURVE('',#825,#870,#926,.T.);
#926 = B_SPLINE_CURVE_WITH_KNOTS('',7,(#927,#928,#929,#930,#931,#932,
    #933,#934,#935,#936,#937,#938,#939,#940,#941,#942,#943,#944,#945,
    #946),.UNSPECIFIED.,.F.,.F.,(8,6,6,8),(0.,0.247494418505,
    0.625913593958,1.),.UNSPECIFIED.);
#927 = CARTESIAN_POINT('',(0.,-0.25,0.679713563033));
#928 = CARTESIAN_POINT('',(1.668230531916E-02,-0.249999998375,
    0.668854305725));
#929 = CARTESIAN_POINT('',(3.268935444351E-02,-0.248701328528,
    0.657238205434));
#930 = CARTESIAN_POINT('',(4.803522159591E-02,-0.246292795207,
    0.645058427307));
#931 = CARTESIAN_POINT('',(6.272035044142E-02,-0.242904781035,
    0.632454202666));
#932 = CARTESIAN_POINT('',(7.675482928969E-02,-0.238646669925,
    0.619533115348));
#933 = CARTESIAN_POINT('',(9.015600539763E-02,-0.233600046125,
    0.606367996904));
#934 = CARTESIAN_POINT('',(0.122509977475,-0.218979596467,0.572558438838
    ));
#935 = CARTESIAN_POINT('',(0.140609828749,-0.208441049645,0.551682950477
    ));
#936 = CARTESIAN_POINT('',(0.157316109399,-0.196421562524,0.530553330357
    ));
#937 = CARTESIAN_POINT('',(0.1726182291,-0.183060607604,0.509312840633)
  );
#938 = CARTESIAN_POINT('',(0.186496343419,-0.16847701509,0.488081826714)
  );
#939 = CARTESIAN_POINT('',(0.198912256603,-0.152757672748,0.466955654528
    ));
#940 = CARTESIAN_POINT('',(0.220566974034,-0.119340154572,0.425299865374
    ));
#941 = CARTESIAN_POINT('',(0.22982513794,-0.101690391402,0.404795744165)
  );
#942 = CARTESIAN_POINT('',(0.237519488802,-8.305904459744E-02,
    0.384568703648));
#943 = CARTESIAN_POINT('',(0.243546001286,-6.35032798917E-02,
    0.364715891401));
#944 = CARTESIAN_POINT('',(0.247762525952,-4.308939167411E-02,
    0.345357068252));
#945 = CARTESIAN_POINT('',(0.25,-2.189707437231E-02,0.326630902667));
#946 = CARTESIAN_POINT('',(0.25,2.22044604925E-16,0.308712152522));
#947 = ORIENTED_EDGE('',*,*,#824,.F.);
#948 = ORIENTED_EDGE('',*,*,#807,.T.);
#949 = CYLINDRICAL_SURFACE('',#950,0.25);
#950 = AXIS2_PLACEMENT_3D('',#951,#952,#953);
#951 = CARTESIAN_POINT('',(8.326672684689E-17,0.,-2.));
#952 = DIRECTION('',(-0.,0.,-1.));
#953 = DIRECTION('',(1.110223024625E-16,-1.,-0.));
#954 = ADVANCED_FACE('',(#955),#1050,.T.);
#955 = FACE_BOUND('',#956,.T.);
#956 = EDGE_LOOP('',(#957,#968,#975,#976,#977,#986,#1042,#1049));
#957 = ORIENTED_EDGE('',*,*,#958,.F.);
#958 = EDGE_CURVE('',#959,#961,#963,.T.);
#959 = VERTEX_POINT('',#960);
#960 = CARTESIAN_POINT('',(-1.25,2.22044604925E-16,2.6));
#961 = VERTEX_POINT('',#962);
#962 = CARTESIAN_POINT('',(1.25,-1.25,2.6));
#963 = CIRCLE('',#964,3.125);
#964 = AXIS2_PLACEMENT_3D('',#965,#966,#967);
#965 = CARTESIAN_POINT('',(1.25,1.875,2.6));
#966 = DIRECTION('',(0.,0.,1.));
#967 = DIRECTION('',(-0.8,-0.6,0.));
#968 = ORIENTED_EDGE('',*,*,#969,.T.);
#969 = EDGE_CURVE('',#959,#833,#970,.T.);
#970 = CIRCLE('',#971,2.5);
#971 = AXIS2_PLACEMENT_3D('',#972,#973,#974);
#972 = CARTESIAN_POINT('',(1.25,2.22044604925E-16,2.6));
#973 = DIRECTION('',(0.,-1.,0.));
#974 = DIRECTION('',(-1.,0.,0.));
#975 = ORIENTED_EDGE('',*,*,#832,.T.);
#976 = ORIENTED_EDGE('',*,*,#925,.T.);
#977 = ORIENTED_EDGE('',*,*,#978,.T.);
#978 = EDGE_CURVE('',#870,#979,#981,.T.);
#979 = VERTEX_POINT('',#980);
#980 = CARTESIAN_POINT('',(2.25,2.22044604925E-16,0.308712152522));
#981 = CIRCLE('',#982,2.5);
#982 = AXIS2_PLACEMENT_3D('',#983,#984,#985);
#983 = CARTESIAN_POINT('',(1.25,2.22044604925E-16,2.6));
#984 = DIRECTION('',(0.,-1.,0.));
#985 = DIRECTION('',(-1.,0.,0.));
#986 = ORIENTED_EDGE('',*,*,#987,.T.);
#987 = EDGE_CURVE('',#979,#988,#990,.T.);
#988 = VERTEX_POINT('',#989);
#989 = CARTESIAN_POINT('',(2.75,2.22044604925E-16,0.6));
#990 = B_SPLINE_CURVE_WITH_KNOTS('',8,(#991,#992,#993,#994,#995,#996,
    #997,#998,#999,#1000,#1001,#1002,#1003,#1004,#1005,#1006,#1007,#1008
    ,#1009,#1010,#1011,#1012,#1013,#1014,#1015,#1016,#1017,#1018,#1019,
    #1020,#1021,#1022,#1023,#1024,#1025,#1026,#1027,#1028,#1029,#1030,
    #1031,#1032,#1033,#1034,#1035,#1036,#1037,#1038,#1039,#1040,#1041),
  .UNSPECIFIED.,.F.,.F.,(9,7,7,7,7,7,7,9),(0.,0.199458904289,
    0.388869805961,0.551335379777,0.68813869263,0.75230881859,
    0.873281746118,1.),.UNSPECIFIED.);
#991 = CARTESIAN_POINT('',(2.25,2.498001805407E-16,0.308712152522));
#992 = CARTESIAN_POINT('',(2.25,-1.498658225447E-02,0.320975928877));
#993 = CARTESIAN_POINT('',(2.251026664409,-2.97054748863E-02,
    0.33365576418));
#994 = CARTESIAN_POINT('',(2.253016149011,-4.41520371316E-02,
    0.346721914115));
#995 = CARTESIAN_POINT('',(2.255926980942,-5.831686688093E-02,
    0.360152410532));
#996 = CARTESIAN_POINT('',(2.25973256852,-7.218729022304E-02,
    0.373930341078));
#997 = CARTESIAN_POINT('',(2.264417503979,-8.574804864071E-02,
    0.388042581312));
#998 = CARTESIAN_POINT('',(2.269977659081,-9.898118385844E-02,
    0.402479979316));
#999 = CARTESIAN_POINT('',(2.282545741639,-0.124100011711,0.431254501681
    ));
#1000 = CARTESIAN_POINT('',(2.289463013308,-0.136012964562,
    0.445551929584));
#1001 = CARTESIAN_POINT('',(2.297185799383,-0.147589731702,
    0.460131967284));
#1002 = CARTESIAN_POINT('',(2.305733029147,-0.158806353915,
    0.474992312837));
#1003 = CARTESIAN_POINT('',(2.315134464997,-0.169628344586,
    0.490127953848));
#1004 = CARTESIAN_POINT('',(2.325429322822,-0.180011499427,
    0.505530700782));
#1005 = CARTESIAN_POINT('',(2.336672600964,-0.189899786788,
    0.521190841154));
#1006 = CARTESIAN_POINT('',(2.359499449155,-0.207206481998,
    0.550752974867));
#1007 = CARTESIAN_POINT('',(2.370771170976,-0.214748695336,
    0.564541460992));
#1008 = CARTESIAN_POINT('',(2.382858668306,-0.22182391066,0.578506701656
    ));
#1009 = CARTESIAN_POINT('',(2.395850861729,-0.228367849352,
    0.592649461127));
#1010 = CARTESIAN_POINT('',(2.409826561431,-0.234285137732,
    0.606935464107));
#1011 = CARTESIAN_POINT('',(2.424885372869,-0.239426189605,
    0.621290562355));
#1012 = CARTESIAN_POINT('',(2.44110783289,-0.243619055254,0.635602327218
    ));
#1013 = CARTESIAN_POINT('',(2.473532149108,-0.249048799008,
    0.661604294387));
#1014 = CARTESIAN_POINT('',(2.48946174847,-0.250669585469,0.673455104834
    ));
#1015 = CARTESIAN_POINT('',(2.506495211862,-0.251196244911,
    0.685043508444));
#1016 = CARTESIAN_POINT('',(2.524527959388,-0.25035344694,0.696027839293
    ));
#1017 = CARTESIAN_POINT('',(2.543343478254,-0.247854159514,
    0.705968391385));
#1018 = CARTESIAN_POINT('',(2.562611312742,-0.243478827201,0.71439698369
    ));
#1019 = CARTESIAN_POINT('',(2.581859972017,-0.237084220733,
    0.720824079793));
#1020 = CARTESIAN_POINT('',(2.60910140322,-0.225137936334,0.72703893034)
  );
#1021 = CARTESIAN_POINT('',(2.617738358649,-0.220900749239,
    0.728562265654));
#1022 = CARTESIAN_POINT('',(2.626259813584,-0.216244490771,
    0.729589797475));
#1023 = CARTESIAN_POINT('',(2.634614573331,-0.211181583927,
    0.730098382962));
#1024 = CARTESIAN_POINT('',(2.64275460938,-0.205733166384,0.730076494893
    ));
#1025 = CARTESIAN_POINT('',(2.650635059402,-0.199929090505,
    0.729524221666));
#1026 = CARTESIAN_POINT('',(2.658214227257,-0.193807923338,
    0.728453267298));
#1027 = CARTESIAN_POINT('',(2.6791011494,-0.175368736441,0.723934147238)
  );
#1028 = CARTESIAN_POINT('',(2.690480624416,-0.163302373898,0.71945490095
    ));
#1029 = CARTESIAN_POINT('',(2.700238105406,-0.151299134573,
    0.713971427554));
#1030 = CARTESIAN_POINT('',(2.708612064754,-0.139401939545,
    0.707696815746));
#1031 = CARTESIAN_POINT('',(2.715848390387,-0.12763794673,0.700829677281
    ));
#1032 = CARTESIAN_POINT('',(2.722086469132,-0.116002948178,
    0.693465245756));
#1033 = CARTESIAN_POINT('',(2.727458179432,-0.104476464661,
    0.685676374679));
#1034 = CARTESIAN_POINT('',(2.736866967883,-8.100264916926E-02,
    0.668900233661));
#1035 = CARTESIAN_POINT('',(2.740809574107,-6.91100893002E-02,
    0.659908845035));
#1036 = CARTESIAN_POINT('',(2.74397912937,-5.732790968549E-02,
    0.650573551891));
#1037 = CARTESIAN_POINT('',(2.746441454367,-4.565321186873E-02,
    0.640940284061));
#1038 = CARTESIAN_POINT('',(2.748243288901,-3.4084511786E-02,
    0.631043013262));
#1039 = CARTESIAN_POINT('',(2.749420279743,-2.262052324615E-02,
    0.620908081359));
#1040 = CARTESIAN_POINT('',(2.75,-1.125962337166E-02,0.610555896911));
#1041 = CARTESIAN_POINT('',(2.75,2.498001805407E-16,0.6));
#1042 = ORIENTED_EDGE('',*,*,#1043,.T.);
#1043 = EDGE_CURVE('',#988,#959,#1044,.T.);
#1044 = CIRCLE('',#1045,2.5);
#1045 = AXIS2_PLACEMENT_3D('',#1046,#1047,#1048);
#1046 = CARTESIAN_POINT('',(1.25,2.22044604925E-16,2.6));
#1047 = DIRECTION('',(0.,-1.,0.));
#1048 = DIRECTION('',(-1.,0.,0.));
#1049 = ORIENTED_EDGE('',*,*,#958,.T.);
#1050 = SPHERICAL_SURFACE('',#1051,3.125);
#1051 = AXIS2_PLACEMENT_3D('',#1052,#1053,#1054);
#1052 = CARTESIAN_POINT('',(1.25,1.875,2.6));
#1053 = DIRECTION('',(0.,-1.,0.));
#1054 = DIRECTION('',(-1.,0.,0.));
#1055 = ADVANCED_FACE('',(#1056),#1132,.T.);
#1056 = FACE_BOUND('',#1057,.T.);
#1057 = EDGE_LOOP('',(#1058,#1067,#1068,#1069,#1106,#1129,#1130,#1131));
#1058 = ORIENTED_EDGE('',*,*,#1059,.F.);
#1059 = EDGE_CURVE('',#1060,#959,#1062,.T.);
#1060 = VERTEX_POINT('',#1061);
#1061 = CARTESIAN_POINT('',(1.25,1.25,2.6));
#1062 = CIRCLE('',#1063,3.125);
#1063 = AXIS2_PLACEMENT_3D('',#1064,#1065,#1066);
#1064 = CARTESIAN_POINT('',(1.25,-1.875,2.6));
#1065 = DIRECTION('',(0.,0.,1.));
#1066 = DIRECTION('',(-7.105427357601E-16,1.,0.));
#1067 = ORIENTED_EDGE('',*,*,#1059,.T.);
#1068 = ORIENTED_EDGE('',*,*,#1043,.F.);
#1069 = ORIENTED_EDGE('',*,*,#1070,.T.);
#1070 = EDGE_CURVE('',#988,#1071,#1073,.T.);
#1071 = VERTEX_POINT('',#1072);
#1072 = CARTESIAN_POINT('',(2.5,0.25,0.679713563033));
#1073 = B_SPLINE_CURVE_WITH_KNOTS('',7,(#1074,#1075,#1076,#1077,#1078,
    #1079,#1080,#1081,#1082,#1083,#1084,#1085,#1086,#1087,#1088,#1089,
    #1090,#1091,#1092,#1093,#1094,#1095,#1096,#1097,#1098,#1099,#1100,
    #1101,#1102,#1103,#1104,#1105),.UNSPECIFIED.,.F.,.F.,(8,6,6,6,6,8),(
    0.,0.241317762403,0.44564446692,0.571243661275,0.762892742603,1.),
  .UNSPECIFIED.);
#1074 = CARTESIAN_POINT('',(2.75,2.22044604925E-16,0.6));
#1075 = CARTESIAN_POINT('',(2.75,9.684935722549E-03,0.60907962724));
#1076 = CARTESIAN_POINT('',(2.749562312585,1.958663774088E-02,
    0.618137008421));
#1077 = CARTESIAN_POINT('',(2.748651405776,2.972573255005E-02,
    0.627168846355));
#1078 = CARTESIAN_POINT('',(2.74722132271,4.012175883062E-02,
    0.63616421868));
#1079 = CARTESIAN_POINT('',(2.745209073056,5.079675639222E-02,
    0.645103357495));
#1080 = CARTESIAN_POINT('',(2.742537061215,6.177469968621E-02,
    0.65395826804));
#1081 = CARTESIAN_POINT('',(2.736139904849,8.269557316476E-02,
    0.670078636965));
#1082 = CARTESIAN_POINT('',(2.732704674351,9.232384083339E-02,
    0.677213594006));
#1083 = CARTESIAN_POINT('',(2.728740570253,0.101972617478,0.684056031738
    ));
#1084 = CARTESIAN_POINT('',(2.72421771453,0.111618402993,0.690558940343)
  );
#1085 = CARTESIAN_POINT('',(2.71910612962,0.121228653412,0.696665536009)
  );
#1086 = CARTESIAN_POINT('',(2.71337879605,0.130760638679,0.702310163106)
  );
#1087 = CARTESIAN_POINT('',(2.703102719827,0.145938252692,0.710559708365
    ));
#1088 = CARTESIAN_POINT('',(2.698861795951,0.15179743003,0.713569505904)
  );
#1089 = CARTESIAN_POINT('',(2.694252637492,0.157741594389,0.716425500368
    ));
#1090 = CARTESIAN_POINT('',(2.689235443481,0.163763565545,0.719093103762
    ));
#1091 = CARTESIAN_POINT('',(2.683769912919,0.169845221109,0.721526228722
    ));
#1092 = CARTESIAN_POINT('',(2.677815244776,0.175957496526,0.723667288523
    ));
#1093 = CARTESIAN_POINT('',(2.661434654483,0.191372650099,0.728163120845
    ));
#1094 = CARTESIAN_POINT('',(2.650771379058,0.200224266874,0.729910895033
    ));
#1095 = CARTESIAN_POINT('',(2.639433383976,0.208451319354,0.730582732085
    ));
#1096 = CARTESIAN_POINT('',(2.627539684801,0.215931925809,0.730132246231
    ));
#1097 = CARTESIAN_POINT('',(2.615231033911,0.222580375228,0.728568826536
    ));
#1098 = CARTESIAN_POINT('',(2.602669342049,0.22834679587,0.725956595391)
  );
#1099 = CARTESIAN_POINT('',(2.574416671496,0.239254373799,0.718039961551
    ));
#1100 = CARTESIAN_POINT('',(2.560129891044,0.243368610128,0.712649026434
    ));
#1101 = CARTESIAN_POINT('',(2.54674363206,0.246305062973,0.706703296778)
  );
#1102 = CARTESIAN_POINT('',(2.534183341358,0.248245212574,0.700340083924
    ));
#1103 = CARTESIAN_POINT('',(2.522277426468,0.249444115193,0.693702912712
    ));
#1104 = CARTESIAN_POINT('',(2.510927514729,0.249999998935,0.686826768264
    ));
#1105 = CARTESIAN_POINT('',(2.5,0.25,0.679713563033));
#1106 = ORIENTED_EDGE('',*,*,#1107,.T.);
#1107 = EDGE_CURVE('',#1071,#979,#1108,.T.);
#1108 = B_SPLINE_CURVE_WITH_KNOTS('',7,(#1109,#1110,#1111,#1112,#1113,
    #1114,#1115,#1116,#1117,#1118,#1119,#1120,#1121,#1122,#1123,#1124,
    #1125,#1126,#1127,#1128),.UNSPECIFIED.,.F.,.F.,(8,6,6,8),(0.,
    0.247494418513,0.625913593946,1.),.UNSPECIFIED.);
#1109 = CARTESIAN_POINT('',(2.5,0.25,0.679713563033));
#1110 = CARTESIAN_POINT('',(2.48331769468,0.249999998375,0.668854305725)
  );
#1111 = CARTESIAN_POINT('',(2.467310645556,0.248701328528,0.657238205433
    ));
#1112 = CARTESIAN_POINT('',(2.451964778403,0.246292795207,0.645058427306
    ));
#1113 = CARTESIAN_POINT('',(2.437279649557,0.242904781034,0.632454202665
    ));
#1114 = CARTESIAN_POINT('',(2.423245170708,0.238646669924,0.619533115346
    ));
#1115 = CARTESIAN_POINT('',(2.4098439946,0.233600046124,0.606367996902)
  );
#1116 = CARTESIAN_POINT('',(2.377490022523,0.218979596466,0.572558438836
    ));
#1117 = CARTESIAN_POINT('',(2.359390171251,0.208441049644,0.551682950476
    ));
#1118 = CARTESIAN_POINT('',(2.342683890601,0.196421562524,0.530553330357
    ));
#1119 = CARTESIAN_POINT('',(2.327381770901,0.183060607605,0.509312840635
    ));
#1120 = CARTESIAN_POINT('',(2.313503656583,0.168477015091,0.488081826717
    ));
#1121 = CARTESIAN_POINT('',(2.301087743399,0.152757672751,0.466955654532
    ));
#1122 = CARTESIAN_POINT('',(2.279433025968,0.119340154575,0.425299865378
    ));
#1123 = CARTESIAN_POINT('',(2.270174862061,0.101690391405,0.404795744168
    ));
#1124 = CARTESIAN_POINT('',(2.262480511199,8.305904459994E-02,
    0.384568703651));
#1125 = CARTESIAN_POINT('',(2.256453998714,6.35032798938E-02,
    0.364715891403));
#1126 = CARTESIAN_POINT('',(2.252237474048,4.308939167547E-02,
    0.345357068254));
#1127 = CARTESIAN_POINT('',(2.25,2.189707437304E-02,0.326630902667));
#1128 = CARTESIAN_POINT('',(2.25,2.22044604925E-16,0.308712152522));
#1129 = ORIENTED_EDGE('',*,*,#978,.F.);
#1130 = ORIENTED_EDGE('',*,*,#869,.T.);
#1131 = ORIENTED_EDGE('',*,*,#969,.F.);
#1132 = SPHERICAL_SURFACE('',#1133,3.125);
#1133 = AXIS2_PLACEMENT_3D('',#1134,#1135,#1136);
#1134 = CARTESIAN_POINT('',(1.25,-1.875,2.6));
#1135 = DIRECTION('',(0.,-1.,0.));
#1136 = DIRECTION('',(-1.,0.,0.));
#1137 = ADVANCED_FACE('',(#1138),#1159,.T.);
#1138 = FACE_BOUND('',#1139,.T.);
#1139 = EDGE_LOOP('',(#1140,#1148,#1149,#1150,#1151,#1152));
#1140 = ORIENTED_EDGE('',*,*,#1141,.T.);
#1141 = EDGE_CURVE('',#1142,#1071,#1144,.T.);
#1142 = VERTEX_POINT('',#1143);
#1143 = CARTESIAN_POINT('',(2.5,0.25,-2.));
#1144 = LINE('',#1145,#1146);
#1145 = CARTESIAN_POINT('',(2.5,0.25,-2.));
#1146 = VECTOR('',#1147,1.);
#1147 = DIRECTION('',(0.,0.,1.));
#1148 = ORIENTED_EDGE('',*,*,#1070,.F.);
#1149 = ORIENTED_EDGE('',*,*,#987,.F.);
#1150 = ORIENTED_EDGE('',*,*,#1107,.F.);
#1151 = ORIENTED_EDGE('',*,*,#1141,.F.);
#1152 = ORIENTED_EDGE('',*,*,#1153,.T.);
#1153 = EDGE_CURVE('',#1142,#1142,#1154,.T.);
#1154 = CIRCLE('',#1155,0.25);
#1155 = AXIS2_PLACEMENT_3D('',#1156,#1157,#1158);
#1156 = CARTESIAN_POINT('',(2.5,0.,-2.));
#1157 = DIRECTION('',(0.,-0.,1.));
#1158 = DIRECTION('',(1.144237745222E-17,1.,0.));
#1159 = CYLINDRICAL_SURFACE('',#1160,0.25);
#1160 = AXIS2_PLACEMENT_3D('',#1161,#1162,#1163);
#1161 = CARTESIAN_POINT('',(2.5,0.,-2.));
#1162 = DIRECTION('',(0.,-0.,-1.));
#1163 = DIRECTION('',(1.144237745222E-17,1.,0.));
#1164 = ADVANCED_FACE('',(#1165),#1168,.T.);
#1165 = FACE_BOUND('',#1166,.F.);
#1166 = EDGE_LOOP('',(#1167));
#1167 = ORIENTED_EDGE('',*,*,#1153,.T.);
#1168 = PLANE('',#1169);
#1169 = AXIS2_PLACEMENT_3D('',#1170,#1171,#1172);
#1170 = CARTESIAN_POINT('',(2.5,0.25,-2.));
#1171 = DIRECTION('',(-0.,0.,-1.));
#1172 = DIRECTION('',(-1.144237745222E-17,-1.,0.));
#1173 = ( GEOMETRIC_REPRESENTATION_CONTEXT(3) 
GLOBAL_UNCERTAINTY_ASSIGNED_CONTEXT((#1177)) 
GLOBAL_UNIT_ASSIGNED_CONTEXT((#1174,#1175,#1176)) REPRESENTATION_CONTEXT
('Context #1','3D Context with UNIT and UNCERTAINTY') );
#1174 = ( LENGTH_UNIT() NAMED_UNIT(*) SI_UNIT(.MILLI.,.METRE.) );
#1175 = ( NAMED_UNIT(*) PLANE_ANGLE_UNIT() SI_UNIT($,.RADIAN.) );
#1176 = ( NAMED_UNIT(*) SI_UNIT($,.STERADIAN.) SOLID_ANGLE_UNIT() );
#1177 = UNCERTAINTY_MEASURE_WITH_UNIT(LENGTH_MEASURE(2.E-07),#1174,
  'distance_accuracy_value','confusion accuracy');
#1178 = CONTEXT_DEPENDENT_SHAPE_REPRESENTATION(#1179,#1181);
#1179 = ( REPRESENTATION_RELATIONSHIP('','',#800,#777) 
REPRESENTATION_RELATIONSHIP_WITH_TRANSFORMATION(#1180) 
SHAPE_REPRESENTATION_RELATIONSHIP() );
#1180 = ITEM_DEFINED_TRANSFORMATION('','',#11,#778);
#1181 = PRODUCT_DEFINITION_SHAPE('Placement','Placement of an item',
  #1182);
#1182 = NEXT_ASSEMBLY_USAGE_OCCURRENCE('3','=>[0:1:1:5]','',#772,#795,$
  );
#1183 = PRODUCT_RELATED_PRODUCT_CATEGORY('part',$,(#797));
#1184 = CONTEXT_DEPENDENT_SHAPE_REPRESENTATION(#1185,#1187);
#1185 = ( REPRESENTATION_RELATIONSHIP('','',#72,#10) 
REPRESENTATION_RELATIONSHIP_WITH_TRANSFORMATION(#1186) 
SHAPE_REPRESENTATION_RELATIONSHIP() );
#1186 = ITEM_DEFINED_TRANSFORMATION('','',#11,#23);
#1187 = PRODUCT_DEFINITION_SHAPE('Placement','Placement of an item',
  #1188);
#1188 = NEXT_ASSEMBLY_USAGE_OCCURRENCE('5','R3','',#5,#67,$);
#1189 = SHAPE_DEFINITION_REPRESENTATION(#1190,#1196);
#1190 = PRODUCT_DEFINITION_SHAPE('','',#1191);
#1191 = PRODUCT_DEFINITION('design','',#1192,#1195);
#1192 = PRODUCT_DEFINITION_FORMATION('','',#1193);
#1193 = PRODUCT('QFN-16-1EP_3x3mm_P0.5mm_EP1.7x1.7mm',
  'QFN-16-1EP_3x3mm_P0.5mm_EP1.7x1.7mm','',(#1194));
#1194 = PRODUCT_CONTEXT('',#2,'mechanical');
#1195 = PRODUCT_DEFINITION_CONTEXT('part definition',#2,'design');
#1196 = SHAPE_REPRESENTATION('',(#11,#1197),#1201);
#1197 = AXIS2_PLACEMENT_3D('',#1198,#1199,#1200);
#1198 = CARTESIAN_POINT('',(0.,0.,0.));
#1199 = DIRECTION('',(0.,0.,1.));
#1200 = DIRECTION('',(1.,0.,-0.));
#1201 = ( GEOMETRIC_REPRESENTATION_CONTEXT(3) 
GLOBAL_UNCERTAINTY_ASSIGNED_CONTEXT((#1205)) 
GLOBAL_UNIT_ASSIGNED_CONTEXT((#1202,#1203,#1204)) REPRESENTATION_CONTEXT
('Context #1','3D Context with UNIT and UNCERTAINTY') );
#1202 = ( LENGTH_UNIT() NAMED_UNIT(*) SI_UNIT(.MILLI.,.METRE.) );
#1203 = ( NAMED_UNIT(*) PLANE_ANGLE_UNIT() SI_UNIT($,.RADIAN.) );
#1204 = ( NAMED_UNIT(*) SI_UNIT($,.STERADIAN.) SOLID_ANGLE_UNIT() );
#1205 = UNCERTAINTY_MEASURE_WITH_UNIT(LENGTH_MEASURE(1.E-07),#1202,
  'distance_accuracy_value','confusion accuracy');
#1206 = CONTEXT_DEPENDENT_SHAPE_REPRESENTATION(#1207,#1209);
#1207 = ( REPRESENTATION_RELATIONSHIP('','',#1196,#10) 
REPRESENTATION_RELATIONSHIP_WITH_TRANSFORMATION(#1208) 
SHAPE_REPRESENTATION_RELATIONSHIP() );
#1208 = ITEM_DEFINED_TRANSFORMATION('','',#11,#27);
#1209 = PRODUCT_DEFINITION_SHAPE('Placement','Placement of an item',
  #1210);
#1210 = NEXT_ASSEMBLY_USAGE_OCCURRENCE('7','U3','',#5,#1191,$);
#1211 = PRODUCT_RELATED_PRODUCT_CATEGORY('part',$,(#1193));
#1212 = SHAPE_DEFINITION_REPRESENTATION(#1213,#1219);
#1213 = PRODUCT_DEFINITION_SHAPE('','',#1214);
#1214 = PRODUCT_DEFINITION('design','',#1215,#1218);
#1215 = PRODUCT_DEFINITION_FORMATION('','',#1216);
#1216 = PRODUCT('QFN-16-1EP_3x3mm_P0.5mm_EP1.7x1.7mm',
  'QFN-16-1EP_3x3mm_P0.5mm_EP1.7x1.7mm','',(#1217));
#1217 = PRODUCT_CONTEXT('',#2,'mechanical');
#1218 = PRODUCT_DEFINITION_CONTEXT('part definition',#2,'design');
#1219 = ADVANCED_BREP_SHAPE_REPRESENTATION('',(#11,#1220),#4758);
#1220 = MANIFOLD_SOLID_BREP('',#1221);
#1221 = CLOSED_SHELL('',(#1222,#1390,#1432,#1584,#2090,#2130,#2154,#2187
    ,#2227,#2251,#2284,#2324,#2348,#2381,#2421,#2445,#2478,#2587,#2691,
    #2716,#2756,#2780,#2813,#2853,#2877,#2910,#2950,#2974,#3007,#3047,
    #3071,#3104,#3121,#3138,#3155,#3172,#3189,#3206,#3223,#3240,#3280,
    #3304,#3337,#3377,#3401,#3434,#3474,#3498,#3531,#3571,#3595,#3628,
    #3668,#3692,#3725,#3765,#3789,#3822,#3862,#3886,#3919,#3959,#3983,
    #4016,#4047,#4071,#4095,#4119,#4136,#4153,#4165,#4182,#4194,#4211,
    #4223,#4240,#4252,#4269,#4286,#4303,#4320,#4337,#4354,#4371,#4388,
    #4397,#4414,#4426,#4443,#4455,#4472,#4484,#4501,#4513,#4530,#4542,
    #4559,#4571,#4588,#4600,#4617,#4629,#4646,#4658,#4675,#4687,#4704,
    #4716,#4733,#4745));
#1222 = ADVANCED_FACE('',(#1223),#1385,.F.);
#1223 = FACE_BOUND('',#1224,.F.);
#1224 = EDGE_LOOP('',(#1225,#1235,#1243,#1251,#1259,#1267,#1275,#1283,
    #1291,#1299,#1307,#1315,#1323,#1331,#1339,#1347,#1355,#1363,#1371,
    #1379));
#1225 = ORIENTED_EDGE('',*,*,#1226,.F.);
#1226 = EDGE_CURVE('',#1227,#1229,#1231,.T.);
#1227 = VERTEX_POINT('',#1228);
#1228 = CARTESIAN_POINT('',(-1.4875,1.4875,0.775));
#1229 = VERTEX_POINT('',#1230);
#1230 = CARTESIAN_POINT('',(1.4875,1.4875,0.775));
#1231 = LINE('',#1232,#1233);
#1232 = CARTESIAN_POINT('',(-1.4875,1.4875,0.775));
#1233 = VECTOR('',#1234,1.);
#1234 = DIRECTION('',(1.,1.110223024625E-16,0.));
#1235 = ORIENTED_EDGE('',*,*,#1236,.F.);
#1236 = EDGE_CURVE('',#1237,#1227,#1239,.T.);
#1237 = VERTEX_POINT('',#1238);
#1238 = CARTESIAN_POINT('',(-1.4875,1.4875,2.5E-02));
#1239 = LINE('',#1240,#1241);
#1240 = CARTESIAN_POINT('',(-1.4875,1.4875,2.5E-02));
#1241 = VECTOR('',#1242,1.);
#1242 = DIRECTION('',(0.,0.,1.));
#1243 = ORIENTED_EDGE('',*,*,#1244,.T.);
#1244 = EDGE_CURVE('',#1237,#1245,#1247,.T.);
#1245 = VERTEX_POINT('',#1246);
#1246 = CARTESIAN_POINT('',(-0.87,1.4875,2.5E-02));
#1247 = LINE('',#1248,#1249);
#1248 = CARTESIAN_POINT('',(-1.4875,1.4875,2.5E-02));
#1249 = VECTOR('',#1250,1.);
#1250 = DIRECTION('',(1.,1.110223024625E-16,0.));
#1251 = ORIENTED_EDGE('',*,*,#1252,.T.);
#1252 = EDGE_CURVE('',#1245,#1253,#1255,.T.);
#1253 = VERTEX_POINT('',#1254);
#1254 = CARTESIAN_POINT('',(-0.87,1.4875,0.2));
#1255 = LINE('',#1256,#1257);
#1256 = CARTESIAN_POINT('',(-0.87,1.4875,1.25E-02));
#1257 = VECTOR('',#1258,1.);
#1258 = DIRECTION('',(0.,0.,1.));
#1259 = ORIENTED_EDGE('',*,*,#1260,.F.);
#1260 = EDGE_CURVE('',#1261,#1253,#1263,.T.);
#1261 = VERTEX_POINT('',#1262);
#1262 = CARTESIAN_POINT('',(-0.63,1.4875,0.2));
#1263 = LINE('',#1264,#1265);
#1264 = CARTESIAN_POINT('',(-1.11875,1.4875,0.2));
#1265 = VECTOR('',#1266,1.);
#1266 = DIRECTION('',(-1.,-1.110223024625E-16,0.));
#1267 = ORIENTED_EDGE('',*,*,#1268,.T.);
#1268 = EDGE_CURVE('',#1261,#1269,#1271,.T.);
#1269 = VERTEX_POINT('',#1270);
#1270 = CARTESIAN_POINT('',(-0.63,1.4875,2.5E-02));
#1271 = LINE('',#1272,#1273);
#1272 = CARTESIAN_POINT('',(-0.63,1.4875,1.25E-02));
#1273 = VECTOR('',#1274,1.);
#1274 = DIRECTION('',(0.,0.,-1.));
#1275 = ORIENTED_EDGE('',*,*,#1276,.T.);
#1276 = EDGE_CURVE('',#1269,#1277,#1279,.T.);
#1277 = VERTEX_POINT('',#1278);
#1278 = CARTESIAN_POINT('',(-0.37,1.4875,2.5E-02));
#1279 = LINE('',#1280,#1281);
#1280 = CARTESIAN_POINT('',(-1.4875,1.4875,2.5E-02));
#1281 = VECTOR('',#1282,1.);
#1282 = DIRECTION('',(1.,1.110223024625E-16,0.));
#1283 = ORIENTED_EDGE('',*,*,#1284,.T.);
#1284 = EDGE_CURVE('',#1277,#1285,#1287,.T.);
#1285 = VERTEX_POINT('',#1286);
#1286 = CARTESIAN_POINT('',(-0.37,1.4875,0.2));
#1287 = LINE('',#1288,#1289);
#1288 = CARTESIAN_POINT('',(-0.37,1.4875,1.25E-02));
#1289 = VECTOR('',#1290,1.);
#1290 = DIRECTION('',(0.,0.,1.));
#1291 = ORIENTED_EDGE('',*,*,#1292,.F.);
#1292 = EDGE_CURVE('',#1293,#1285,#1295,.T.);
#1293 = VERTEX_POINT('',#1294);
#1294 = CARTESIAN_POINT('',(-0.13,1.4875,0.2));
#1295 = LINE('',#1296,#1297);
#1296 = CARTESIAN_POINT('',(-0.86875,1.4875,0.2));
#1297 = VECTOR('',#1298,1.);
#1298 = DIRECTION('',(-1.,-1.110223024625E-16,0.));
#1299 = ORIENTED_EDGE('',*,*,#1300,.T.);
#1300 = EDGE_CURVE('',#1293,#1301,#1303,.T.);
#1301 = VERTEX_POINT('',#1302);
#1302 = CARTESIAN_POINT('',(-0.13,1.4875,2.5E-02));
#1303 = LINE('',#1304,#1305);
#1304 = CARTESIAN_POINT('',(-0.13,1.4875,1.25E-02));
#1305 = VECTOR('',#1306,1.);
#1306 = DIRECTION('',(0.,0.,-1.));
#1307 = ORIENTED_EDGE('',*,*,#1308,.T.);
#1308 = EDGE_CURVE('',#1301,#1309,#1311,.T.);
#1309 = VERTEX_POINT('',#1310);
#1310 = CARTESIAN_POINT('',(0.13,1.4875,2.5E-02));
#1311 = LINE('',#1312,#1313);
#1312 = CARTESIAN_POINT('',(-1.4875,1.4875,2.5E-02));
#1313 = VECTOR('',#1314,1.);
#1314 = DIRECTION('',(1.,1.110223024625E-16,0.));
#1315 = ORIENTED_EDGE('',*,*,#1316,.T.);
#1316 = EDGE_CURVE('',#1309,#1317,#1319,.T.);
#1317 = VERTEX_POINT('',#1318);
#1318 = CARTESIAN_POINT('',(0.13,1.4875,0.2));
#1319 = LINE('',#1320,#1321);
#1320 = CARTESIAN_POINT('',(0.13,1.4875,1.25E-02));
#1321 = VECTOR('',#1322,1.);
#1322 = DIRECTION('',(0.,0.,1.));
#1323 = ORIENTED_EDGE('',*,*,#1324,.F.);
#1324 = EDGE_CURVE('',#1325,#1317,#1327,.T.);
#1325 = VERTEX_POINT('',#1326);
#1326 = CARTESIAN_POINT('',(0.37,1.4875,0.2));
#1327 = LINE('',#1328,#1329);
#1328 = CARTESIAN_POINT('',(-0.61875,1.4875,0.2));
#1329 = VECTOR('',#1330,1.);
#1330 = DIRECTION('',(-1.,-1.110223024625E-16,0.));
#1331 = ORIENTED_EDGE('',*,*,#1332,.T.);
#1332 = EDGE_CURVE('',#1325,#1333,#1335,.T.);
#1333 = VERTEX_POINT('',#1334);
#1334 = CARTESIAN_POINT('',(0.37,1.4875,2.5E-02));
#1335 = LINE('',#1336,#1337);
#1336 = CARTESIAN_POINT('',(0.37,1.4875,1.25E-02));
#1337 = VECTOR('',#1338,1.);
#1338 = DIRECTION('',(0.,0.,-1.));
#1339 = ORIENTED_EDGE('',*,*,#1340,.T.);
#1340 = EDGE_CURVE('',#1333,#1341,#1343,.T.);
#1341 = VERTEX_POINT('',#1342);
#1342 = CARTESIAN_POINT('',(0.63,1.4875,2.5E-02));
#1343 = LINE('',#1344,#1345);
#1344 = CARTESIAN_POINT('',(-1.4875,1.4875,2.5E-02));
#1345 = VECTOR('',#1346,1.);
#1346 = DIRECTION('',(1.,1.110223024625E-16,0.));
#1347 = ORIENTED_EDGE('',*,*,#1348,.T.);
#1348 = EDGE_CURVE('',#1341,#1349,#1351,.T.);
#1349 = VERTEX_POINT('',#1350);
#1350 = CARTESIAN_POINT('',(0.63,1.4875,0.2));
#1351 = LINE('',#1352,#1353);
#1352 = CARTESIAN_POINT('',(0.63,1.4875,1.25E-02));
#1353 = VECTOR('',#1354,1.);
#1354 = DIRECTION('',(0.,0.,1.));
#1355 = ORIENTED_EDGE('',*,*,#1356,.F.);
#1356 = EDGE_CURVE('',#1357,#1349,#1359,.T.);
#1357 = VERTEX_POINT('',#1358);
#1358 = CARTESIAN_POINT('',(0.87,1.4875,0.2));
#1359 = LINE('',#1360,#1361);
#1360 = CARTESIAN_POINT('',(-0.36875,1.4875,0.2));
#1361 = VECTOR('',#1362,1.);
#1362 = DIRECTION('',(-1.,-1.110223024625E-16,0.));
#1363 = ORIENTED_EDGE('',*,*,#1364,.T.);
#1364 = EDGE_CURVE('',#1357,#1365,#1367,.T.);
#1365 = VERTEX_POINT('',#1366);
#1366 = CARTESIAN_POINT('',(0.87,1.4875,2.5E-02));
#1367 = LINE('',#1368,#1369);
#1368 = CARTESIAN_POINT('',(0.87,1.4875,1.25E-02));
#1369 = VECTOR('',#1370,1.);
#1370 = DIRECTION('',(0.,0.,-1.));
#1371 = ORIENTED_EDGE('',*,*,#1372,.T.);
#1372 = EDGE_CURVE('',#1365,#1373,#1375,.T.);
#1373 = VERTEX_POINT('',#1374);
#1374 = CARTESIAN_POINT('',(1.4875,1.4875,2.5E-02));
#1375 = LINE('',#1376,#1377);
#1376 = CARTESIAN_POINT('',(-1.4875,1.4875,2.5E-02));
#1377 = VECTOR('',#1378,1.);
#1378 = DIRECTION('',(1.,1.110223024625E-16,0.));
#1379 = ORIENTED_EDGE('',*,*,#1380,.T.);
#1380 = EDGE_CURVE('',#1373,#1229,#1381,.T.);
#1381 = LINE('',#1382,#1383);
#1382 = CARTESIAN_POINT('',(1.4875,1.4875,2.5E-02));
#1383 = VECTOR('',#1384,1.);
#1384 = DIRECTION('',(0.,0.,1.));
#1385 = PLANE('',#1386);
#1386 = AXIS2_PLACEMENT_3D('',#1387,#1388,#1389);
#1387 = CARTESIAN_POINT('',(-1.4875,1.4875,2.5E-02));
#1388 = DIRECTION('',(1.110223024625E-16,-1.,0.));
#1389 = DIRECTION('',(0.,0.,1.));
#1390 = ADVANCED_FACE('',(#1391,#1416),#1427,.T.);
#1391 = FACE_BOUND('',#1392,.T.);
#1392 = EDGE_LOOP('',(#1393,#1394,#1402,#1410));
#1393 = ORIENTED_EDGE('',*,*,#1226,.F.);
#1394 = ORIENTED_EDGE('',*,*,#1395,.T.);
#1395 = EDGE_CURVE('',#1227,#1396,#1398,.T.);
#1396 = VERTEX_POINT('',#1397);
#1397 = CARTESIAN_POINT('',(-1.4875,-1.4875,0.775));
#1398 = LINE('',#1399,#1400);
#1399 = CARTESIAN_POINT('',(-1.4875,1.4875,0.775));
#1400 = VECTOR('',#1401,1.);
#1401 = DIRECTION('',(1.110223024625E-16,-1.,0.));
#1402 = ORIENTED_EDGE('',*,*,#1403,.T.);
#1403 = EDGE_CURVE('',#1396,#1404,#1406,.T.);
#1404 = VERTEX_POINT('',#1405);
#1405 = CARTESIAN_POINT('',(1.4875,-1.4875,0.775));
#1406 = LINE('',#1407,#1408);
#1407 = CARTESIAN_POINT('',(-1.4875,-1.4875,0.775));
#1408 = VECTOR('',#1409,1.);
#1409 = DIRECTION('',(1.,1.110223024625E-16,0.));
#1410 = ORIENTED_EDGE('',*,*,#1411,.F.);
#1411 = EDGE_CURVE('',#1229,#1404,#1412,.T.);
#1412 = LINE('',#1413,#1414);
#1413 = CARTESIAN_POINT('',(1.4875,1.4875,0.775));
#1414 = VECTOR('',#1415,1.);
#1415 = DIRECTION('',(1.110223024625E-16,-1.,0.));
#1416 = FACE_BOUND('',#1417,.T.);
#1417 = EDGE_LOOP('',(#1418));
#1418 = ORIENTED_EDGE('',*,*,#1419,.T.);
#1419 = EDGE_CURVE('',#1420,#1420,#1422,.T.);
#1420 = VERTEX_POINT('',#1421);
#1421 = CARTESIAN_POINT('',(-1.,0.9,0.775));
#1422 = CIRCLE('',#1423,0.1);
#1423 = AXIS2_PLACEMENT_3D('',#1424,#1425,#1426);
#1424 = CARTESIAN_POINT('',(-1.,1.,0.775));
#1425 = DIRECTION('',(0.,0.,-1.));
#1426 = DIRECTION('',(1.110223024625E-16,-1.,0.));
#1427 = PLANE('',#1428);
#1428 = AXIS2_PLACEMENT_3D('',#1429,#1430,#1431);
#1429 = CARTESIAN_POINT('',(-1.4875,1.4875,0.775));
#1430 = DIRECTION('',(0.,0.,1.));
#1431 = DIRECTION('',(1.110223024625E-16,-1.,0.));
#1432 = ADVANCED_FACE('',(#1433),#1579,.T.);
#1433 = FACE_BOUND('',#1434,.T.);
#1434 = EDGE_LOOP('',(#1435,#1443,#1444,#1445,#1453,#1461,#1469,#1477,
    #1485,#1493,#1501,#1509,#1517,#1525,#1533,#1541,#1549,#1557,#1565,
    #1573));
#1435 = ORIENTED_EDGE('',*,*,#1436,.F.);
#1436 = EDGE_CURVE('',#1373,#1437,#1439,.T.);
#1437 = VERTEX_POINT('',#1438);
#1438 = CARTESIAN_POINT('',(1.4875,0.87,2.5E-02));
#1439 = LINE('',#1440,#1441);
#1440 = CARTESIAN_POINT('',(1.4875,1.4875,2.5E-02));
#1441 = VECTOR('',#1442,1.);
#1442 = DIRECTION('',(1.110223024625E-16,-1.,0.));
#1443 = ORIENTED_EDGE('',*,*,#1380,.T.);
#1444 = ORIENTED_EDGE('',*,*,#1411,.T.);
#1445 = ORIENTED_EDGE('',*,*,#1446,.F.);
#1446 = EDGE_CURVE('',#1447,#1404,#1449,.T.);
#1447 = VERTEX_POINT('',#1448);
#1448 = CARTESIAN_POINT('',(1.4875,-1.4875,2.5E-02));
#1449 = LINE('',#1450,#1451);
#1450 = CARTESIAN_POINT('',(1.4875,-1.4875,2.5E-02));
#1451 = VECTOR('',#1452,1.);
#1452 = DIRECTION('',(0.,0.,1.));
#1453 = ORIENTED_EDGE('',*,*,#1454,.F.);
#1454 = EDGE_CURVE('',#1455,#1447,#1457,.T.);
#1455 = VERTEX_POINT('',#1456);
#1456 = CARTESIAN_POINT('',(1.4875,-0.87,2.5E-02));
#1457 = LINE('',#1458,#1459);
#1458 = CARTESIAN_POINT('',(1.4875,1.4875,2.5E-02));
#1459 = VECTOR('',#1460,1.);
#1460 = DIRECTION('',(1.110223024625E-16,-1.,0.));
#1461 = ORIENTED_EDGE('',*,*,#1462,.T.);
#1462 = EDGE_CURVE('',#1455,#1463,#1465,.T.);
#1463 = VERTEX_POINT('',#1464);
#1464 = CARTESIAN_POINT('',(1.4875,-0.87,0.2));
#1465 = LINE('',#1466,#1467);
#1466 = CARTESIAN_POINT('',(1.4875,-0.87,1.25E-02));
#1467 = VECTOR('',#1468,1.);
#1468 = DIRECTION('',(0.,0.,1.));
#1469 = ORIENTED_EDGE('',*,*,#1470,.F.);
#1470 = EDGE_CURVE('',#1471,#1463,#1473,.T.);
#1471 = VERTEX_POINT('',#1472);
#1472 = CARTESIAN_POINT('',(1.4875,-0.63,0.2));
#1473 = LINE('',#1474,#1475);
#1474 = CARTESIAN_POINT('',(1.4875,0.36875,0.2));
#1475 = VECTOR('',#1476,1.);
#1476 = DIRECTION('',(1.110223024625E-16,-1.,0.));
#1477 = ORIENTED_EDGE('',*,*,#1478,.T.);
#1478 = EDGE_CURVE('',#1471,#1479,#1481,.T.);
#1479 = VERTEX_POINT('',#1480);
#1480 = CARTESIAN_POINT('',(1.4875,-0.63,2.5E-02));
#1481 = LINE('',#1482,#1483);
#1482 = CARTESIAN_POINT('',(1.4875,-0.63,1.25E-02));
#1483 = VECTOR('',#1484,1.);
#1484 = DIRECTION('',(0.,0.,-1.));
#1485 = ORIENTED_EDGE('',*,*,#1486,.F.);
#1486 = EDGE_CURVE('',#1487,#1479,#1489,.T.);
#1487 = VERTEX_POINT('',#1488);
#1488 = CARTESIAN_POINT('',(1.4875,-0.37,2.5E-02));
#1489 = LINE('',#1490,#1491);
#1490 = CARTESIAN_POINT('',(1.4875,1.4875,2.5E-02));
#1491 = VECTOR('',#1492,1.);
#1492 = DIRECTION('',(1.110223024625E-16,-1.,0.));
#1493 = ORIENTED_EDGE('',*,*,#1494,.T.);
#1494 = EDGE_CURVE('',#1487,#1495,#1497,.T.);
#1495 = VERTEX_POINT('',#1496);
#1496 = CARTESIAN_POINT('',(1.4875,-0.37,0.2));
#1497 = LINE('',#1498,#1499);
#1498 = CARTESIAN_POINT('',(1.4875,-0.37,1.25E-02));
#1499 = VECTOR('',#1500,1.);
#1500 = DIRECTION('',(0.,0.,1.));
#1501 = ORIENTED_EDGE('',*,*,#1502,.F.);
#1502 = EDGE_CURVE('',#1503,#1495,#1505,.T.);
#1503 = VERTEX_POINT('',#1504);
#1504 = CARTESIAN_POINT('',(1.4875,-0.13,0.2));
#1505 = LINE('',#1506,#1507);
#1506 = CARTESIAN_POINT('',(1.4875,0.61875,0.2));
#1507 = VECTOR('',#1508,1.);
#1508 = DIRECTION('',(1.110223024625E-16,-1.,0.));
#1509 = ORIENTED_EDGE('',*,*,#1510,.T.);
#1510 = EDGE_CURVE('',#1503,#1511,#1513,.T.);
#1511 = VERTEX_POINT('',#1512);
#1512 = CARTESIAN_POINT('',(1.4875,-0.13,2.5E-02));
#1513 = LINE('',#1514,#1515);
#1514 = CARTESIAN_POINT('',(1.4875,-0.13,1.25E-02));
#1515 = VECTOR('',#1516,1.);
#1516 = DIRECTION('',(0.,0.,-1.));
#1517 = ORIENTED_EDGE('',*,*,#1518,.F.);
#1518 = EDGE_CURVE('',#1519,#1511,#1521,.T.);
#1519 = VERTEX_POINT('',#1520);
#1520 = CARTESIAN_POINT('',(1.4875,0.13,2.5E-02));
#1521 = LINE('',#1522,#1523);
#1522 = CARTESIAN_POINT('',(1.4875,1.4875,2.5E-02));
#1523 = VECTOR('',#1524,1.);
#1524 = DIRECTION('',(1.110223024625E-16,-1.,0.));
#1525 = ORIENTED_EDGE('',*,*,#1526,.T.);
#1526 = EDGE_CURVE('',#1519,#1527,#1529,.T.);
#1527 = VERTEX_POINT('',#1528);
#1528 = CARTESIAN_POINT('',(1.4875,0.13,0.2));
#1529 = LINE('',#1530,#1531);
#1530 = CARTESIAN_POINT('',(1.4875,0.13,1.25E-02));
#1531 = VECTOR('',#1532,1.);
#1532 = DIRECTION('',(0.,0.,1.));
#1533 = ORIENTED_EDGE('',*,*,#1534,.F.);
#1534 = EDGE_CURVE('',#1535,#1527,#1537,.T.);
#1535 = VERTEX_POINT('',#1536);
#1536 = CARTESIAN_POINT('',(1.4875,0.37,0.2));
#1537 = LINE('',#1538,#1539);
#1538 = CARTESIAN_POINT('',(1.4875,0.86875,0.2));
#1539 = VECTOR('',#1540,1.);
#1540 = DIRECTION('',(1.110223024625E-16,-1.,0.));
#1541 = ORIENTED_EDGE('',*,*,#1542,.T.);
#1542 = EDGE_CURVE('',#1535,#1543,#1545,.T.);
#1543 = VERTEX_POINT('',#1544);
#1544 = CARTESIAN_POINT('',(1.4875,0.37,2.5E-02));
#1545 = LINE('',#1546,#1547);
#1546 = CARTESIAN_POINT('',(1.4875,0.37,1.25E-02));
#1547 = VECTOR('',#1548,1.);
#1548 = DIRECTION('',(0.,0.,-1.));
#1549 = ORIENTED_EDGE('',*,*,#1550,.F.);
#1550 = EDGE_CURVE('',#1551,#1543,#1553,.T.);
#1551 = VERTEX_POINT('',#1552);
#1552 = CARTESIAN_POINT('',(1.4875,0.63,2.5E-02));
#1553 = LINE('',#1554,#1555);
#1554 = CARTESIAN_POINT('',(1.4875,1.4875,2.5E-02));
#1555 = VECTOR('',#1556,1.);
#1556 = DIRECTION('',(1.110223024625E-16,-1.,0.));
#1557 = ORIENTED_EDGE('',*,*,#1558,.T.);
#1558 = EDGE_CURVE('',#1551,#1559,#1561,.T.);
#1559 = VERTEX_POINT('',#1560);
#1560 = CARTESIAN_POINT('',(1.4875,0.63,0.2));
#1561 = LINE('',#1562,#1563);
#1562 = CARTESIAN_POINT('',(1.4875,0.63,1.25E-02));
#1563 = VECTOR('',#1564,1.);
#1564 = DIRECTION('',(0.,0.,1.));
#1565 = ORIENTED_EDGE('',*,*,#1566,.F.);
#1566 = EDGE_CURVE('',#1567,#1559,#1569,.T.);
#1567 = VERTEX_POINT('',#1568);
#1568 = CARTESIAN_POINT('',(1.4875,0.87,0.2));
#1569 = LINE('',#1570,#1571);
#1570 = CARTESIAN_POINT('',(1.4875,1.11875,0.2));
#1571 = VECTOR('',#1572,1.);
#1572 = DIRECTION('',(1.110223024625E-16,-1.,0.));
#1573 = ORIENTED_EDGE('',*,*,#1574,.T.);
#1574 = EDGE_CURVE('',#1567,#1437,#1575,.T.);
#1575 = LINE('',#1576,#1577);
#1576 = CARTESIAN_POINT('',(1.4875,0.87,1.25E-02));
#1577 = VECTOR('',#1578,1.);
#1578 = DIRECTION('',(0.,0.,-1.));
#1579 = PLANE('',#1580);
#1580 = AXIS2_PLACEMENT_3D('',#1581,#1582,#1583);
#1581 = CARTESIAN_POINT('',(1.4875,1.4875,2.5E-02));
#1582 = DIRECTION('',(1.,1.110223024625E-16,0.));
#1583 = DIRECTION('',(0.,-0.,1.));
#1584 = ADVANCED_FACE('',(#1585,#2043),#2085,.F.);
#1585 = FACE_BOUND('',#1586,.F.);
#1586 = EDGE_LOOP('',(#1587,#1588,#1596,#1604,#1612,#1620,#1628,#1636,
    #1644,#1652,#1660,#1668,#1676,#1684,#1692,#1700,#1708,#1716,#1724,
    #1732,#1740,#1748,#1756,#1764,#1772,#1780,#1788,#1796,#1804,#1812,
    #1820,#1828,#1836,#1844,#1852,#1858,#1859,#1867,#1875,#1881,#1882,
    #1890,#1898,#1904,#1905,#1913,#1921,#1927,#1928,#1936,#1944,#1950,
    #1951,#1952,#1960,#1968,#1974,#1975,#1983,#1991,#1997,#1998,#2006,
    #2014,#2020,#2021,#2029,#2037));
#1587 = ORIENTED_EDGE('',*,*,#1244,.F.);
#1588 = ORIENTED_EDGE('',*,*,#1589,.T.);
#1589 = EDGE_CURVE('',#1237,#1590,#1592,.T.);
#1590 = VERTEX_POINT('',#1591);
#1591 = CARTESIAN_POINT('',(-1.4875,0.87,2.5E-02));
#1592 = LINE('',#1593,#1594);
#1593 = CARTESIAN_POINT('',(-1.4875,1.4875,2.5E-02));
#1594 = VECTOR('',#1595,1.);
#1595 = DIRECTION('',(1.110223024625E-16,-1.,0.));
#1596 = ORIENTED_EDGE('',*,*,#1597,.T.);
#1597 = EDGE_CURVE('',#1590,#1598,#1600,.T.);
#1598 = VERTEX_POINT('',#1599);
#1599 = CARTESIAN_POINT('',(-1.1,0.87,2.5E-02));
#1600 = LINE('',#1601,#1602);
#1601 = CARTESIAN_POINT('',(-1.29375,0.87,2.5E-02));
#1602 = VECTOR('',#1603,1.);
#1603 = DIRECTION('',(1.,1.110223024625E-16,0.));
#1604 = ORIENTED_EDGE('',*,*,#1605,.T.);
#1605 = EDGE_CURVE('',#1598,#1606,#1608,.T.);
#1606 = VERTEX_POINT('',#1607);
#1607 = CARTESIAN_POINT('',(-1.1,0.63,2.5E-02));
#1608 = LINE('',#1609,#1610);
#1609 = CARTESIAN_POINT('',(-1.1,1.05875,2.5E-02));
#1610 = VECTOR('',#1611,1.);
#1611 = DIRECTION('',(1.110223024625E-16,-1.,0.));
#1612 = ORIENTED_EDGE('',*,*,#1613,.T.);
#1613 = EDGE_CURVE('',#1606,#1614,#1616,.T.);
#1614 = VERTEX_POINT('',#1615);
#1615 = CARTESIAN_POINT('',(-1.4875,0.63,2.5E-02));
#1616 = LINE('',#1617,#1618);
#1617 = CARTESIAN_POINT('',(-1.49375,0.63,2.5E-02));
#1618 = VECTOR('',#1619,1.);
#1619 = DIRECTION('',(-1.,-1.110223024625E-16,0.));
#1620 = ORIENTED_EDGE('',*,*,#1621,.T.);
#1621 = EDGE_CURVE('',#1614,#1622,#1624,.T.);
#1622 = VERTEX_POINT('',#1623);
#1623 = CARTESIAN_POINT('',(-1.4875,0.37,2.5E-02));
#1624 = LINE('',#1625,#1626);
#1625 = CARTESIAN_POINT('',(-1.4875,1.4875,2.5E-02));
#1626 = VECTOR('',#1627,1.);
#1627 = DIRECTION('',(1.110223024625E-16,-1.,0.));
#1628 = ORIENTED_EDGE('',*,*,#1629,.T.);
#1629 = EDGE_CURVE('',#1622,#1630,#1632,.T.);
#1630 = VERTEX_POINT('',#1631);
#1631 = CARTESIAN_POINT('',(-1.1,0.37,2.5E-02));
#1632 = LINE('',#1633,#1634);
#1633 = CARTESIAN_POINT('',(-1.29375,0.37,2.5E-02));
#1634 = VECTOR('',#1635,1.);
#1635 = DIRECTION('',(1.,1.110223024625E-16,0.));
#1636 = ORIENTED_EDGE('',*,*,#1637,.T.);
#1637 = EDGE_CURVE('',#1630,#1638,#1640,.T.);
#1638 = VERTEX_POINT('',#1639);
#1639 = CARTESIAN_POINT('',(-1.1,0.13,2.5E-02));
#1640 = LINE('',#1641,#1642);
#1641 = CARTESIAN_POINT('',(-1.1,0.80875,2.5E-02));
#1642 = VECTOR('',#1643,1.);
#1643 = DIRECTION('',(1.110223024625E-16,-1.,0.));
#1644 = ORIENTED_EDGE('',*,*,#1645,.T.);
#1645 = EDGE_CURVE('',#1638,#1646,#1648,.T.);
#1646 = VERTEX_POINT('',#1647);
#1647 = CARTESIAN_POINT('',(-1.4875,0.13,2.5E-02));
#1648 = LINE('',#1649,#1650);
#1649 = CARTESIAN_POINT('',(-1.49375,0.13,2.5E-02));
#1650 = VECTOR('',#1651,1.);
#1651 = DIRECTION('',(-1.,-1.110223024625E-16,0.));
#1652 = ORIENTED_EDGE('',*,*,#1653,.T.);
#1653 = EDGE_CURVE('',#1646,#1654,#1656,.T.);
#1654 = VERTEX_POINT('',#1655);
#1655 = CARTESIAN_POINT('',(-1.4875,-0.13,2.5E-02));
#1656 = LINE('',#1657,#1658);
#1657 = CARTESIAN_POINT('',(-1.4875,1.4875,2.5E-02));
#1658 = VECTOR('',#1659,1.);
#1659 = DIRECTION('',(1.110223024625E-16,-1.,0.));
#1660 = ORIENTED_EDGE('',*,*,#1661,.T.);
#1661 = EDGE_CURVE('',#1654,#1662,#1664,.T.);
#1662 = VERTEX_POINT('',#1663);
#1663 = CARTESIAN_POINT('',(-1.1,-0.13,2.5E-02));
#1664 = LINE('',#1665,#1666);
#1665 = CARTESIAN_POINT('',(-1.29375,-0.13,2.5E-02));
#1666 = VECTOR('',#1667,1.);
#1667 = DIRECTION('',(1.,1.110223024625E-16,0.));
#1668 = ORIENTED_EDGE('',*,*,#1669,.T.);
#1669 = EDGE_CURVE('',#1662,#1670,#1672,.T.);
#1670 = VERTEX_POINT('',#1671);
#1671 = CARTESIAN_POINT('',(-1.1,-0.37,2.5E-02));
#1672 = LINE('',#1673,#1674);
#1673 = CARTESIAN_POINT('',(-1.1,0.55875,2.5E-02));
#1674 = VECTOR('',#1675,1.);
#1675 = DIRECTION('',(1.110223024625E-16,-1.,0.));
#1676 = ORIENTED_EDGE('',*,*,#1677,.T.);
#1677 = EDGE_CURVE('',#1670,#1678,#1680,.T.);
#1678 = VERTEX_POINT('',#1679);
#1679 = CARTESIAN_POINT('',(-1.4875,-0.37,2.5E-02));
#1680 = LINE('',#1681,#1682);
#1681 = CARTESIAN_POINT('',(-1.49375,-0.37,2.5E-02));
#1682 = VECTOR('',#1683,1.);
#1683 = DIRECTION('',(-1.,-1.110223024625E-16,0.));
#1684 = ORIENTED_EDGE('',*,*,#1685,.T.);
#1685 = EDGE_CURVE('',#1678,#1686,#1688,.T.);
#1686 = VERTEX_POINT('',#1687);
#1687 = CARTESIAN_POINT('',(-1.4875,-0.63,2.5E-02));
#1688 = LINE('',#1689,#1690);
#1689 = CARTESIAN_POINT('',(-1.4875,1.4875,2.5E-02));
#1690 = VECTOR('',#1691,1.);
#1691 = DIRECTION('',(1.110223024625E-16,-1.,0.));
#1692 = ORIENTED_EDGE('',*,*,#1693,.T.);
#1693 = EDGE_CURVE('',#1686,#1694,#1696,.T.);
#1694 = VERTEX_POINT('',#1695);
#1695 = CARTESIAN_POINT('',(-1.1,-0.63,2.5E-02));
#1696 = LINE('',#1697,#1698);
#1697 = CARTESIAN_POINT('',(-1.29375,-0.63,2.5E-02));
#1698 = VECTOR('',#1699,1.);
#1699 = DIRECTION('',(1.,1.110223024625E-16,0.));
#1700 = ORIENTED_EDGE('',*,*,#1701,.T.);
#1701 = EDGE_CURVE('',#1694,#1702,#1704,.T.);
#1702 = VERTEX_POINT('',#1703);
#1703 = CARTESIAN_POINT('',(-1.1,-0.87,2.5E-02));
#1704 = LINE('',#1705,#1706);
#1705 = CARTESIAN_POINT('',(-1.1,0.30875,2.5E-02));
#1706 = VECTOR('',#1707,1.);
#1707 = DIRECTION('',(1.110223024625E-16,-1.,0.));
#1708 = ORIENTED_EDGE('',*,*,#1709,.T.);
#1709 = EDGE_CURVE('',#1702,#1710,#1712,.T.);
#1710 = VERTEX_POINT('',#1711);
#1711 = CARTESIAN_POINT('',(-1.4875,-0.87,2.5E-02));
#1712 = LINE('',#1713,#1714);
#1713 = CARTESIAN_POINT('',(-1.49375,-0.87,2.5E-02));
#1714 = VECTOR('',#1715,1.);
#1715 = DIRECTION('',(-1.,-1.110223024625E-16,0.));
#1716 = ORIENTED_EDGE('',*,*,#1717,.T.);
#1717 = EDGE_CURVE('',#1710,#1718,#1720,.T.);
#1718 = VERTEX_POINT('',#1719);
#1719 = CARTESIAN_POINT('',(-1.4875,-1.4875,2.5E-02));
#1720 = LINE('',#1721,#1722);
#1721 = CARTESIAN_POINT('',(-1.4875,1.4875,2.5E-02));
#1722 = VECTOR('',#1723,1.);
#1723 = DIRECTION('',(1.110223024625E-16,-1.,0.));
#1724 = ORIENTED_EDGE('',*,*,#1725,.T.);
#1725 = EDGE_CURVE('',#1718,#1726,#1728,.T.);
#1726 = VERTEX_POINT('',#1727);
#1727 = CARTESIAN_POINT('',(-0.87,-1.4875,2.5E-02));
#1728 = LINE('',#1729,#1730);
#1729 = CARTESIAN_POINT('',(-1.4875,-1.4875,2.5E-02));
#1730 = VECTOR('',#1731,1.);
#1731 = DIRECTION('',(1.,1.110223024625E-16,0.));
#1732 = ORIENTED_EDGE('',*,*,#1733,.T.);
#1733 = EDGE_CURVE('',#1726,#1734,#1736,.T.);
#1734 = VERTEX_POINT('',#1735);
#1735 = CARTESIAN_POINT('',(-0.87,-1.1,2.5E-02));
#1736 = LINE('',#1737,#1738);
#1737 = CARTESIAN_POINT('',(-0.87,0.19375,2.5E-02));
#1738 = VECTOR('',#1739,1.);
#1739 = DIRECTION('',(-1.144237745222E-17,1.,0.));
#1740 = ORIENTED_EDGE('',*,*,#1741,.T.);
#1741 = EDGE_CURVE('',#1734,#1742,#1744,.T.);
#1742 = VERTEX_POINT('',#1743);
#1743 = CARTESIAN_POINT('',(-0.63,-1.1,2.5E-02));
#1744 = LINE('',#1745,#1746);
#1745 = CARTESIAN_POINT('',(-1.05875,-1.1,2.5E-02));
#1746 = VECTOR('',#1747,1.);
#1747 = DIRECTION('',(1.,1.144237745222E-17,0.));
#1748 = ORIENTED_EDGE('',*,*,#1749,.T.);
#1749 = EDGE_CURVE('',#1742,#1750,#1752,.T.);
#1750 = VERTEX_POINT('',#1751);
#1751 = CARTESIAN_POINT('',(-0.63,-1.4875,2.5E-02));
#1752 = LINE('',#1753,#1754);
#1753 = CARTESIAN_POINT('',(-0.63,-6.25E-03,2.5E-02));
#1754 = VECTOR('',#1755,1.);
#1755 = DIRECTION('',(1.144237745222E-17,-1.,0.));
#1756 = ORIENTED_EDGE('',*,*,#1757,.T.);
#1757 = EDGE_CURVE('',#1750,#1758,#1760,.T.);
#1758 = VERTEX_POINT('',#1759);
#1759 = CARTESIAN_POINT('',(-0.37,-1.4875,2.5E-02));
#1760 = LINE('',#1761,#1762);
#1761 = CARTESIAN_POINT('',(-1.4875,-1.4875,2.5E-02));
#1762 = VECTOR('',#1763,1.);
#1763 = DIRECTION('',(1.,1.110223024625E-16,0.));
#1764 = ORIENTED_EDGE('',*,*,#1765,.T.);
#1765 = EDGE_CURVE('',#1758,#1766,#1768,.T.);
#1766 = VERTEX_POINT('',#1767);
#1767 = CARTESIAN_POINT('',(-0.37,-1.1,2.5E-02));
#1768 = LINE('',#1769,#1770);
#1769 = CARTESIAN_POINT('',(-0.37,0.19375,2.5E-02));
#1770 = VECTOR('',#1771,1.);
#1771 = DIRECTION('',(-1.144237745222E-17,1.,0.));
#1772 = ORIENTED_EDGE('',*,*,#1773,.T.);
#1773 = EDGE_CURVE('',#1766,#1774,#1776,.T.);
#1774 = VERTEX_POINT('',#1775);
#1775 = CARTESIAN_POINT('',(-0.13,-1.1,2.5E-02));
#1776 = LINE('',#1777,#1778);
#1777 = CARTESIAN_POINT('',(-0.80875,-1.1,2.5E-02));
#1778 = VECTOR('',#1779,1.);
#1779 = DIRECTION('',(1.,1.144237745222E-17,0.));
#1780 = ORIENTED_EDGE('',*,*,#1781,.T.);
#1781 = EDGE_CURVE('',#1774,#1782,#1784,.T.);
#1782 = VERTEX_POINT('',#1783);
#1783 = CARTESIAN_POINT('',(-0.13,-1.4875,2.5E-02));
#1784 = LINE('',#1785,#1786);
#1785 = CARTESIAN_POINT('',(-0.13,-6.25E-03,2.5E-02));
#1786 = VECTOR('',#1787,1.);
#1787 = DIRECTION('',(1.144237745222E-17,-1.,0.));
#1788 = ORIENTED_EDGE('',*,*,#1789,.T.);
#1789 = EDGE_CURVE('',#1782,#1790,#1792,.T.);
#1790 = VERTEX_POINT('',#1791);
#1791 = CARTESIAN_POINT('',(0.13,-1.4875,2.5E-02));
#1792 = LINE('',#1793,#1794);
#1793 = CARTESIAN_POINT('',(-1.4875,-1.4875,2.5E-02));
#1794 = VECTOR('',#1795,1.);
#1795 = DIRECTION('',(1.,1.110223024625E-16,0.));
#1796 = ORIENTED_EDGE('',*,*,#1797,.T.);
#1797 = EDGE_CURVE('',#1790,#1798,#1800,.T.);
#1798 = VERTEX_POINT('',#1799);
#1799 = CARTESIAN_POINT('',(0.13,-1.1,2.5E-02));
#1800 = LINE('',#1801,#1802);
#1801 = CARTESIAN_POINT('',(0.13,0.19375,2.5E-02));
#1802 = VECTOR('',#1803,1.);
#1803 = DIRECTION('',(-1.144237745222E-17,1.,0.));
#1804 = ORIENTED_EDGE('',*,*,#1805,.T.);
#1805 = EDGE_CURVE('',#1798,#1806,#1808,.T.);
#1806 = VERTEX_POINT('',#1807);
#1807 = CARTESIAN_POINT('',(0.37,-1.1,2.5E-02));
#1808 = LINE('',#1809,#1810);
#1809 = CARTESIAN_POINT('',(-0.55875,-1.1,2.5E-02));
#1810 = VECTOR('',#1811,1.);
#1811 = DIRECTION('',(1.,1.144237745222E-17,0.));
#1812 = ORIENTED_EDGE('',*,*,#1813,.T.);
#1813 = EDGE_CURVE('',#1806,#1814,#1816,.T.);
#1814 = VERTEX_POINT('',#1815);
#1815 = CARTESIAN_POINT('',(0.37,-1.4875,2.5E-02));
#1816 = LINE('',#1817,#1818);
#1817 = CARTESIAN_POINT('',(0.37,-6.25E-03,2.5E-02));
#1818 = VECTOR('',#1819,1.);
#1819 = DIRECTION('',(1.144237745222E-17,-1.,0.));
#1820 = ORIENTED_EDGE('',*,*,#1821,.T.);
#1821 = EDGE_CURVE('',#1814,#1822,#1824,.T.);
#1822 = VERTEX_POINT('',#1823);
#1823 = CARTESIAN_POINT('',(0.63,-1.4875,2.5E-02));
#1824 = LINE('',#1825,#1826);
#1825 = CARTESIAN_POINT('',(-1.4875,-1.4875,2.5E-02));
#1826 = VECTOR('',#1827,1.);
#1827 = DIRECTION('',(1.,1.110223024625E-16,0.));
#1828 = ORIENTED_EDGE('',*,*,#1829,.T.);
#1829 = EDGE_CURVE('',#1822,#1830,#1832,.T.);
#1830 = VERTEX_POINT('',#1831);
#1831 = CARTESIAN_POINT('',(0.63,-1.1,2.5E-02));
#1832 = LINE('',#1833,#1834);
#1833 = CARTESIAN_POINT('',(0.63,0.19375,2.5E-02));
#1834 = VECTOR('',#1835,1.);
#1835 = DIRECTION('',(-1.144237745222E-17,1.,0.));
#1836 = ORIENTED_EDGE('',*,*,#1837,.T.);
#1837 = EDGE_CURVE('',#1830,#1838,#1840,.T.);
#1838 = VERTEX_POINT('',#1839);
#1839 = CARTESIAN_POINT('',(0.87,-1.1,2.5E-02));
#1840 = LINE('',#1841,#1842);
#1841 = CARTESIAN_POINT('',(-0.30875,-1.1,2.5E-02));
#1842 = VECTOR('',#1843,1.);
#1843 = DIRECTION('',(1.,1.144237745222E-17,0.));
#1844 = ORIENTED_EDGE('',*,*,#1845,.T.);
#1845 = EDGE_CURVE('',#1838,#1846,#1848,.T.);
#1846 = VERTEX_POINT('',#1847);
#1847 = CARTESIAN_POINT('',(0.87,-1.4875,2.5E-02));
#1848 = LINE('',#1849,#1850);
#1849 = CARTESIAN_POINT('',(0.87,-6.25E-03,2.5E-02));
#1850 = VECTOR('',#1851,1.);
#1851 = DIRECTION('',(1.144237745222E-17,-1.,0.));
#1852 = ORIENTED_EDGE('',*,*,#1853,.T.);
#1853 = EDGE_CURVE('',#1846,#1447,#1854,.T.);
#1854 = LINE('',#1855,#1856);
#1855 = CARTESIAN_POINT('',(-1.4875,-1.4875,2.5E-02));
#1856 = VECTOR('',#1857,1.);
#1857 = DIRECTION('',(1.,1.110223024625E-16,0.));
#1858 = ORIENTED_EDGE('',*,*,#1454,.F.);
#1859 = ORIENTED_EDGE('',*,*,#1860,.T.);
#1860 = EDGE_CURVE('',#1455,#1861,#1863,.T.);
#1861 = VERTEX_POINT('',#1862);
#1862 = CARTESIAN_POINT('',(1.1,-0.87,2.5E-02));
#1863 = LINE('',#1864,#1865);
#1864 = CARTESIAN_POINT('',(-0.19375,-0.87,2.5E-02));
#1865 = VECTOR('',#1866,1.);
#1866 = DIRECTION('',(-1.,-2.334869823773E-16,0.));
#1867 = ORIENTED_EDGE('',*,*,#1868,.T.);
#1868 = EDGE_CURVE('',#1861,#1869,#1871,.T.);
#1869 = VERTEX_POINT('',#1870);
#1870 = CARTESIAN_POINT('',(1.1,-0.63,2.5E-02));
#1871 = LINE('',#1872,#1873);
#1872 = CARTESIAN_POINT('',(1.1,0.42875,2.5E-02));
#1873 = VECTOR('',#1874,1.);
#1874 = DIRECTION('',(-2.334869823773E-16,1.,0.));
#1875 = ORIENTED_EDGE('',*,*,#1876,.T.);
#1876 = EDGE_CURVE('',#1869,#1479,#1877,.T.);
#1877 = LINE('',#1878,#1879);
#1878 = CARTESIAN_POINT('',(6.25E-03,-0.63,2.5E-02));
#1879 = VECTOR('',#1880,1.);
#1880 = DIRECTION('',(1.,2.334869823773E-16,0.));
#1881 = ORIENTED_EDGE('',*,*,#1486,.F.);
#1882 = ORIENTED_EDGE('',*,*,#1883,.T.);
#1883 = EDGE_CURVE('',#1487,#1884,#1886,.T.);
#1884 = VERTEX_POINT('',#1885);
#1885 = CARTESIAN_POINT('',(1.1,-0.37,2.5E-02));
#1886 = LINE('',#1887,#1888);
#1887 = CARTESIAN_POINT('',(-0.19375,-0.37,2.5E-02));
#1888 = VECTOR('',#1889,1.);
#1889 = DIRECTION('',(-1.,-2.334869823773E-16,0.));
#1890 = ORIENTED_EDGE('',*,*,#1891,.T.);
#1891 = EDGE_CURVE('',#1884,#1892,#1894,.T.);
#1892 = VERTEX_POINT('',#1893);
#1893 = CARTESIAN_POINT('',(1.1,-0.13,2.5E-02));
#1894 = LINE('',#1895,#1896);
#1895 = CARTESIAN_POINT('',(1.1,0.67875,2.5E-02));
#1896 = VECTOR('',#1897,1.);
#1897 = DIRECTION('',(-2.334869823773E-16,1.,0.));
#1898 = ORIENTED_EDGE('',*,*,#1899,.T.);
#1899 = EDGE_CURVE('',#1892,#1511,#1900,.T.);
#1900 = LINE('',#1901,#1902);
#1901 = CARTESIAN_POINT('',(6.25E-03,-0.13,2.5E-02));
#1902 = VECTOR('',#1903,1.);
#1903 = DIRECTION('',(1.,2.334869823773E-16,0.));
#1904 = ORIENTED_EDGE('',*,*,#1518,.F.);
#1905 = ORIENTED_EDGE('',*,*,#1906,.T.);
#1906 = EDGE_CURVE('',#1519,#1907,#1909,.T.);
#1907 = VERTEX_POINT('',#1908);
#1908 = CARTESIAN_POINT('',(1.1,0.13,2.5E-02));
#1909 = LINE('',#1910,#1911);
#1910 = CARTESIAN_POINT('',(-0.19375,0.13,2.5E-02));
#1911 = VECTOR('',#1912,1.);
#1912 = DIRECTION('',(-1.,-2.334869823773E-16,0.));
#1913 = ORIENTED_EDGE('',*,*,#1914,.T.);
#1914 = EDGE_CURVE('',#1907,#1915,#1917,.T.);
#1915 = VERTEX_POINT('',#1916);
#1916 = CARTESIAN_POINT('',(1.1,0.37,2.5E-02));
#1917 = LINE('',#1918,#1919);
#1918 = CARTESIAN_POINT('',(1.1,0.92875,2.5E-02));
#1919 = VECTOR('',#1920,1.);
#1920 = DIRECTION('',(-2.334869823773E-16,1.,0.));
#1921 = ORIENTED_EDGE('',*,*,#1922,.T.);
#1922 = EDGE_CURVE('',#1915,#1543,#1923,.T.);
#1923 = LINE('',#1924,#1925);
#1924 = CARTESIAN_POINT('',(6.25E-03,0.37,2.5E-02));
#1925 = VECTOR('',#1926,1.);
#1926 = DIRECTION('',(1.,2.334869823773E-16,0.));
#1927 = ORIENTED_EDGE('',*,*,#1550,.F.);
#1928 = ORIENTED_EDGE('',*,*,#1929,.T.);
#1929 = EDGE_CURVE('',#1551,#1930,#1932,.T.);
#1930 = VERTEX_POINT('',#1931);
#1931 = CARTESIAN_POINT('',(1.1,0.63,2.5E-02));
#1932 = LINE('',#1933,#1934);
#1933 = CARTESIAN_POINT('',(-0.19375,0.63,2.5E-02));
#1934 = VECTOR('',#1935,1.);
#1935 = DIRECTION('',(-1.,-2.334869823773E-16,0.));
#1936 = ORIENTED_EDGE('',*,*,#1937,.T.);
#1937 = EDGE_CURVE('',#1930,#1938,#1940,.T.);
#1938 = VERTEX_POINT('',#1939);
#1939 = CARTESIAN_POINT('',(1.1,0.87,2.5E-02));
#1940 = LINE('',#1941,#1942);
#1941 = CARTESIAN_POINT('',(1.1,1.17875,2.5E-02));
#1942 = VECTOR('',#1943,1.);
#1943 = DIRECTION('',(-2.334869823773E-16,1.,0.));
#1944 = ORIENTED_EDGE('',*,*,#1945,.T.);
#1945 = EDGE_CURVE('',#1938,#1437,#1946,.T.);
#1946 = LINE('',#1947,#1948);
#1947 = CARTESIAN_POINT('',(6.25E-03,0.87,2.5E-02));
#1948 = VECTOR('',#1949,1.);
#1949 = DIRECTION('',(1.,2.334869823773E-16,0.));
#1950 = ORIENTED_EDGE('',*,*,#1436,.F.);
#1951 = ORIENTED_EDGE('',*,*,#1372,.F.);
#1952 = ORIENTED_EDGE('',*,*,#1953,.T.);
#1953 = EDGE_CURVE('',#1365,#1954,#1956,.T.);
#1954 = VERTEX_POINT('',#1955);
#1955 = CARTESIAN_POINT('',(0.87,1.1,2.5E-02));
#1956 = LINE('',#1957,#1958);
#1957 = CARTESIAN_POINT('',(0.87,1.29375,2.5E-02));
#1958 = VECTOR('',#1959,1.);
#1959 = DIRECTION('',(1.224646799147E-16,-1.,0.));
#1960 = ORIENTED_EDGE('',*,*,#1961,.T.);
#1961 = EDGE_CURVE('',#1954,#1962,#1964,.T.);
#1962 = VERTEX_POINT('',#1963);
#1963 = CARTESIAN_POINT('',(0.63,1.1,2.5E-02));
#1964 = LINE('',#1965,#1966);
#1965 = CARTESIAN_POINT('',(-0.42875,1.1,2.5E-02));
#1966 = VECTOR('',#1967,1.);
#1967 = DIRECTION('',(-1.,-1.224646799147E-16,0.));
#1968 = ORIENTED_EDGE('',*,*,#1969,.T.);
#1969 = EDGE_CURVE('',#1962,#1341,#1970,.T.);
#1970 = LINE('',#1971,#1972);
#1971 = CARTESIAN_POINT('',(0.63,1.49375,2.5E-02));
#1972 = VECTOR('',#1973,1.);
#1973 = DIRECTION('',(-1.224646799147E-16,1.,0.));
#1974 = ORIENTED_EDGE('',*,*,#1340,.F.);
#1975 = ORIENTED_EDGE('',*,*,#1976,.T.);
#1976 = EDGE_CURVE('',#1333,#1977,#1979,.T.);
#1977 = VERTEX_POINT('',#1978);
#1978 = CARTESIAN_POINT('',(0.37,1.1,2.5E-02));
#1979 = LINE('',#1980,#1981);
#1980 = CARTESIAN_POINT('',(0.37,1.29375,2.5E-02));
#1981 = VECTOR('',#1982,1.);
#1982 = DIRECTION('',(1.224646799147E-16,-1.,0.));
#1983 = ORIENTED_EDGE('',*,*,#1984,.T.);
#1984 = EDGE_CURVE('',#1977,#1985,#1987,.T.);
#1985 = VERTEX_POINT('',#1986);
#1986 = CARTESIAN_POINT('',(0.13,1.1,2.5E-02));
#1987 = LINE('',#1988,#1989);
#1988 = CARTESIAN_POINT('',(-0.67875,1.1,2.5E-02));
#1989 = VECTOR('',#1990,1.);
#1990 = DIRECTION('',(-1.,-1.224646799147E-16,0.));
#1991 = ORIENTED_EDGE('',*,*,#1992,.T.);
#1992 = EDGE_CURVE('',#1985,#1309,#1993,.T.);
#1993 = LINE('',#1994,#1995);
#1994 = CARTESIAN_POINT('',(0.13,1.49375,2.5E-02));
#1995 = VECTOR('',#1996,1.);
#1996 = DIRECTION('',(-1.224646799147E-16,1.,0.));
#1997 = ORIENTED_EDGE('',*,*,#1308,.F.);
#1998 = ORIENTED_EDGE('',*,*,#1999,.T.);
#1999 = EDGE_CURVE('',#1301,#2000,#2002,.T.);
#2000 = VERTEX_POINT('',#2001);
#2001 = CARTESIAN_POINT('',(-0.13,1.1,2.5E-02));
#2002 = LINE('',#2003,#2004);
#2003 = CARTESIAN_POINT('',(-0.13,1.29375,2.5E-02));
#2004 = VECTOR('',#2005,1.);
#2005 = DIRECTION('',(1.224646799147E-16,-1.,0.));
#2006 = ORIENTED_EDGE('',*,*,#2007,.T.);
#2007 = EDGE_CURVE('',#2000,#2008,#2010,.T.);
#2008 = VERTEX_POINT('',#2009);
#2009 = CARTESIAN_POINT('',(-0.37,1.1,2.5E-02));
#2010 = LINE('',#2011,#2012);
#2011 = CARTESIAN_POINT('',(-0.92875,1.1,2.5E-02));
#2012 = VECTOR('',#2013,1.);
#2013 = DIRECTION('',(-1.,-1.224646799147E-16,0.));
#2014 = ORIENTED_EDGE('',*,*,#2015,.T.);
#2015 = EDGE_CURVE('',#2008,#1277,#2016,.T.);
#2016 = LINE('',#2017,#2018);
#2017 = CARTESIAN_POINT('',(-0.37,1.49375,2.5E-02));
#2018 = VECTOR('',#2019,1.);
#2019 = DIRECTION('',(-1.224646799147E-16,1.,0.));
#2020 = ORIENTED_EDGE('',*,*,#1276,.F.);
#2021 = ORIENTED_EDGE('',*,*,#2022,.T.);
#2022 = EDGE_CURVE('',#1269,#2023,#2025,.T.);
#2023 = VERTEX_POINT('',#2024);
#2024 = CARTESIAN_POINT('',(-0.63,1.1,2.5E-02));
#2025 = LINE('',#2026,#2027);
#2026 = CARTESIAN_POINT('',(-0.63,1.29375,2.5E-02));
#2027 = VECTOR('',#2028,1.);
#2028 = DIRECTION('',(1.224646799147E-16,-1.,0.));
#2029 = ORIENTED_EDGE('',*,*,#2030,.T.);
#2030 = EDGE_CURVE('',#2023,#2031,#2033,.T.);
#2031 = VERTEX_POINT('',#2032);
#2032 = CARTESIAN_POINT('',(-0.87,1.1,2.5E-02));
#2033 = LINE('',#2034,#2035);
#2034 = CARTESIAN_POINT('',(-1.17875,1.1,2.5E-02));
#2035 = VECTOR('',#2036,1.);
#2036 = DIRECTION('',(-1.,-1.224646799147E-16,0.));
#2037 = ORIENTED_EDGE('',*,*,#2038,.T.);
#2038 = EDGE_CURVE('',#2031,#1245,#2039,.T.);
#2039 = LINE('',#2040,#2041);
#2040 = CARTESIAN_POINT('',(-0.87,1.49375,2.5E-02));
#2041 = VECTOR('',#2042,1.);
#2042 = DIRECTION('',(-1.224646799147E-16,1.,0.));
#2043 = FACE_BOUND('',#2044,.F.);
#2044 = EDGE_LOOP('',(#2045,#2055,#2063,#2071,#2079));
#2045 = ORIENTED_EDGE('',*,*,#2046,.T.);
#2046 = EDGE_CURVE('',#2047,#2049,#2051,.T.);
#2047 = VERTEX_POINT('',#2048);
#2048 = CARTESIAN_POINT('',(0.85,-0.85,2.5E-02));
#2049 = VERTEX_POINT('',#2050);
#2050 = CARTESIAN_POINT('',(-0.85,-0.85,2.5E-02));
#2051 = LINE('',#2052,#2053);
#2052 = CARTESIAN_POINT('',(-1.16875,-0.85,2.5E-02));
#2053 = VECTOR('',#2054,1.);
#2054 = DIRECTION('',(-1.,-1.763295392052E-16,0.));
#2055 = ORIENTED_EDGE('',*,*,#2056,.T.);
#2056 = EDGE_CURVE('',#2049,#2057,#2059,.T.);
#2057 = VERTEX_POINT('',#2058);
#2058 = CARTESIAN_POINT('',(-0.85,0.65,2.5E-02));
#2059 = LINE('',#2060,#2061);
#2060 = CARTESIAN_POINT('',(-0.85,1.06875,2.5E-02));
#2061 = VECTOR('',#2062,1.);
#2062 = DIRECTION('',(-1.110223024625E-16,1.,0.));
#2063 = ORIENTED_EDGE('',*,*,#2064,.T.);
#2064 = EDGE_CURVE('',#2057,#2065,#2067,.T.);
#2065 = VERTEX_POINT('',#2066);
#2066 = CARTESIAN_POINT('',(-0.65,0.85,2.5E-02));
#2067 = LINE('',#2068,#2069);
#2068 = CARTESIAN_POINT('',(-0.7,0.8,2.5E-02));
#2069 = VECTOR('',#2070,1.);
#2070 = DIRECTION('',(0.707106781187,0.707106781187,0.));
#2071 = ORIENTED_EDGE('',*,*,#2072,.T.);
#2072 = EDGE_CURVE('',#2065,#2073,#2075,.T.);
#2073 = VERTEX_POINT('',#2074);
#2074 = CARTESIAN_POINT('',(0.85,0.85,2.5E-02));
#2075 = LINE('',#2076,#2077);
#2076 = CARTESIAN_POINT('',(-0.31875,0.85,2.5E-02));
#2077 = VECTOR('',#2078,1.);
#2078 = DIRECTION('',(1.,1.110223024625E-16,0.));
#2079 = ORIENTED_EDGE('',*,*,#2080,.T.);
#2080 = EDGE_CURVE('',#2073,#2047,#2081,.T.);
#2081 = LINE('',#2082,#2083);
#2082 = CARTESIAN_POINT('',(0.85,0.31875,2.5E-02));
#2083 = VECTOR('',#2084,1.);
#2084 = DIRECTION('',(1.110223024625E-16,-1.,0.));
#2085 = PLANE('',#2086);
#2086 = AXIS2_PLACEMENT_3D('',#2087,#2088,#2089);
#2087 = CARTESIAN_POINT('',(-1.4875,1.4875,2.5E-02));
#2088 = DIRECTION('',(0.,0.,1.));
#2089 = DIRECTION('',(1.110223024625E-16,-1.,0.));
#2090 = ADVANCED_FACE('',(#2091),#2125,.F.);
#2091 = FACE_BOUND('',#2092,.F.);
#2092 = EDGE_LOOP('',(#2093,#2103,#2109,#2110,#2111,#2119));
#2093 = ORIENTED_EDGE('',*,*,#2094,.F.);
#2094 = EDGE_CURVE('',#2095,#2097,#2099,.T.);
#2095 = VERTEX_POINT('',#2096);
#2096 = CARTESIAN_POINT('',(0.87,1.1,0.));
#2097 = VERTEX_POINT('',#2098);
#2098 = CARTESIAN_POINT('',(0.87,1.5,0.));
#2099 = LINE('',#2100,#2101);
#2100 = CARTESIAN_POINT('',(0.87,1.1,0.));
#2101 = VECTOR('',#2102,1.);
#2102 = DIRECTION('',(-1.224646799147E-16,1.,0.));
#2103 = ORIENTED_EDGE('',*,*,#2104,.T.);
#2104 = EDGE_CURVE('',#2095,#1954,#2105,.T.);
#2105 = LINE('',#2106,#2107);
#2106 = CARTESIAN_POINT('',(0.87,1.1,0.));
#2107 = VECTOR('',#2108,1.);
#2108 = DIRECTION('',(0.,0.,1.));
#2109 = ORIENTED_EDGE('',*,*,#1953,.F.);
#2110 = ORIENTED_EDGE('',*,*,#1364,.F.);
#2111 = ORIENTED_EDGE('',*,*,#2112,.T.);
#2112 = EDGE_CURVE('',#1357,#2113,#2115,.T.);
#2113 = VERTEX_POINT('',#2114);
#2114 = CARTESIAN_POINT('',(0.87,1.5,0.2));
#2115 = LINE('',#2116,#2117);
#2116 = CARTESIAN_POINT('',(0.87,1.1,0.2));
#2117 = VECTOR('',#2118,1.);
#2118 = DIRECTION('',(-1.224646799147E-16,1.,0.));
#2119 = ORIENTED_EDGE('',*,*,#2120,.F.);
#2120 = EDGE_CURVE('',#2097,#2113,#2121,.T.);
#2121 = LINE('',#2122,#2123);
#2122 = CARTESIAN_POINT('',(0.87,1.5,0.));
#2123 = VECTOR('',#2124,1.);
#2124 = DIRECTION('',(0.,0.,1.));
#2125 = PLANE('',#2126);
#2126 = AXIS2_PLACEMENT_3D('',#2127,#2128,#2129);
#2127 = CARTESIAN_POINT('',(0.87,1.1,0.));
#2128 = DIRECTION('',(-1.,-1.224646799147E-16,0.));
#2129 = DIRECTION('',(-1.224646799147E-16,1.,0.));
#2130 = ADVANCED_FACE('',(#2131),#2149,.T.);
#2131 = FACE_BOUND('',#2132,.T.);
#2132 = EDGE_LOOP('',(#2133,#2141,#2147,#2148));
#2133 = ORIENTED_EDGE('',*,*,#2134,.T.);
#2134 = EDGE_CURVE('',#2113,#2135,#2137,.T.);
#2135 = VERTEX_POINT('',#2136);
#2136 = CARTESIAN_POINT('',(0.63,1.5,0.2));
#2137 = LINE('',#2138,#2139);
#2138 = CARTESIAN_POINT('',(0.87,1.5,0.2));
#2139 = VECTOR('',#2140,1.);
#2140 = DIRECTION('',(-1.,-1.224646799147E-16,0.));
#2141 = ORIENTED_EDGE('',*,*,#2142,.T.);
#2142 = EDGE_CURVE('',#2135,#1349,#2143,.T.);
#2143 = LINE('',#2144,#2145);
#2144 = CARTESIAN_POINT('',(0.63,1.5,0.2));
#2145 = VECTOR('',#2146,1.);
#2146 = DIRECTION('',(1.224646799147E-16,-1.,0.));
#2147 = ORIENTED_EDGE('',*,*,#1356,.F.);
#2148 = ORIENTED_EDGE('',*,*,#2112,.T.);
#2149 = PLANE('',#2150);
#2150 = AXIS2_PLACEMENT_3D('',#2151,#2152,#2153);
#2151 = CARTESIAN_POINT('',(0.75,1.3,0.2));
#2152 = DIRECTION('',(0.,0.,1.));
#2153 = DIRECTION('',(-1.,-1.224646799147E-16,0.));
#2154 = ADVANCED_FACE('',(#2155),#2182,.F.);
#2155 = FACE_BOUND('',#2156,.F.);
#2156 = EDGE_LOOP('',(#2157,#2167,#2173,#2174,#2175,#2176));
#2157 = ORIENTED_EDGE('',*,*,#2158,.F.);
#2158 = EDGE_CURVE('',#2159,#2161,#2163,.T.);
#2159 = VERTEX_POINT('',#2160);
#2160 = CARTESIAN_POINT('',(0.63,1.5,0.));
#2161 = VERTEX_POINT('',#2162);
#2162 = CARTESIAN_POINT('',(0.63,1.1,0.));
#2163 = LINE('',#2164,#2165);
#2164 = CARTESIAN_POINT('',(0.63,1.5,0.));
#2165 = VECTOR('',#2166,1.);
#2166 = DIRECTION('',(1.224646799147E-16,-1.,0.));
#2167 = ORIENTED_EDGE('',*,*,#2168,.T.);
#2168 = EDGE_CURVE('',#2159,#2135,#2169,.T.);
#2169 = LINE('',#2170,#2171);
#2170 = CARTESIAN_POINT('',(0.63,1.5,0.));
#2171 = VECTOR('',#2172,1.);
#2172 = DIRECTION('',(0.,0.,1.));
#2173 = ORIENTED_EDGE('',*,*,#2142,.T.);
#2174 = ORIENTED_EDGE('',*,*,#1348,.F.);
#2175 = ORIENTED_EDGE('',*,*,#1969,.F.);
#2176 = ORIENTED_EDGE('',*,*,#2177,.F.);
#2177 = EDGE_CURVE('',#2161,#1962,#2178,.T.);
#2178 = LINE('',#2179,#2180);
#2179 = CARTESIAN_POINT('',(0.63,1.1,0.));
#2180 = VECTOR('',#2181,1.);
#2181 = DIRECTION('',(0.,0.,1.));
#2182 = PLANE('',#2183);
#2183 = AXIS2_PLACEMENT_3D('',#2184,#2185,#2186);
#2184 = CARTESIAN_POINT('',(0.63,1.5,0.));
#2185 = DIRECTION('',(1.,1.224646799147E-16,0.));
#2186 = DIRECTION('',(1.224646799147E-16,-1.,0.));
#2187 = ADVANCED_FACE('',(#2188),#2222,.F.);
#2188 = FACE_BOUND('',#2189,.F.);
#2189 = EDGE_LOOP('',(#2190,#2200,#2206,#2207,#2208,#2216));
#2190 = ORIENTED_EDGE('',*,*,#2191,.F.);
#2191 = EDGE_CURVE('',#2192,#2194,#2196,.T.);
#2192 = VERTEX_POINT('',#2193);
#2193 = CARTESIAN_POINT('',(0.37,1.1,0.));
#2194 = VERTEX_POINT('',#2195);
#2195 = CARTESIAN_POINT('',(0.37,1.5,0.));
#2196 = LINE('',#2197,#2198);
#2197 = CARTESIAN_POINT('',(0.37,1.1,0.));
#2198 = VECTOR('',#2199,1.);
#2199 = DIRECTION('',(-1.224646799147E-16,1.,0.));
#2200 = ORIENTED_EDGE('',*,*,#2201,.T.);
#2201 = EDGE_CURVE('',#2192,#1977,#2202,.T.);
#2202 = LINE('',#2203,#2204);
#2203 = CARTESIAN_POINT('',(0.37,1.1,0.));
#2204 = VECTOR('',#2205,1.);
#2205 = DIRECTION('',(0.,0.,1.));
#2206 = ORIENTED_EDGE('',*,*,#1976,.F.);
#2207 = ORIENTED_EDGE('',*,*,#1332,.F.);
#2208 = ORIENTED_EDGE('',*,*,#2209,.T.);
#2209 = EDGE_CURVE('',#1325,#2210,#2212,.T.);
#2210 = VERTEX_POINT('',#2211);
#2211 = CARTESIAN_POINT('',(0.37,1.5,0.2));
#2212 = LINE('',#2213,#2214);
#2213 = CARTESIAN_POINT('',(0.37,1.1,0.2));
#2214 = VECTOR('',#2215,1.);
#2215 = DIRECTION('',(-1.224646799147E-16,1.,0.));
#2216 = ORIENTED_EDGE('',*,*,#2217,.F.);
#2217 = EDGE_CURVE('',#2194,#2210,#2218,.T.);
#2218 = LINE('',#2219,#2220);
#2219 = CARTESIAN_POINT('',(0.37,1.5,0.));
#2220 = VECTOR('',#2221,1.);
#2221 = DIRECTION('',(0.,0.,1.));
#2222 = PLANE('',#2223);
#2223 = AXIS2_PLACEMENT_3D('',#2224,#2225,#2226);
#2224 = CARTESIAN_POINT('',(0.37,1.1,0.));
#2225 = DIRECTION('',(-1.,-1.224646799147E-16,0.));
#2226 = DIRECTION('',(-1.224646799147E-16,1.,0.));
#2227 = ADVANCED_FACE('',(#2228),#2246,.T.);
#2228 = FACE_BOUND('',#2229,.T.);
#2229 = EDGE_LOOP('',(#2230,#2238,#2244,#2245));
#2230 = ORIENTED_EDGE('',*,*,#2231,.T.);
#2231 = EDGE_CURVE('',#2210,#2232,#2234,.T.);
#2232 = VERTEX_POINT('',#2233);
#2233 = CARTESIAN_POINT('',(0.13,1.5,0.2));
#2234 = LINE('',#2235,#2236);
#2235 = CARTESIAN_POINT('',(0.37,1.5,0.2));
#2236 = VECTOR('',#2237,1.);
#2237 = DIRECTION('',(-1.,-1.224646799147E-16,0.));
#2238 = ORIENTED_EDGE('',*,*,#2239,.T.);
#2239 = EDGE_CURVE('',#2232,#1317,#2240,.T.);
#2240 = LINE('',#2241,#2242);
#2241 = CARTESIAN_POINT('',(0.13,1.5,0.2));
#2242 = VECTOR('',#2243,1.);
#2243 = DIRECTION('',(1.224646799147E-16,-1.,0.));
#2244 = ORIENTED_EDGE('',*,*,#1324,.F.);
#2245 = ORIENTED_EDGE('',*,*,#2209,.T.);
#2246 = PLANE('',#2247);
#2247 = AXIS2_PLACEMENT_3D('',#2248,#2249,#2250);
#2248 = CARTESIAN_POINT('',(0.25,1.3,0.2));
#2249 = DIRECTION('',(0.,0.,1.));
#2250 = DIRECTION('',(-1.,-1.224646799147E-16,0.));
#2251 = ADVANCED_FACE('',(#2252),#2279,.F.);
#2252 = FACE_BOUND('',#2253,.F.);
#2253 = EDGE_LOOP('',(#2254,#2264,#2270,#2271,#2272,#2273));
#2254 = ORIENTED_EDGE('',*,*,#2255,.F.);
#2255 = EDGE_CURVE('',#2256,#2258,#2260,.T.);
#2256 = VERTEX_POINT('',#2257);
#2257 = CARTESIAN_POINT('',(0.13,1.5,0.));
#2258 = VERTEX_POINT('',#2259);
#2259 = CARTESIAN_POINT('',(0.13,1.1,0.));
#2260 = LINE('',#2261,#2262);
#2261 = CARTESIAN_POINT('',(0.13,1.5,0.));
#2262 = VECTOR('',#2263,1.);
#2263 = DIRECTION('',(1.224646799147E-16,-1.,0.));
#2264 = ORIENTED_EDGE('',*,*,#2265,.T.);
#2265 = EDGE_CURVE('',#2256,#2232,#2266,.T.);
#2266 = LINE('',#2267,#2268);
#2267 = CARTESIAN_POINT('',(0.13,1.5,0.));
#2268 = VECTOR('',#2269,1.);
#2269 = DIRECTION('',(0.,0.,1.));
#2270 = ORIENTED_EDGE('',*,*,#2239,.T.);
#2271 = ORIENTED_EDGE('',*,*,#1316,.F.);
#2272 = ORIENTED_EDGE('',*,*,#1992,.F.);
#2273 = ORIENTED_EDGE('',*,*,#2274,.F.);
#2274 = EDGE_CURVE('',#2258,#1985,#2275,.T.);
#2275 = LINE('',#2276,#2277);
#2276 = CARTESIAN_POINT('',(0.13,1.1,0.));
#2277 = VECTOR('',#2278,1.);
#2278 = DIRECTION('',(0.,0.,1.));
#2279 = PLANE('',#2280);
#2280 = AXIS2_PLACEMENT_3D('',#2281,#2282,#2283);
#2281 = CARTESIAN_POINT('',(0.13,1.5,0.));
#2282 = DIRECTION('',(1.,1.224646799147E-16,0.));
#2283 = DIRECTION('',(1.224646799147E-16,-1.,0.));
#2284 = ADVANCED_FACE('',(#2285),#2319,.F.);
#2285 = FACE_BOUND('',#2286,.F.);
#2286 = EDGE_LOOP('',(#2287,#2297,#2303,#2304,#2305,#2313));
#2287 = ORIENTED_EDGE('',*,*,#2288,.F.);
#2288 = EDGE_CURVE('',#2289,#2291,#2293,.T.);
#2289 = VERTEX_POINT('',#2290);
#2290 = CARTESIAN_POINT('',(-0.13,1.1,0.));
#2291 = VERTEX_POINT('',#2292);
#2292 = CARTESIAN_POINT('',(-0.13,1.5,0.));
#2293 = LINE('',#2294,#2295);
#2294 = CARTESIAN_POINT('',(-0.13,1.1,0.));
#2295 = VECTOR('',#2296,1.);
#2296 = DIRECTION('',(-1.224646799147E-16,1.,0.));
#2297 = ORIENTED_EDGE('',*,*,#2298,.T.);
#2298 = EDGE_CURVE('',#2289,#2000,#2299,.T.);
#2299 = LINE('',#2300,#2301);
#2300 = CARTESIAN_POINT('',(-0.13,1.1,0.));
#2301 = VECTOR('',#2302,1.);
#2302 = DIRECTION('',(0.,0.,1.));
#2303 = ORIENTED_EDGE('',*,*,#1999,.F.);
#2304 = ORIENTED_EDGE('',*,*,#1300,.F.);
#2305 = ORIENTED_EDGE('',*,*,#2306,.T.);
#2306 = EDGE_CURVE('',#1293,#2307,#2309,.T.);
#2307 = VERTEX_POINT('',#2308);
#2308 = CARTESIAN_POINT('',(-0.13,1.5,0.2));
#2309 = LINE('',#2310,#2311);
#2310 = CARTESIAN_POINT('',(-0.13,1.1,0.2));
#2311 = VECTOR('',#2312,1.);
#2312 = DIRECTION('',(-1.224646799147E-16,1.,0.));
#2313 = ORIENTED_EDGE('',*,*,#2314,.F.);
#2314 = EDGE_CURVE('',#2291,#2307,#2315,.T.);
#2315 = LINE('',#2316,#2317);
#2316 = CARTESIAN_POINT('',(-0.13,1.5,0.));
#2317 = VECTOR('',#2318,1.);
#2318 = DIRECTION('',(0.,0.,1.));
#2319 = PLANE('',#2320);
#2320 = AXIS2_PLACEMENT_3D('',#2321,#2322,#2323);
#2321 = CARTESIAN_POINT('',(-0.13,1.1,0.));
#2322 = DIRECTION('',(-1.,-1.224646799147E-16,0.));
#2323 = DIRECTION('',(-1.224646799147E-16,1.,0.));
#2324 = ADVANCED_FACE('',(#2325),#2343,.T.);
#2325 = FACE_BOUND('',#2326,.T.);
#2326 = EDGE_LOOP('',(#2327,#2335,#2341,#2342));
#2327 = ORIENTED_EDGE('',*,*,#2328,.T.);
#2328 = EDGE_CURVE('',#2307,#2329,#2331,.T.);
#2329 = VERTEX_POINT('',#2330);
#2330 = CARTESIAN_POINT('',(-0.37,1.5,0.2));
#2331 = LINE('',#2332,#2333);
#2332 = CARTESIAN_POINT('',(-0.13,1.5,0.2));
#2333 = VECTOR('',#2334,1.);
#2334 = DIRECTION('',(-1.,-1.224646799147E-16,0.));
#2335 = ORIENTED_EDGE('',*,*,#2336,.T.);
#2336 = EDGE_CURVE('',#2329,#1285,#2337,.T.);
#2337 = LINE('',#2338,#2339);
#2338 = CARTESIAN_POINT('',(-0.37,1.5,0.2));
#2339 = VECTOR('',#2340,1.);
#2340 = DIRECTION('',(1.224646799147E-16,-1.,0.));
#2341 = ORIENTED_EDGE('',*,*,#1292,.F.);
#2342 = ORIENTED_EDGE('',*,*,#2306,.T.);
#2343 = PLANE('',#2344);
#2344 = AXIS2_PLACEMENT_3D('',#2345,#2346,#2347);
#2345 = CARTESIAN_POINT('',(-0.25,1.3,0.2));
#2346 = DIRECTION('',(0.,0.,1.));
#2347 = DIRECTION('',(-1.,-1.224646799147E-16,0.));
#2348 = ADVANCED_FACE('',(#2349),#2376,.F.);
#2349 = FACE_BOUND('',#2350,.F.);
#2350 = EDGE_LOOP('',(#2351,#2361,#2367,#2368,#2369,#2370));
#2351 = ORIENTED_EDGE('',*,*,#2352,.F.);
#2352 = EDGE_CURVE('',#2353,#2355,#2357,.T.);
#2353 = VERTEX_POINT('',#2354);
#2354 = CARTESIAN_POINT('',(-0.37,1.5,0.));
#2355 = VERTEX_POINT('',#2356);
#2356 = CARTESIAN_POINT('',(-0.37,1.1,0.));
#2357 = LINE('',#2358,#2359);
#2358 = CARTESIAN_POINT('',(-0.37,1.5,0.));
#2359 = VECTOR('',#2360,1.);
#2360 = DIRECTION('',(1.224646799147E-16,-1.,0.));
#2361 = ORIENTED_EDGE('',*,*,#2362,.T.);
#2362 = EDGE_CURVE('',#2353,#2329,#2363,.T.);
#2363 = LINE('',#2364,#2365);
#2364 = CARTESIAN_POINT('',(-0.37,1.5,0.));
#2365 = VECTOR('',#2366,1.);
#2366 = DIRECTION('',(0.,0.,1.));
#2367 = ORIENTED_EDGE('',*,*,#2336,.T.);
#2368 = ORIENTED_EDGE('',*,*,#1284,.F.);
#2369 = ORIENTED_EDGE('',*,*,#2015,.F.);
#2370 = ORIENTED_EDGE('',*,*,#2371,.F.);
#2371 = EDGE_CURVE('',#2355,#2008,#2372,.T.);
#2372 = LINE('',#2373,#2374);
#2373 = CARTESIAN_POINT('',(-0.37,1.1,0.));
#2374 = VECTOR('',#2375,1.);
#2375 = DIRECTION('',(0.,0.,1.));
#2376 = PLANE('',#2377);
#2377 = AXIS2_PLACEMENT_3D('',#2378,#2379,#2380);
#2378 = CARTESIAN_POINT('',(-0.37,1.5,0.));
#2379 = DIRECTION('',(1.,1.224646799147E-16,0.));
#2380 = DIRECTION('',(1.224646799147E-16,-1.,0.));
#2381 = ADVANCED_FACE('',(#2382),#2416,.F.);
#2382 = FACE_BOUND('',#2383,.F.);
#2383 = EDGE_LOOP('',(#2384,#2394,#2400,#2401,#2402,#2410));
#2384 = ORIENTED_EDGE('',*,*,#2385,.F.);
#2385 = EDGE_CURVE('',#2386,#2388,#2390,.T.);
#2386 = VERTEX_POINT('',#2387);
#2387 = CARTESIAN_POINT('',(-0.63,1.1,0.));
#2388 = VERTEX_POINT('',#2389);
#2389 = CARTESIAN_POINT('',(-0.63,1.5,0.));
#2390 = LINE('',#2391,#2392);
#2391 = CARTESIAN_POINT('',(-0.63,1.1,0.));
#2392 = VECTOR('',#2393,1.);
#2393 = DIRECTION('',(-1.224646799147E-16,1.,0.));
#2394 = ORIENTED_EDGE('',*,*,#2395,.T.);
#2395 = EDGE_CURVE('',#2386,#2023,#2396,.T.);
#2396 = LINE('',#2397,#2398);
#2397 = CARTESIAN_POINT('',(-0.63,1.1,0.));
#2398 = VECTOR('',#2399,1.);
#2399 = DIRECTION('',(0.,0.,1.));
#2400 = ORIENTED_EDGE('',*,*,#2022,.F.);
#2401 = ORIENTED_EDGE('',*,*,#1268,.F.);
#2402 = ORIENTED_EDGE('',*,*,#2403,.T.);
#2403 = EDGE_CURVE('',#1261,#2404,#2406,.T.);
#2404 = VERTEX_POINT('',#2405);
#2405 = CARTESIAN_POINT('',(-0.63,1.5,0.2));
#2406 = LINE('',#2407,#2408);
#2407 = CARTESIAN_POINT('',(-0.63,1.1,0.2));
#2408 = VECTOR('',#2409,1.);
#2409 = DIRECTION('',(-1.224646799147E-16,1.,0.));
#2410 = ORIENTED_EDGE('',*,*,#2411,.F.);
#2411 = EDGE_CURVE('',#2388,#2404,#2412,.T.);
#2412 = LINE('',#2413,#2414);
#2413 = CARTESIAN_POINT('',(-0.63,1.5,0.));
#2414 = VECTOR('',#2415,1.);
#2415 = DIRECTION('',(0.,0.,1.));
#2416 = PLANE('',#2417);
#2417 = AXIS2_PLACEMENT_3D('',#2418,#2419,#2420);
#2418 = CARTESIAN_POINT('',(-0.63,1.1,0.));
#2419 = DIRECTION('',(-1.,-1.224646799147E-16,0.));
#2420 = DIRECTION('',(-1.224646799147E-16,1.,0.));
#2421 = ADVANCED_FACE('',(#2422),#2440,.T.);
#2422 = FACE_BOUND('',#2423,.T.);
#2423 = EDGE_LOOP('',(#2424,#2432,#2438,#2439));
#2424 = ORIENTED_EDGE('',*,*,#2425,.T.);
#2425 = EDGE_CURVE('',#2404,#2426,#2428,.T.);
#2426 = VERTEX_POINT('',#2427);
#2427 = CARTESIAN_POINT('',(-0.87,1.5,0.2));
#2428 = LINE('',#2429,#2430);
#2429 = CARTESIAN_POINT('',(-0.63,1.5,0.2));
#2430 = VECTOR('',#2431,1.);
#2431 = DIRECTION('',(-1.,-1.224646799147E-16,0.));
#2432 = ORIENTED_EDGE('',*,*,#2433,.T.);
#2433 = EDGE_CURVE('',#2426,#1253,#2434,.T.);
#2434 = LINE('',#2435,#2436);
#2435 = CARTESIAN_POINT('',(-0.87,1.5,0.2));
#2436 = VECTOR('',#2437,1.);
#2437 = DIRECTION('',(1.224646799147E-16,-1.,0.));
#2438 = ORIENTED_EDGE('',*,*,#1260,.F.);
#2439 = ORIENTED_EDGE('',*,*,#2403,.T.);
#2440 = PLANE('',#2441);
#2441 = AXIS2_PLACEMENT_3D('',#2442,#2443,#2444);
#2442 = CARTESIAN_POINT('',(-0.75,1.3,0.2));
#2443 = DIRECTION('',(0.,0.,1.));
#2444 = DIRECTION('',(-1.,-1.224646799147E-16,0.));
#2445 = ADVANCED_FACE('',(#2446),#2473,.F.);
#2446 = FACE_BOUND('',#2447,.F.);
#2447 = EDGE_LOOP('',(#2448,#2458,#2464,#2465,#2466,#2467));
#2448 = ORIENTED_EDGE('',*,*,#2449,.F.);
#2449 = EDGE_CURVE('',#2450,#2452,#2454,.T.);
#2450 = VERTEX_POINT('',#2451);
#2451 = CARTESIAN_POINT('',(-0.87,1.5,0.));
#2452 = VERTEX_POINT('',#2453);
#2453 = CARTESIAN_POINT('',(-0.87,1.1,0.));
#2454 = LINE('',#2455,#2456);
#2455 = CARTESIAN_POINT('',(-0.87,1.5,0.));
#2456 = VECTOR('',#2457,1.);
#2457 = DIRECTION('',(1.224646799147E-16,-1.,0.));
#2458 = ORIENTED_EDGE('',*,*,#2459,.T.);
#2459 = EDGE_CURVE('',#2450,#2426,#2460,.T.);
#2460 = LINE('',#2461,#2462);
#2461 = CARTESIAN_POINT('',(-0.87,1.5,0.));
#2462 = VECTOR('',#2463,1.);
#2463 = DIRECTION('',(0.,0.,1.));
#2464 = ORIENTED_EDGE('',*,*,#2433,.T.);
#2465 = ORIENTED_EDGE('',*,*,#1252,.F.);
#2466 = ORIENTED_EDGE('',*,*,#2038,.F.);
#2467 = ORIENTED_EDGE('',*,*,#2468,.F.);
#2468 = EDGE_CURVE('',#2452,#2031,#2469,.T.);
#2469 = LINE('',#2470,#2471);
#2470 = CARTESIAN_POINT('',(-0.87,1.1,0.));
#2471 = VECTOR('',#2472,1.);
#2472 = DIRECTION('',(0.,0.,1.));
#2473 = PLANE('',#2474);
#2474 = AXIS2_PLACEMENT_3D('',#2475,#2476,#2477);
#2475 = CARTESIAN_POINT('',(-0.87,1.5,0.));
#2476 = DIRECTION('',(1.,1.224646799147E-16,0.));
#2477 = DIRECTION('',(1.224646799147E-16,-1.,0.));
#2478 = ADVANCED_FACE('',(#2479),#2582,.F.);
#2479 = FACE_BOUND('',#2480,.F.);
#2480 = EDGE_LOOP('',(#2481,#2482,#2483,#2484,#2490,#2491,#2499,#2507,
    #2513,#2514,#2522,#2530,#2536,#2537,#2545,#2553,#2559,#2560,#2568,
    #2576));
#2481 = ORIENTED_EDGE('',*,*,#1589,.F.);
#2482 = ORIENTED_EDGE('',*,*,#1236,.T.);
#2483 = ORIENTED_EDGE('',*,*,#1395,.T.);
#2484 = ORIENTED_EDGE('',*,*,#2485,.F.);
#2485 = EDGE_CURVE('',#1718,#1396,#2486,.T.);
#2486 = LINE('',#2487,#2488);
#2487 = CARTESIAN_POINT('',(-1.4875,-1.4875,2.5E-02));
#2488 = VECTOR('',#2489,1.);
#2489 = DIRECTION('',(0.,0.,1.));
#2490 = ORIENTED_EDGE('',*,*,#1717,.F.);
#2491 = ORIENTED_EDGE('',*,*,#2492,.T.);
#2492 = EDGE_CURVE('',#1710,#2493,#2495,.T.);
#2493 = VERTEX_POINT('',#2494);
#2494 = CARTESIAN_POINT('',(-1.4875,-0.87,0.2));
#2495 = LINE('',#2496,#2497);
#2496 = CARTESIAN_POINT('',(-1.4875,-0.87,1.25E-02));
#2497 = VECTOR('',#2498,1.);
#2498 = DIRECTION('',(0.,0.,1.));
#2499 = ORIENTED_EDGE('',*,*,#2500,.F.);
#2500 = EDGE_CURVE('',#2501,#2493,#2503,.T.);
#2501 = VERTEX_POINT('',#2502);
#2502 = CARTESIAN_POINT('',(-1.4875,-0.63,0.2));
#2503 = LINE('',#2504,#2505);
#2504 = CARTESIAN_POINT('',(-1.4875,0.36875,0.2));
#2505 = VECTOR('',#2506,1.);
#2506 = DIRECTION('',(1.110223024625E-16,-1.,0.));
#2507 = ORIENTED_EDGE('',*,*,#2508,.T.);
#2508 = EDGE_CURVE('',#2501,#1686,#2509,.T.);
#2509 = LINE('',#2510,#2511);
#2510 = CARTESIAN_POINT('',(-1.4875,-0.63,1.25E-02));
#2511 = VECTOR('',#2512,1.);
#2512 = DIRECTION('',(0.,0.,-1.));
#2513 = ORIENTED_EDGE('',*,*,#1685,.F.);
#2514 = ORIENTED_EDGE('',*,*,#2515,.T.);
#2515 = EDGE_CURVE('',#1678,#2516,#2518,.T.);
#2516 = VERTEX_POINT('',#2517);
#2517 = CARTESIAN_POINT('',(-1.4875,-0.37,0.2));
#2518 = LINE('',#2519,#2520);
#2519 = CARTESIAN_POINT('',(-1.4875,-0.37,1.25E-02));
#2520 = VECTOR('',#2521,1.);
#2521 = DIRECTION('',(0.,0.,1.));
#2522 = ORIENTED_EDGE('',*,*,#2523,.F.);
#2523 = EDGE_CURVE('',#2524,#2516,#2526,.T.);
#2524 = VERTEX_POINT('',#2525);
#2525 = CARTESIAN_POINT('',(-1.4875,-0.13,0.2));
#2526 = LINE('',#2527,#2528);
#2527 = CARTESIAN_POINT('',(-1.4875,0.61875,0.2));
#2528 = VECTOR('',#2529,1.);
#2529 = DIRECTION('',(1.110223024625E-16,-1.,0.));
#2530 = ORIENTED_EDGE('',*,*,#2531,.T.);
#2531 = EDGE_CURVE('',#2524,#1654,#2532,.T.);
#2532 = LINE('',#2533,#2534);
#2533 = CARTESIAN_POINT('',(-1.4875,-0.13,1.25E-02));
#2534 = VECTOR('',#2535,1.);
#2535 = DIRECTION('',(0.,0.,-1.));
#2536 = ORIENTED_EDGE('',*,*,#1653,.F.);
#2537 = ORIENTED_EDGE('',*,*,#2538,.T.);
#2538 = EDGE_CURVE('',#1646,#2539,#2541,.T.);
#2539 = VERTEX_POINT('',#2540);
#2540 = CARTESIAN_POINT('',(-1.4875,0.13,0.2));
#2541 = LINE('',#2542,#2543);
#2542 = CARTESIAN_POINT('',(-1.4875,0.13,1.25E-02));
#2543 = VECTOR('',#2544,1.);
#2544 = DIRECTION('',(0.,0.,1.));
#2545 = ORIENTED_EDGE('',*,*,#2546,.F.);
#2546 = EDGE_CURVE('',#2547,#2539,#2549,.T.);
#2547 = VERTEX_POINT('',#2548);
#2548 = CARTESIAN_POINT('',(-1.4875,0.37,0.2));
#2549 = LINE('',#2550,#2551);
#2550 = CARTESIAN_POINT('',(-1.4875,0.86875,0.2));
#2551 = VECTOR('',#2552,1.);
#2552 = DIRECTION('',(1.110223024625E-16,-1.,0.));
#2553 = ORIENTED_EDGE('',*,*,#2554,.T.);
#2554 = EDGE_CURVE('',#2547,#1622,#2555,.T.);
#2555 = LINE('',#2556,#2557);
#2556 = CARTESIAN_POINT('',(-1.4875,0.37,1.25E-02));
#2557 = VECTOR('',#2558,1.);
#2558 = DIRECTION('',(0.,0.,-1.));
#2559 = ORIENTED_EDGE('',*,*,#1621,.F.);
#2560 = ORIENTED_EDGE('',*,*,#2561,.T.);
#2561 = EDGE_CURVE('',#1614,#2562,#2564,.T.);
#2562 = VERTEX_POINT('',#2563);
#2563 = CARTESIAN_POINT('',(-1.4875,0.63,0.2));
#2564 = LINE('',#2565,#2566);
#2565 = CARTESIAN_POINT('',(-1.4875,0.63,1.25E-02));
#2566 = VECTOR('',#2567,1.);
#2567 = DIRECTION('',(0.,0.,1.));
#2568 = ORIENTED_EDGE('',*,*,#2569,.F.);
#2569 = EDGE_CURVE('',#2570,#2562,#2572,.T.);
#2570 = VERTEX_POINT('',#2571);
#2571 = CARTESIAN_POINT('',(-1.4875,0.87,0.2));
#2572 = LINE('',#2573,#2574);
#2573 = CARTESIAN_POINT('',(-1.4875,1.11875,0.2));
#2574 = VECTOR('',#2575,1.);
#2575 = DIRECTION('',(1.110223024625E-16,-1.,0.));
#2576 = ORIENTED_EDGE('',*,*,#2577,.T.);
#2577 = EDGE_CURVE('',#2570,#1590,#2578,.T.);
#2578 = LINE('',#2579,#2580);
#2579 = CARTESIAN_POINT('',(-1.4875,0.87,1.25E-02));
#2580 = VECTOR('',#2581,1.);
#2581 = DIRECTION('',(0.,0.,-1.));
#2582 = PLANE('',#2583);
#2583 = AXIS2_PLACEMENT_3D('',#2584,#2585,#2586);
#2584 = CARTESIAN_POINT('',(-1.4875,1.4875,2.5E-02));
#2585 = DIRECTION('',(1.,1.110223024625E-16,0.));
#2586 = DIRECTION('',(0.,-0.,1.));
#2587 = ADVANCED_FACE('',(#2588),#2686,.T.);
#2588 = FACE_BOUND('',#2589,.T.);
#2589 = EDGE_LOOP('',(#2590,#2591,#2592,#2593,#2601,#2609,#2615,#2616,
    #2624,#2632,#2638,#2639,#2647,#2655,#2661,#2662,#2670,#2678,#2684,
    #2685));
#2590 = ORIENTED_EDGE('',*,*,#1403,.F.);
#2591 = ORIENTED_EDGE('',*,*,#2485,.F.);
#2592 = ORIENTED_EDGE('',*,*,#1725,.T.);
#2593 = ORIENTED_EDGE('',*,*,#2594,.T.);
#2594 = EDGE_CURVE('',#1726,#2595,#2597,.T.);
#2595 = VERTEX_POINT('',#2596);
#2596 = CARTESIAN_POINT('',(-0.87,-1.4875,0.2));
#2597 = LINE('',#2598,#2599);
#2598 = CARTESIAN_POINT('',(-0.87,-1.4875,1.25E-02));
#2599 = VECTOR('',#2600,1.);
#2600 = DIRECTION('',(0.,0.,1.));
#2601 = ORIENTED_EDGE('',*,*,#2602,.F.);
#2602 = EDGE_CURVE('',#2603,#2595,#2605,.T.);
#2603 = VERTEX_POINT('',#2604);
#2604 = CARTESIAN_POINT('',(-0.63,-1.4875,0.2));
#2605 = LINE('',#2606,#2607);
#2606 = CARTESIAN_POINT('',(-1.11875,-1.4875,0.2));
#2607 = VECTOR('',#2608,1.);
#2608 = DIRECTION('',(-1.,-1.110223024625E-16,0.));
#2609 = ORIENTED_EDGE('',*,*,#2610,.T.);
#2610 = EDGE_CURVE('',#2603,#1750,#2611,.T.);
#2611 = LINE('',#2612,#2613);
#2612 = CARTESIAN_POINT('',(-0.63,-1.4875,1.25E-02));
#2613 = VECTOR('',#2614,1.);
#2614 = DIRECTION('',(0.,-0.,-1.));
#2615 = ORIENTED_EDGE('',*,*,#1757,.T.);
#2616 = ORIENTED_EDGE('',*,*,#2617,.T.);
#2617 = EDGE_CURVE('',#1758,#2618,#2620,.T.);
#2618 = VERTEX_POINT('',#2619);
#2619 = CARTESIAN_POINT('',(-0.37,-1.4875,0.2));
#2620 = LINE('',#2621,#2622);
#2621 = CARTESIAN_POINT('',(-0.37,-1.4875,1.25E-02));
#2622 = VECTOR('',#2623,1.);
#2623 = DIRECTION('',(0.,0.,1.));
#2624 = ORIENTED_EDGE('',*,*,#2625,.F.);
#2625 = EDGE_CURVE('',#2626,#2618,#2628,.T.);
#2626 = VERTEX_POINT('',#2627);
#2627 = CARTESIAN_POINT('',(-0.13,-1.4875,0.2));
#2628 = LINE('',#2629,#2630);
#2629 = CARTESIAN_POINT('',(-0.86875,-1.4875,0.2));
#2630 = VECTOR('',#2631,1.);
#2631 = DIRECTION('',(-1.,-1.110223024625E-16,0.));
#2632 = ORIENTED_EDGE('',*,*,#2633,.T.);
#2633 = EDGE_CURVE('',#2626,#1782,#2634,.T.);
#2634 = LINE('',#2635,#2636);
#2635 = CARTESIAN_POINT('',(-0.13,-1.4875,1.25E-02));
#2636 = VECTOR('',#2637,1.);
#2637 = DIRECTION('',(0.,-0.,-1.));
#2638 = ORIENTED_EDGE('',*,*,#1789,.T.);
#2639 = ORIENTED_EDGE('',*,*,#2640,.T.);
#2640 = EDGE_CURVE('',#1790,#2641,#2643,.T.);
#2641 = VERTEX_POINT('',#2642);
#2642 = CARTESIAN_POINT('',(0.13,-1.4875,0.2));
#2643 = LINE('',#2644,#2645);
#2644 = CARTESIAN_POINT('',(0.13,-1.4875,1.25E-02));
#2645 = VECTOR('',#2646,1.);
#2646 = DIRECTION('',(0.,0.,1.));
#2647 = ORIENTED_EDGE('',*,*,#2648,.F.);
#2648 = EDGE_CURVE('',#2649,#2641,#2651,.T.);
#2649 = VERTEX_POINT('',#2650);
#2650 = CARTESIAN_POINT('',(0.37,-1.4875,0.2));
#2651 = LINE('',#2652,#2653);
#2652 = CARTESIAN_POINT('',(-0.61875,-1.4875,0.2));
#2653 = VECTOR('',#2654,1.);
#2654 = DIRECTION('',(-1.,-1.110223024625E-16,0.));
#2655 = ORIENTED_EDGE('',*,*,#2656,.T.);
#2656 = EDGE_CURVE('',#2649,#1814,#2657,.T.);
#2657 = LINE('',#2658,#2659);
#2658 = CARTESIAN_POINT('',(0.37,-1.4875,1.25E-02));
#2659 = VECTOR('',#2660,1.);
#2660 = DIRECTION('',(0.,-0.,-1.));
#2661 = ORIENTED_EDGE('',*,*,#1821,.T.);
#2662 = ORIENTED_EDGE('',*,*,#2663,.T.);
#2663 = EDGE_CURVE('',#1822,#2664,#2666,.T.);
#2664 = VERTEX_POINT('',#2665);
#2665 = CARTESIAN_POINT('',(0.63,-1.4875,0.2));
#2666 = LINE('',#2667,#2668);
#2667 = CARTESIAN_POINT('',(0.63,-1.4875,1.25E-02));
#2668 = VECTOR('',#2669,1.);
#2669 = DIRECTION('',(0.,0.,1.));
#2670 = ORIENTED_EDGE('',*,*,#2671,.F.);
#2671 = EDGE_CURVE('',#2672,#2664,#2674,.T.);
#2672 = VERTEX_POINT('',#2673);
#2673 = CARTESIAN_POINT('',(0.87,-1.4875,0.2));
#2674 = LINE('',#2675,#2676);
#2675 = CARTESIAN_POINT('',(-0.36875,-1.4875,0.2));
#2676 = VECTOR('',#2677,1.);
#2677 = DIRECTION('',(-1.,-1.110223024625E-16,0.));
#2678 = ORIENTED_EDGE('',*,*,#2679,.T.);
#2679 = EDGE_CURVE('',#2672,#1846,#2680,.T.);
#2680 = LINE('',#2681,#2682);
#2681 = CARTESIAN_POINT('',(0.87,-1.4875,1.25E-02));
#2682 = VECTOR('',#2683,1.);
#2683 = DIRECTION('',(0.,-0.,-1.));
#2684 = ORIENTED_EDGE('',*,*,#1853,.T.);
#2685 = ORIENTED_EDGE('',*,*,#1446,.T.);
#2686 = PLANE('',#2687);
#2687 = AXIS2_PLACEMENT_3D('',#2688,#2689,#2690);
#2688 = CARTESIAN_POINT('',(-1.4875,-1.4875,2.5E-02));
#2689 = DIRECTION('',(1.110223024625E-16,-1.,0.));
#2690 = DIRECTION('',(0.,0.,1.));
#2691 = ADVANCED_FACE('',(#2692),#2711,.T.);
#2692 = FACE_BOUND('',#2693,.T.);
#2693 = EDGE_LOOP('',(#2694,#2702,#2709,#2710));
#2694 = ORIENTED_EDGE('',*,*,#2695,.F.);
#2695 = EDGE_CURVE('',#2696,#1420,#2698,.T.);
#2696 = VERTEX_POINT('',#2697);
#2697 = CARTESIAN_POINT('',(-1.,0.9,0.785));
#2698 = LINE('',#2699,#2700);
#2699 = CARTESIAN_POINT('',(-1.,0.9,0.785));
#2700 = VECTOR('',#2701,1.);
#2701 = DIRECTION('',(0.,0.,-1.));
#2702 = ORIENTED_EDGE('',*,*,#2703,.T.);
#2703 = EDGE_CURVE('',#2696,#2696,#2704,.T.);
#2704 = CIRCLE('',#2705,0.1);
#2705 = AXIS2_PLACEMENT_3D('',#2706,#2707,#2708);
#2706 = CARTESIAN_POINT('',(-1.,1.,0.785));
#2707 = DIRECTION('',(0.,-0.,-1.));
#2708 = DIRECTION('',(1.110223024625E-16,-1.,0.));
#2709 = ORIENTED_EDGE('',*,*,#2695,.T.);
#2710 = ORIENTED_EDGE('',*,*,#1419,.F.);
#2711 = CYLINDRICAL_SURFACE('',#2712,0.1);
#2712 = AXIS2_PLACEMENT_3D('',#2713,#2714,#2715);
#2713 = CARTESIAN_POINT('',(-1.,1.,0.785));
#2714 = DIRECTION('',(0.,0.,-1.));
#2715 = DIRECTION('',(1.110223024625E-16,-1.,0.));
#2716 = ADVANCED_FACE('',(#2717),#2751,.F.);
#2717 = FACE_BOUND('',#2718,.F.);
#2718 = EDGE_LOOP('',(#2719,#2729,#2737,#2743,#2744,#2745));
#2719 = ORIENTED_EDGE('',*,*,#2720,.F.);
#2720 = EDGE_CURVE('',#2721,#2723,#2725,.T.);
#2721 = VERTEX_POINT('',#2722);
#2722 = CARTESIAN_POINT('',(1.5,0.87,0.));
#2723 = VERTEX_POINT('',#2724);
#2724 = CARTESIAN_POINT('',(1.1,0.87,0.));
#2725 = LINE('',#2726,#2727);
#2726 = CARTESIAN_POINT('',(1.5,0.87,0.));
#2727 = VECTOR('',#2728,1.);
#2728 = DIRECTION('',(-1.,-2.334869823773E-16,0.));
#2729 = ORIENTED_EDGE('',*,*,#2730,.T.);
#2730 = EDGE_CURVE('',#2721,#2731,#2733,.T.);
#2731 = VERTEX_POINT('',#2732);
#2732 = CARTESIAN_POINT('',(1.5,0.87,0.2));
#2733 = LINE('',#2734,#2735);
#2734 = CARTESIAN_POINT('',(1.5,0.87,0.));
#2735 = VECTOR('',#2736,1.);
#2736 = DIRECTION('',(0.,0.,1.));
#2737 = ORIENTED_EDGE('',*,*,#2738,.T.);
#2738 = EDGE_CURVE('',#2731,#1567,#2739,.T.);
#2739 = LINE('',#2740,#2741);
#2740 = CARTESIAN_POINT('',(1.5,0.87,0.2));
#2741 = VECTOR('',#2742,1.);
#2742 = DIRECTION('',(-1.,-2.334869823773E-16,0.));
#2743 = ORIENTED_EDGE('',*,*,#1574,.T.);
#2744 = ORIENTED_EDGE('',*,*,#1945,.F.);
#2745 = ORIENTED_EDGE('',*,*,#2746,.F.);
#2746 = EDGE_CURVE('',#2723,#1938,#2747,.T.);
#2747 = LINE('',#2748,#2749);
#2748 = CARTESIAN_POINT('',(1.1,0.87,0.));
#2749 = VECTOR('',#2750,1.);
#2750 = DIRECTION('',(0.,0.,1.));
#2751 = PLANE('',#2752);
#2752 = AXIS2_PLACEMENT_3D('',#2753,#2754,#2755);
#2753 = CARTESIAN_POINT('',(1.5,0.87,0.));
#2754 = DIRECTION('',(2.334869823773E-16,-1.,0.));
#2755 = DIRECTION('',(-1.,-2.334869823773E-16,0.));
#2756 = ADVANCED_FACE('',(#2757),#2775,.T.);
#2757 = FACE_BOUND('',#2758,.T.);
#2758 = EDGE_LOOP('',(#2759,#2767,#2768,#2769));
#2759 = ORIENTED_EDGE('',*,*,#2760,.T.);
#2760 = EDGE_CURVE('',#2761,#2731,#2763,.T.);
#2761 = VERTEX_POINT('',#2762);
#2762 = CARTESIAN_POINT('',(1.5,0.63,0.2));
#2763 = LINE('',#2764,#2765);
#2764 = CARTESIAN_POINT('',(1.5,0.63,0.2));
#2765 = VECTOR('',#2766,1.);
#2766 = DIRECTION('',(-2.334869823773E-16,1.,0.));
#2767 = ORIENTED_EDGE('',*,*,#2738,.T.);
#2768 = ORIENTED_EDGE('',*,*,#1566,.T.);
#2769 = ORIENTED_EDGE('',*,*,#2770,.T.);
#2770 = EDGE_CURVE('',#1559,#2761,#2771,.T.);
#2771 = LINE('',#2772,#2773);
#2772 = CARTESIAN_POINT('',(1.1,0.63,0.2));
#2773 = VECTOR('',#2774,1.);
#2774 = DIRECTION('',(1.,2.334869823773E-16,0.));
#2775 = PLANE('',#2776);
#2776 = AXIS2_PLACEMENT_3D('',#2777,#2778,#2779);
#2777 = CARTESIAN_POINT('',(1.3,0.75,0.2));
#2778 = DIRECTION('',(0.,0.,1.));
#2779 = DIRECTION('',(-2.334869823773E-16,1.,0.));
#2780 = ADVANCED_FACE('',(#2781),#2808,.F.);
#2781 = FACE_BOUND('',#2782,.F.);
#2782 = EDGE_LOOP('',(#2783,#2793,#2799,#2800,#2801,#2802));
#2783 = ORIENTED_EDGE('',*,*,#2784,.F.);
#2784 = EDGE_CURVE('',#2785,#2787,#2789,.T.);
#2785 = VERTEX_POINT('',#2786);
#2786 = CARTESIAN_POINT('',(1.1,0.63,0.));
#2787 = VERTEX_POINT('',#2788);
#2788 = CARTESIAN_POINT('',(1.5,0.63,0.));
#2789 = LINE('',#2790,#2791);
#2790 = CARTESIAN_POINT('',(1.1,0.63,0.));
#2791 = VECTOR('',#2792,1.);
#2792 = DIRECTION('',(1.,2.334869823773E-16,0.));
#2793 = ORIENTED_EDGE('',*,*,#2794,.T.);
#2794 = EDGE_CURVE('',#2785,#1930,#2795,.T.);
#2795 = LINE('',#2796,#2797);
#2796 = CARTESIAN_POINT('',(1.1,0.63,0.));
#2797 = VECTOR('',#2798,1.);
#2798 = DIRECTION('',(0.,0.,1.));
#2799 = ORIENTED_EDGE('',*,*,#1929,.F.);
#2800 = ORIENTED_EDGE('',*,*,#1558,.T.);
#2801 = ORIENTED_EDGE('',*,*,#2770,.T.);
#2802 = ORIENTED_EDGE('',*,*,#2803,.F.);
#2803 = EDGE_CURVE('',#2787,#2761,#2804,.T.);
#2804 = LINE('',#2805,#2806);
#2805 = CARTESIAN_POINT('',(1.5,0.63,0.));
#2806 = VECTOR('',#2807,1.);
#2807 = DIRECTION('',(0.,0.,1.));
#2808 = PLANE('',#2809);
#2809 = AXIS2_PLACEMENT_3D('',#2810,#2811,#2812);
#2810 = CARTESIAN_POINT('',(1.1,0.63,0.));
#2811 = DIRECTION('',(-2.334869823773E-16,1.,0.));
#2812 = DIRECTION('',(1.,2.334869823773E-16,0.));
#2813 = ADVANCED_FACE('',(#2814),#2848,.F.);
#2814 = FACE_BOUND('',#2815,.F.);
#2815 = EDGE_LOOP('',(#2816,#2826,#2834,#2840,#2841,#2842));
#2816 = ORIENTED_EDGE('',*,*,#2817,.F.);
#2817 = EDGE_CURVE('',#2818,#2820,#2822,.T.);
#2818 = VERTEX_POINT('',#2819);
#2819 = CARTESIAN_POINT('',(1.5,0.37,0.));
#2820 = VERTEX_POINT('',#2821);
#2821 = CARTESIAN_POINT('',(1.1,0.37,0.));
#2822 = LINE('',#2823,#2824);
#2823 = CARTESIAN_POINT('',(1.5,0.37,0.));
#2824 = VECTOR('',#2825,1.);
#2825 = DIRECTION('',(-1.,-2.334869823773E-16,0.));
#2826 = ORIENTED_EDGE('',*,*,#2827,.T.);
#2827 = EDGE_CURVE('',#2818,#2828,#2830,.T.);
#2828 = VERTEX_POINT('',#2829);
#2829 = CARTESIAN_POINT('',(1.5,0.37,0.2));
#2830 = LINE('',#2831,#2832);
#2831 = CARTESIAN_POINT('',(1.5,0.37,0.));
#2832 = VECTOR('',#2833,1.);
#2833 = DIRECTION('',(0.,0.,1.));
#2834 = ORIENTED_EDGE('',*,*,#2835,.T.);
#2835 = EDGE_CURVE('',#2828,#1535,#2836,.T.);
#2836 = LINE('',#2837,#2838);
#2837 = CARTESIAN_POINT('',(1.5,0.37,0.2));
#2838 = VECTOR('',#2839,1.);
#2839 = DIRECTION('',(-1.,-2.334869823773E-16,0.));
#2840 = ORIENTED_EDGE('',*,*,#1542,.T.);
#2841 = ORIENTED_EDGE('',*,*,#1922,.F.);
#2842 = ORIENTED_EDGE('',*,*,#2843,.F.);
#2843 = EDGE_CURVE('',#2820,#1915,#2844,.T.);
#2844 = LINE('',#2845,#2846);
#2845 = CARTESIAN_POINT('',(1.1,0.37,0.));
#2846 = VECTOR('',#2847,1.);
#2847 = DIRECTION('',(0.,0.,1.));
#2848 = PLANE('',#2849);
#2849 = AXIS2_PLACEMENT_3D('',#2850,#2851,#2852);
#2850 = CARTESIAN_POINT('',(1.5,0.37,0.));
#2851 = DIRECTION('',(2.334869823773E-16,-1.,0.));
#2852 = DIRECTION('',(-1.,-2.334869823773E-16,0.));
#2853 = ADVANCED_FACE('',(#2854),#2872,.T.);
#2854 = FACE_BOUND('',#2855,.T.);
#2855 = EDGE_LOOP('',(#2856,#2864,#2865,#2866));
#2856 = ORIENTED_EDGE('',*,*,#2857,.T.);
#2857 = EDGE_CURVE('',#2858,#2828,#2860,.T.);
#2858 = VERTEX_POINT('',#2859);
#2859 = CARTESIAN_POINT('',(1.5,0.13,0.2));
#2860 = LINE('',#2861,#2862);
#2861 = CARTESIAN_POINT('',(1.5,0.13,0.2));
#2862 = VECTOR('',#2863,1.);
#2863 = DIRECTION('',(-2.334869823773E-16,1.,0.));
#2864 = ORIENTED_EDGE('',*,*,#2835,.T.);
#2865 = ORIENTED_EDGE('',*,*,#1534,.T.);
#2866 = ORIENTED_EDGE('',*,*,#2867,.T.);
#2867 = EDGE_CURVE('',#1527,#2858,#2868,.T.);
#2868 = LINE('',#2869,#2870);
#2869 = CARTESIAN_POINT('',(1.1,0.13,0.2));
#2870 = VECTOR('',#2871,1.);
#2871 = DIRECTION('',(1.,2.334869823773E-16,0.));
#2872 = PLANE('',#2873);
#2873 = AXIS2_PLACEMENT_3D('',#2874,#2875,#2876);
#2874 = CARTESIAN_POINT('',(1.3,0.25,0.2));
#2875 = DIRECTION('',(0.,0.,1.));
#2876 = DIRECTION('',(-2.334869823773E-16,1.,0.));
#2877 = ADVANCED_FACE('',(#2878),#2905,.F.);
#2878 = FACE_BOUND('',#2879,.F.);
#2879 = EDGE_LOOP('',(#2880,#2890,#2896,#2897,#2898,#2899));
#2880 = ORIENTED_EDGE('',*,*,#2881,.F.);
#2881 = EDGE_CURVE('',#2882,#2884,#2886,.T.);
#2882 = VERTEX_POINT('',#2883);
#2883 = CARTESIAN_POINT('',(1.1,0.13,0.));
#2884 = VERTEX_POINT('',#2885);
#2885 = CARTESIAN_POINT('',(1.5,0.13,0.));
#2886 = LINE('',#2887,#2888);
#2887 = CARTESIAN_POINT('',(1.1,0.13,0.));
#2888 = VECTOR('',#2889,1.);
#2889 = DIRECTION('',(1.,2.334869823773E-16,0.));
#2890 = ORIENTED_EDGE('',*,*,#2891,.T.);
#2891 = EDGE_CURVE('',#2882,#1907,#2892,.T.);
#2892 = LINE('',#2893,#2894);
#2893 = CARTESIAN_POINT('',(1.1,0.13,0.));
#2894 = VECTOR('',#2895,1.);
#2895 = DIRECTION('',(0.,0.,1.));
#2896 = ORIENTED_EDGE('',*,*,#1906,.F.);
#2897 = ORIENTED_EDGE('',*,*,#1526,.T.);
#2898 = ORIENTED_EDGE('',*,*,#2867,.T.);
#2899 = ORIENTED_EDGE('',*,*,#2900,.F.);
#2900 = EDGE_CURVE('',#2884,#2858,#2901,.T.);
#2901 = LINE('',#2902,#2903);
#2902 = CARTESIAN_POINT('',(1.5,0.13,0.));
#2903 = VECTOR('',#2904,1.);
#2904 = DIRECTION('',(0.,0.,1.));
#2905 = PLANE('',#2906);
#2906 = AXIS2_PLACEMENT_3D('',#2907,#2908,#2909);
#2907 = CARTESIAN_POINT('',(1.1,0.13,0.));
#2908 = DIRECTION('',(-2.334869823773E-16,1.,0.));
#2909 = DIRECTION('',(1.,2.334869823773E-16,0.));
#2910 = ADVANCED_FACE('',(#2911),#2945,.F.);
#2911 = FACE_BOUND('',#2912,.F.);
#2912 = EDGE_LOOP('',(#2913,#2923,#2931,#2937,#2938,#2939));
#2913 = ORIENTED_EDGE('',*,*,#2914,.F.);
#2914 = EDGE_CURVE('',#2915,#2917,#2919,.T.);
#2915 = VERTEX_POINT('',#2916);
#2916 = CARTESIAN_POINT('',(1.5,-0.13,0.));
#2917 = VERTEX_POINT('',#2918);
#2918 = CARTESIAN_POINT('',(1.1,-0.13,0.));
#2919 = LINE('',#2920,#2921);
#2920 = CARTESIAN_POINT('',(1.5,-0.13,0.));
#2921 = VECTOR('',#2922,1.);
#2922 = DIRECTION('',(-1.,-2.334869823773E-16,0.));
#2923 = ORIENTED_EDGE('',*,*,#2924,.T.);
#2924 = EDGE_CURVE('',#2915,#2925,#2927,.T.);
#2925 = VERTEX_POINT('',#2926);
#2926 = CARTESIAN_POINT('',(1.5,-0.13,0.2));
#2927 = LINE('',#2928,#2929);
#2928 = CARTESIAN_POINT('',(1.5,-0.13,0.));
#2929 = VECTOR('',#2930,1.);
#2930 = DIRECTION('',(0.,0.,1.));
#2931 = ORIENTED_EDGE('',*,*,#2932,.T.);
#2932 = EDGE_CURVE('',#2925,#1503,#2933,.T.);
#2933 = LINE('',#2934,#2935);
#2934 = CARTESIAN_POINT('',(1.5,-0.13,0.2));
#2935 = VECTOR('',#2936,1.);
#2936 = DIRECTION('',(-1.,-2.334869823773E-16,0.));
#2937 = ORIENTED_EDGE('',*,*,#1510,.T.);
#2938 = ORIENTED_EDGE('',*,*,#1899,.F.);
#2939 = ORIENTED_EDGE('',*,*,#2940,.F.);
#2940 = EDGE_CURVE('',#2917,#1892,#2941,.T.);
#2941 = LINE('',#2942,#2943);
#2942 = CARTESIAN_POINT('',(1.1,-0.13,0.));
#2943 = VECTOR('',#2944,1.);
#2944 = DIRECTION('',(0.,0.,1.));
#2945 = PLANE('',#2946);
#2946 = AXIS2_PLACEMENT_3D('',#2947,#2948,#2949);
#2947 = CARTESIAN_POINT('',(1.5,-0.13,0.));
#2948 = DIRECTION('',(2.334869823773E-16,-1.,0.));
#2949 = DIRECTION('',(-1.,-2.334869823773E-16,0.));
#2950 = ADVANCED_FACE('',(#2951),#2969,.T.);
#2951 = FACE_BOUND('',#2952,.T.);
#2952 = EDGE_LOOP('',(#2953,#2961,#2962,#2963));
#2953 = ORIENTED_EDGE('',*,*,#2954,.T.);
#2954 = EDGE_CURVE('',#2955,#2925,#2957,.T.);
#2955 = VERTEX_POINT('',#2956);
#2956 = CARTESIAN_POINT('',(1.5,-0.37,0.2));
#2957 = LINE('',#2958,#2959);
#2958 = CARTESIAN_POINT('',(1.5,-0.37,0.2));
#2959 = VECTOR('',#2960,1.);
#2960 = DIRECTION('',(-2.334869823773E-16,1.,0.));
#2961 = ORIENTED_EDGE('',*,*,#2932,.T.);
#2962 = ORIENTED_EDGE('',*,*,#1502,.T.);
#2963 = ORIENTED_EDGE('',*,*,#2964,.T.);
#2964 = EDGE_CURVE('',#1495,#2955,#2965,.T.);
#2965 = LINE('',#2966,#2967);
#2966 = CARTESIAN_POINT('',(1.1,-0.37,0.2));
#2967 = VECTOR('',#2968,1.);
#2968 = DIRECTION('',(1.,2.334869823773E-16,0.));
#2969 = PLANE('',#2970);
#2970 = AXIS2_PLACEMENT_3D('',#2971,#2972,#2973);
#2971 = CARTESIAN_POINT('',(1.3,-0.25,0.2));
#2972 = DIRECTION('',(0.,0.,1.));
#2973 = DIRECTION('',(-2.334869823773E-16,1.,0.));
#2974 = ADVANCED_FACE('',(#2975),#3002,.F.);
#2975 = FACE_BOUND('',#2976,.F.);
#2976 = EDGE_LOOP('',(#2977,#2987,#2993,#2994,#2995,#2996));
#2977 = ORIENTED_EDGE('',*,*,#2978,.F.);
#2978 = EDGE_CURVE('',#2979,#2981,#2983,.T.);
#2979 = VERTEX_POINT('',#2980);
#2980 = CARTESIAN_POINT('',(1.1,-0.37,0.));
#2981 = VERTEX_POINT('',#2982);
#2982 = CARTESIAN_POINT('',(1.5,-0.37,0.));
#2983 = LINE('',#2984,#2985);
#2984 = CARTESIAN_POINT('',(1.1,-0.37,0.));
#2985 = VECTOR('',#2986,1.);
#2986 = DIRECTION('',(1.,2.334869823773E-16,0.));
#2987 = ORIENTED_EDGE('',*,*,#2988,.T.);
#2988 = EDGE_CURVE('',#2979,#1884,#2989,.T.);
#2989 = LINE('',#2990,#2991);
#2990 = CARTESIAN_POINT('',(1.1,-0.37,0.));
#2991 = VECTOR('',#2992,1.);
#2992 = DIRECTION('',(0.,0.,1.));
#2993 = ORIENTED_EDGE('',*,*,#1883,.F.);
#2994 = ORIENTED_EDGE('',*,*,#1494,.T.);
#2995 = ORIENTED_EDGE('',*,*,#2964,.T.);
#2996 = ORIENTED_EDGE('',*,*,#2997,.F.);
#2997 = EDGE_CURVE('',#2981,#2955,#2998,.T.);
#2998 = LINE('',#2999,#3000);
#2999 = CARTESIAN_POINT('',(1.5,-0.37,0.));
#3000 = VECTOR('',#3001,1.);
#3001 = DIRECTION('',(0.,0.,1.));
#3002 = PLANE('',#3003);
#3003 = AXIS2_PLACEMENT_3D('',#3004,#3005,#3006);
#3004 = CARTESIAN_POINT('',(1.1,-0.37,0.));
#3005 = DIRECTION('',(-2.334869823773E-16,1.,0.));
#3006 = DIRECTION('',(1.,2.334869823773E-16,0.));
#3007 = ADVANCED_FACE('',(#3008),#3042,.F.);
#3008 = FACE_BOUND('',#3009,.F.);
#3009 = EDGE_LOOP('',(#3010,#3020,#3028,#3034,#3035,#3036));
#3010 = ORIENTED_EDGE('',*,*,#3011,.F.);
#3011 = EDGE_CURVE('',#3012,#3014,#3016,.T.);
#3012 = VERTEX_POINT('',#3013);
#3013 = CARTESIAN_POINT('',(1.5,-0.63,0.));
#3014 = VERTEX_POINT('',#3015);
#3015 = CARTESIAN_POINT('',(1.1,-0.63,0.));
#3016 = LINE('',#3017,#3018);
#3017 = CARTESIAN_POINT('',(1.5,-0.63,0.));
#3018 = VECTOR('',#3019,1.);
#3019 = DIRECTION('',(-1.,-2.334869823773E-16,0.));
#3020 = ORIENTED_EDGE('',*,*,#3021,.T.);
#3021 = EDGE_CURVE('',#3012,#3022,#3024,.T.);
#3022 = VERTEX_POINT('',#3023);
#3023 = CARTESIAN_POINT('',(1.5,-0.63,0.2));
#3024 = LINE('',#3025,#3026);
#3025 = CARTESIAN_POINT('',(1.5,-0.63,0.));
#3026 = VECTOR('',#3027,1.);
#3027 = DIRECTION('',(0.,0.,1.));
#3028 = ORIENTED_EDGE('',*,*,#3029,.T.);
#3029 = EDGE_CURVE('',#3022,#1471,#3030,.T.);
#3030 = LINE('',#3031,#3032);
#3031 = CARTESIAN_POINT('',(1.5,-0.63,0.2));
#3032 = VECTOR('',#3033,1.);
#3033 = DIRECTION('',(-1.,-2.334869823773E-16,0.));
#3034 = ORIENTED_EDGE('',*,*,#1478,.T.);
#3035 = ORIENTED_EDGE('',*,*,#1876,.F.);
#3036 = ORIENTED_EDGE('',*,*,#3037,.F.);
#3037 = EDGE_CURVE('',#3014,#1869,#3038,.T.);
#3038 = LINE('',#3039,#3040);
#3039 = CARTESIAN_POINT('',(1.1,-0.63,0.));
#3040 = VECTOR('',#3041,1.);
#3041 = DIRECTION('',(0.,0.,1.));
#3042 = PLANE('',#3043);
#3043 = AXIS2_PLACEMENT_3D('',#3044,#3045,#3046);
#3044 = CARTESIAN_POINT('',(1.5,-0.63,0.));
#3045 = DIRECTION('',(2.334869823773E-16,-1.,0.));
#3046 = DIRECTION('',(-1.,-2.334869823773E-16,0.));
#3047 = ADVANCED_FACE('',(#3048),#3066,.T.);
#3048 = FACE_BOUND('',#3049,.T.);
#3049 = EDGE_LOOP('',(#3050,#3058,#3059,#3060));
#3050 = ORIENTED_EDGE('',*,*,#3051,.T.);
#3051 = EDGE_CURVE('',#3052,#3022,#3054,.T.);
#3052 = VERTEX_POINT('',#3053);
#3053 = CARTESIAN_POINT('',(1.5,-0.87,0.2));
#3054 = LINE('',#3055,#3056);
#3055 = CARTESIAN_POINT('',(1.5,-0.87,0.2));
#3056 = VECTOR('',#3057,1.);
#3057 = DIRECTION('',(-2.334869823773E-16,1.,0.));
#3058 = ORIENTED_EDGE('',*,*,#3029,.T.);
#3059 = ORIENTED_EDGE('',*,*,#1470,.T.);
#3060 = ORIENTED_EDGE('',*,*,#3061,.T.);
#3061 = EDGE_CURVE('',#1463,#3052,#3062,.T.);
#3062 = LINE('',#3063,#3064);
#3063 = CARTESIAN_POINT('',(1.1,-0.87,0.2));
#3064 = VECTOR('',#3065,1.);
#3065 = DIRECTION('',(1.,2.334869823773E-16,0.));
#3066 = PLANE('',#3067);
#3067 = AXIS2_PLACEMENT_3D('',#3068,#3069,#3070);
#3068 = CARTESIAN_POINT('',(1.3,-0.75,0.2));
#3069 = DIRECTION('',(0.,0.,1.));
#3070 = DIRECTION('',(-2.334869823773E-16,1.,0.));
#3071 = ADVANCED_FACE('',(#3072),#3099,.F.);
#3072 = FACE_BOUND('',#3073,.F.);
#3073 = EDGE_LOOP('',(#3074,#3084,#3090,#3091,#3092,#3093));
#3074 = ORIENTED_EDGE('',*,*,#3075,.F.);
#3075 = EDGE_CURVE('',#3076,#3078,#3080,.T.);
#3076 = VERTEX_POINT('',#3077);
#3077 = CARTESIAN_POINT('',(1.1,-0.87,0.));
#3078 = VERTEX_POINT('',#3079);
#3079 = CARTESIAN_POINT('',(1.5,-0.87,0.));
#3080 = LINE('',#3081,#3082);
#3081 = CARTESIAN_POINT('',(1.1,-0.87,0.));
#3082 = VECTOR('',#3083,1.);
#3083 = DIRECTION('',(1.,2.334869823773E-16,0.));
#3084 = ORIENTED_EDGE('',*,*,#3085,.T.);
#3085 = EDGE_CURVE('',#3076,#1861,#3086,.T.);
#3086 = LINE('',#3087,#3088);
#3087 = CARTESIAN_POINT('',(1.1,-0.87,0.));
#3088 = VECTOR('',#3089,1.);
#3089 = DIRECTION('',(0.,0.,1.));
#3090 = ORIENTED_EDGE('',*,*,#1860,.F.);
#3091 = ORIENTED_EDGE('',*,*,#1462,.T.);
#3092 = ORIENTED_EDGE('',*,*,#3061,.T.);
#3093 = ORIENTED_EDGE('',*,*,#3094,.F.);
#3094 = EDGE_CURVE('',#3078,#3052,#3095,.T.);
#3095 = LINE('',#3096,#3097);
#3096 = CARTESIAN_POINT('',(1.5,-0.87,0.));
#3097 = VECTOR('',#3098,1.);
#3098 = DIRECTION('',(0.,0.,1.));
#3099 = PLANE('',#3100);
#3100 = AXIS2_PLACEMENT_3D('',#3101,#3102,#3103);
#3101 = CARTESIAN_POINT('',(1.1,-0.87,0.));
#3102 = DIRECTION('',(-2.334869823773E-16,1.,0.));
#3103 = DIRECTION('',(1.,2.334869823773E-16,0.));
#3104 = ADVANCED_FACE('',(#3105),#3116,.F.);
#3105 = FACE_BOUND('',#3106,.F.);
#3106 = EDGE_LOOP('',(#3107,#3113,#3114,#3115));
#3107 = ORIENTED_EDGE('',*,*,#3108,.F.);
#3108 = EDGE_CURVE('',#2452,#2386,#3109,.T.);
#3109 = LINE('',#3110,#3111);
#3110 = CARTESIAN_POINT('',(-0.87,1.1,0.));
#3111 = VECTOR('',#3112,1.);
#3112 = DIRECTION('',(1.,1.224646799147E-16,0.));
#3113 = ORIENTED_EDGE('',*,*,#2468,.T.);
#3114 = ORIENTED_EDGE('',*,*,#2030,.F.);
#3115 = ORIENTED_EDGE('',*,*,#2395,.F.);
#3116 = PLANE('',#3117);
#3117 = AXIS2_PLACEMENT_3D('',#3118,#3119,#3120);
#3118 = CARTESIAN_POINT('',(-0.87,1.1,0.));
#3119 = DIRECTION('',(-1.224646799147E-16,1.,0.));
#3120 = DIRECTION('',(1.,1.224646799147E-16,0.));
#3121 = ADVANCED_FACE('',(#3122),#3133,.F.);
#3122 = FACE_BOUND('',#3123,.F.);
#3123 = EDGE_LOOP('',(#3124,#3130,#3131,#3132));
#3124 = ORIENTED_EDGE('',*,*,#3125,.F.);
#3125 = EDGE_CURVE('',#2355,#2289,#3126,.T.);
#3126 = LINE('',#3127,#3128);
#3127 = CARTESIAN_POINT('',(-0.37,1.1,0.));
#3128 = VECTOR('',#3129,1.);
#3129 = DIRECTION('',(1.,1.224646799147E-16,0.));
#3130 = ORIENTED_EDGE('',*,*,#2371,.T.);
#3131 = ORIENTED_EDGE('',*,*,#2007,.F.);
#3132 = ORIENTED_EDGE('',*,*,#2298,.F.);
#3133 = PLANE('',#3134);
#3134 = AXIS2_PLACEMENT_3D('',#3135,#3136,#3137);
#3135 = CARTESIAN_POINT('',(-0.37,1.1,0.));
#3136 = DIRECTION('',(-1.224646799147E-16,1.,0.));
#3137 = DIRECTION('',(1.,1.224646799147E-16,0.));
#3138 = ADVANCED_FACE('',(#3139),#3150,.F.);
#3139 = FACE_BOUND('',#3140,.F.);
#3140 = EDGE_LOOP('',(#3141,#3147,#3148,#3149));
#3141 = ORIENTED_EDGE('',*,*,#3142,.F.);
#3142 = EDGE_CURVE('',#2258,#2192,#3143,.T.);
#3143 = LINE('',#3144,#3145);
#3144 = CARTESIAN_POINT('',(0.13,1.1,0.));
#3145 = VECTOR('',#3146,1.);
#3146 = DIRECTION('',(1.,1.224646799147E-16,0.));
#3147 = ORIENTED_EDGE('',*,*,#2274,.T.);
#3148 = ORIENTED_EDGE('',*,*,#1984,.F.);
#3149 = ORIENTED_EDGE('',*,*,#2201,.F.);
#3150 = PLANE('',#3151);
#3151 = AXIS2_PLACEMENT_3D('',#3152,#3153,#3154);
#3152 = CARTESIAN_POINT('',(0.13,1.1,0.));
#3153 = DIRECTION('',(-1.224646799147E-16,1.,0.));
#3154 = DIRECTION('',(1.,1.224646799147E-16,0.));
#3155 = ADVANCED_FACE('',(#3156),#3167,.F.);
#3156 = FACE_BOUND('',#3157,.F.);
#3157 = EDGE_LOOP('',(#3158,#3164,#3165,#3166));
#3158 = ORIENTED_EDGE('',*,*,#3159,.F.);
#3159 = EDGE_CURVE('',#2161,#2095,#3160,.T.);
#3160 = LINE('',#3161,#3162);
#3161 = CARTESIAN_POINT('',(0.63,1.1,0.));
#3162 = VECTOR('',#3163,1.);
#3163 = DIRECTION('',(1.,1.224646799147E-16,0.));
#3164 = ORIENTED_EDGE('',*,*,#2177,.T.);
#3165 = ORIENTED_EDGE('',*,*,#1961,.F.);
#3166 = ORIENTED_EDGE('',*,*,#2104,.F.);
#3167 = PLANE('',#3168);
#3168 = AXIS2_PLACEMENT_3D('',#3169,#3170,#3171);
#3169 = CARTESIAN_POINT('',(0.63,1.1,0.));
#3170 = DIRECTION('',(-1.224646799147E-16,1.,0.));
#3171 = DIRECTION('',(1.,1.224646799147E-16,0.));
#3172 = ADVANCED_FACE('',(#3173),#3184,.F.);
#3173 = FACE_BOUND('',#3174,.F.);
#3174 = EDGE_LOOP('',(#3175,#3181,#3182,#3183));
#3175 = ORIENTED_EDGE('',*,*,#3176,.F.);
#3176 = EDGE_CURVE('',#2723,#2785,#3177,.T.);
#3177 = LINE('',#3178,#3179);
#3178 = CARTESIAN_POINT('',(1.1,0.87,0.));
#3179 = VECTOR('',#3180,1.);
#3180 = DIRECTION('',(2.334869823773E-16,-1.,0.));
#3181 = ORIENTED_EDGE('',*,*,#2746,.T.);
#3182 = ORIENTED_EDGE('',*,*,#1937,.F.);
#3183 = ORIENTED_EDGE('',*,*,#2794,.F.);
#3184 = PLANE('',#3185);
#3185 = AXIS2_PLACEMENT_3D('',#3186,#3187,#3188);
#3186 = CARTESIAN_POINT('',(1.1,0.87,0.));
#3187 = DIRECTION('',(1.,2.334869823773E-16,0.));
#3188 = DIRECTION('',(2.334869823773E-16,-1.,0.));
#3189 = ADVANCED_FACE('',(#3190),#3201,.F.);
#3190 = FACE_BOUND('',#3191,.F.);
#3191 = EDGE_LOOP('',(#3192,#3198,#3199,#3200));
#3192 = ORIENTED_EDGE('',*,*,#3193,.F.);
#3193 = EDGE_CURVE('',#2820,#2882,#3194,.T.);
#3194 = LINE('',#3195,#3196);
#3195 = CARTESIAN_POINT('',(1.1,0.37,0.));
#3196 = VECTOR('',#3197,1.);
#3197 = DIRECTION('',(2.334869823773E-16,-1.,0.));
#3198 = ORIENTED_EDGE('',*,*,#2843,.T.);
#3199 = ORIENTED_EDGE('',*,*,#1914,.F.);
#3200 = ORIENTED_EDGE('',*,*,#2891,.F.);
#3201 = PLANE('',#3202);
#3202 = AXIS2_PLACEMENT_3D('',#3203,#3204,#3205);
#3203 = CARTESIAN_POINT('',(1.1,0.37,0.));
#3204 = DIRECTION('',(1.,2.334869823773E-16,0.));
#3205 = DIRECTION('',(2.334869823773E-16,-1.,0.));
#3206 = ADVANCED_FACE('',(#3207),#3218,.F.);
#3207 = FACE_BOUND('',#3208,.F.);
#3208 = EDGE_LOOP('',(#3209,#3215,#3216,#3217));
#3209 = ORIENTED_EDGE('',*,*,#3210,.F.);
#3210 = EDGE_CURVE('',#2917,#2979,#3211,.T.);
#3211 = LINE('',#3212,#3213);
#3212 = CARTESIAN_POINT('',(1.1,-0.13,0.));
#3213 = VECTOR('',#3214,1.);
#3214 = DIRECTION('',(2.334869823773E-16,-1.,0.));
#3215 = ORIENTED_EDGE('',*,*,#2940,.T.);
#3216 = ORIENTED_EDGE('',*,*,#1891,.F.);
#3217 = ORIENTED_EDGE('',*,*,#2988,.F.);
#3218 = PLANE('',#3219);
#3219 = AXIS2_PLACEMENT_3D('',#3220,#3221,#3222);
#3220 = CARTESIAN_POINT('',(1.1,-0.13,0.));
#3221 = DIRECTION('',(1.,2.334869823773E-16,0.));
#3222 = DIRECTION('',(2.334869823773E-16,-1.,0.));
#3223 = ADVANCED_FACE('',(#3224),#3235,.F.);
#3224 = FACE_BOUND('',#3225,.F.);
#3225 = EDGE_LOOP('',(#3226,#3232,#3233,#3234));
#3226 = ORIENTED_EDGE('',*,*,#3227,.F.);
#3227 = EDGE_CURVE('',#3014,#3076,#3228,.T.);
#3228 = LINE('',#3229,#3230);
#3229 = CARTESIAN_POINT('',(1.1,-0.63,0.));
#3230 = VECTOR('',#3231,1.);
#3231 = DIRECTION('',(2.334869823773E-16,-1.,0.));
#3232 = ORIENTED_EDGE('',*,*,#3037,.T.);
#3233 = ORIENTED_EDGE('',*,*,#1868,.F.);
#3234 = ORIENTED_EDGE('',*,*,#3085,.F.);
#3235 = PLANE('',#3236);
#3236 = AXIS2_PLACEMENT_3D('',#3237,#3238,#3239);
#3237 = CARTESIAN_POINT('',(1.1,-0.63,0.));
#3238 = DIRECTION('',(1.,2.334869823773E-16,0.));
#3239 = DIRECTION('',(2.334869823773E-16,-1.,0.));
#3240 = ADVANCED_FACE('',(#3241),#3275,.F.);
#3241 = FACE_BOUND('',#3242,.F.);
#3242 = EDGE_LOOP('',(#3243,#3253,#3261,#3267,#3268,#3269));
#3243 = ORIENTED_EDGE('',*,*,#3244,.F.);
#3244 = EDGE_CURVE('',#3245,#3247,#3249,.T.);
#3245 = VERTEX_POINT('',#3246);
#3246 = CARTESIAN_POINT('',(0.87,-1.5,0.));
#3247 = VERTEX_POINT('',#3248);
#3248 = CARTESIAN_POINT('',(0.87,-1.1,0.));
#3249 = LINE('',#3250,#3251);
#3250 = CARTESIAN_POINT('',(0.87,-1.5,0.));
#3251 = VECTOR('',#3252,1.);
#3252 = DIRECTION('',(-1.144237745222E-17,1.,0.));
#3253 = ORIENTED_EDGE('',*,*,#3254,.T.);
#3254 = EDGE_CURVE('',#3245,#3255,#3257,.T.);
#3255 = VERTEX_POINT('',#3256);
#3256 = CARTESIAN_POINT('',(0.87,-1.5,0.2));
#3257 = LINE('',#3258,#3259);
#3258 = CARTESIAN_POINT('',(0.87,-1.5,0.));
#3259 = VECTOR('',#3260,1.);
#3260 = DIRECTION('',(0.,0.,1.));
#3261 = ORIENTED_EDGE('',*,*,#3262,.T.);
#3262 = EDGE_CURVE('',#3255,#2672,#3263,.T.);
#3263 = LINE('',#3264,#3265);
#3264 = CARTESIAN_POINT('',(0.87,-1.5,0.2));
#3265 = VECTOR('',#3266,1.);
#3266 = DIRECTION('',(-1.144237745222E-17,1.,0.));
#3267 = ORIENTED_EDGE('',*,*,#2679,.T.);
#3268 = ORIENTED_EDGE('',*,*,#1845,.F.);
#3269 = ORIENTED_EDGE('',*,*,#3270,.F.);
#3270 = EDGE_CURVE('',#3247,#1838,#3271,.T.);
#3271 = LINE('',#3272,#3273);
#3272 = CARTESIAN_POINT('',(0.87,-1.1,0.));
#3273 = VECTOR('',#3274,1.);
#3274 = DIRECTION('',(0.,0.,1.));
#3275 = PLANE('',#3276);
#3276 = AXIS2_PLACEMENT_3D('',#3277,#3278,#3279);
#3277 = CARTESIAN_POINT('',(0.87,-1.5,0.));
#3278 = DIRECTION('',(-1.,-1.144237745222E-17,0.));
#3279 = DIRECTION('',(-1.144237745222E-17,1.,0.));
#3280 = ADVANCED_FACE('',(#3281),#3299,.F.);
#3281 = FACE_BOUND('',#3282,.F.);
#3282 = EDGE_LOOP('',(#3283,#3291,#3292,#3293));
#3283 = ORIENTED_EDGE('',*,*,#3284,.F.);
#3284 = EDGE_CURVE('',#3247,#3285,#3287,.T.);
#3285 = VERTEX_POINT('',#3286);
#3286 = CARTESIAN_POINT('',(0.63,-1.1,0.));
#3287 = LINE('',#3288,#3289);
#3288 = CARTESIAN_POINT('',(0.87,-1.1,0.));
#3289 = VECTOR('',#3290,1.);
#3290 = DIRECTION('',(-1.,-1.144237745222E-17,0.));
#3291 = ORIENTED_EDGE('',*,*,#3270,.T.);
#3292 = ORIENTED_EDGE('',*,*,#1837,.F.);
#3293 = ORIENTED_EDGE('',*,*,#3294,.F.);
#3294 = EDGE_CURVE('',#3285,#1830,#3295,.T.);
#3295 = LINE('',#3296,#3297);
#3296 = CARTESIAN_POINT('',(0.63,-1.1,0.));
#3297 = VECTOR('',#3298,1.);
#3298 = DIRECTION('',(0.,0.,1.));
#3299 = PLANE('',#3300);
#3300 = AXIS2_PLACEMENT_3D('',#3301,#3302,#3303);
#3301 = CARTESIAN_POINT('',(0.87,-1.1,0.));
#3302 = DIRECTION('',(1.144237745222E-17,-1.,0.));
#3303 = DIRECTION('',(-1.,-1.144237745222E-17,0.));
#3304 = ADVANCED_FACE('',(#3305),#3332,.F.);
#3305 = FACE_BOUND('',#3306,.F.);
#3306 = EDGE_LOOP('',(#3307,#3315,#3316,#3317,#3318,#3326));
#3307 = ORIENTED_EDGE('',*,*,#3308,.F.);
#3308 = EDGE_CURVE('',#3285,#3309,#3311,.T.);
#3309 = VERTEX_POINT('',#3310);
#3310 = CARTESIAN_POINT('',(0.63,-1.5,0.));
#3311 = LINE('',#3312,#3313);
#3312 = CARTESIAN_POINT('',(0.63,-1.1,0.));
#3313 = VECTOR('',#3314,1.);
#3314 = DIRECTION('',(1.144237745222E-17,-1.,0.));
#3315 = ORIENTED_EDGE('',*,*,#3294,.T.);
#3316 = ORIENTED_EDGE('',*,*,#1829,.F.);
#3317 = ORIENTED_EDGE('',*,*,#2663,.T.);
#3318 = ORIENTED_EDGE('',*,*,#3319,.T.);
#3319 = EDGE_CURVE('',#2664,#3320,#3322,.T.);
#3320 = VERTEX_POINT('',#3321);
#3321 = CARTESIAN_POINT('',(0.63,-1.5,0.2));
#3322 = LINE('',#3323,#3324);
#3323 = CARTESIAN_POINT('',(0.63,-1.1,0.2));
#3324 = VECTOR('',#3325,1.);
#3325 = DIRECTION('',(1.144237745222E-17,-1.,0.));
#3326 = ORIENTED_EDGE('',*,*,#3327,.F.);
#3327 = EDGE_CURVE('',#3309,#3320,#3328,.T.);
#3328 = LINE('',#3329,#3330);
#3329 = CARTESIAN_POINT('',(0.63,-1.5,0.));
#3330 = VECTOR('',#3331,1.);
#3331 = DIRECTION('',(0.,0.,1.));
#3332 = PLANE('',#3333);
#3333 = AXIS2_PLACEMENT_3D('',#3334,#3335,#3336);
#3334 = CARTESIAN_POINT('',(0.63,-1.1,0.));
#3335 = DIRECTION('',(1.,1.144237745222E-17,0.));
#3336 = DIRECTION('',(1.144237745222E-17,-1.,0.));
#3337 = ADVANCED_FACE('',(#3338),#3372,.F.);
#3338 = FACE_BOUND('',#3339,.F.);
#3339 = EDGE_LOOP('',(#3340,#3350,#3358,#3364,#3365,#3366));
#3340 = ORIENTED_EDGE('',*,*,#3341,.F.);
#3341 = EDGE_CURVE('',#3342,#3344,#3346,.T.);
#3342 = VERTEX_POINT('',#3343);
#3343 = CARTESIAN_POINT('',(0.37,-1.5,0.));
#3344 = VERTEX_POINT('',#3345);
#3345 = CARTESIAN_POINT('',(0.37,-1.1,0.));
#3346 = LINE('',#3347,#3348);
#3347 = CARTESIAN_POINT('',(0.37,-1.5,0.));
#3348 = VECTOR('',#3349,1.);
#3349 = DIRECTION('',(-1.144237745222E-17,1.,0.));
#3350 = ORIENTED_EDGE('',*,*,#3351,.T.);
#3351 = EDGE_CURVE('',#3342,#3352,#3354,.T.);
#3352 = VERTEX_POINT('',#3353);
#3353 = CARTESIAN_POINT('',(0.37,-1.5,0.2));
#3354 = LINE('',#3355,#3356);
#3355 = CARTESIAN_POINT('',(0.37,-1.5,0.));
#3356 = VECTOR('',#3357,1.);
#3357 = DIRECTION('',(0.,0.,1.));
#3358 = ORIENTED_EDGE('',*,*,#3359,.T.);
#3359 = EDGE_CURVE('',#3352,#2649,#3360,.T.);
#3360 = LINE('',#3361,#3362);
#3361 = CARTESIAN_POINT('',(0.37,-1.5,0.2));
#3362 = VECTOR('',#3363,1.);
#3363 = DIRECTION('',(-1.144237745222E-17,1.,0.));
#3364 = ORIENTED_EDGE('',*,*,#2656,.T.);
#3365 = ORIENTED_EDGE('',*,*,#1813,.F.);
#3366 = ORIENTED_EDGE('',*,*,#3367,.F.);
#3367 = EDGE_CURVE('',#3344,#1806,#3368,.T.);
#3368 = LINE('',#3369,#3370);
#3369 = CARTESIAN_POINT('',(0.37,-1.1,0.));
#3370 = VECTOR('',#3371,1.);
#3371 = DIRECTION('',(0.,0.,1.));
#3372 = PLANE('',#3373);
#3373 = AXIS2_PLACEMENT_3D('',#3374,#3375,#3376);
#3374 = CARTESIAN_POINT('',(0.37,-1.5,0.));
#3375 = DIRECTION('',(-1.,-1.144237745222E-17,0.));
#3376 = DIRECTION('',(-1.144237745222E-17,1.,0.));
#3377 = ADVANCED_FACE('',(#3378),#3396,.F.);
#3378 = FACE_BOUND('',#3379,.F.);
#3379 = EDGE_LOOP('',(#3380,#3388,#3389,#3390));
#3380 = ORIENTED_EDGE('',*,*,#3381,.F.);
#3381 = EDGE_CURVE('',#3344,#3382,#3384,.T.);
#3382 = VERTEX_POINT('',#3383);
#3383 = CARTESIAN_POINT('',(0.13,-1.1,0.));
#3384 = LINE('',#3385,#3386);
#3385 = CARTESIAN_POINT('',(0.37,-1.1,0.));
#3386 = VECTOR('',#3387,1.);
#3387 = DIRECTION('',(-1.,-1.144237745222E-17,0.));
#3388 = ORIENTED_EDGE('',*,*,#3367,.T.);
#3389 = ORIENTED_EDGE('',*,*,#1805,.F.);
#3390 = ORIENTED_EDGE('',*,*,#3391,.F.);
#3391 = EDGE_CURVE('',#3382,#1798,#3392,.T.);
#3392 = LINE('',#3393,#3394);
#3393 = CARTESIAN_POINT('',(0.13,-1.1,0.));
#3394 = VECTOR('',#3395,1.);
#3395 = DIRECTION('',(0.,0.,1.));
#3396 = PLANE('',#3397);
#3397 = AXIS2_PLACEMENT_3D('',#3398,#3399,#3400);
#3398 = CARTESIAN_POINT('',(0.37,-1.1,0.));
#3399 = DIRECTION('',(1.144237745222E-17,-1.,0.));
#3400 = DIRECTION('',(-1.,-1.144237745222E-17,0.));
#3401 = ADVANCED_FACE('',(#3402),#3429,.F.);
#3402 = FACE_BOUND('',#3403,.F.);
#3403 = EDGE_LOOP('',(#3404,#3412,#3413,#3414,#3415,#3423));
#3404 = ORIENTED_EDGE('',*,*,#3405,.F.);
#3405 = EDGE_CURVE('',#3382,#3406,#3408,.T.);
#3406 = VERTEX_POINT('',#3407);
#3407 = CARTESIAN_POINT('',(0.13,-1.5,0.));
#3408 = LINE('',#3409,#3410);
#3409 = CARTESIAN_POINT('',(0.13,-1.1,0.));
#3410 = VECTOR('',#3411,1.);
#3411 = DIRECTION('',(1.144237745222E-17,-1.,0.));
#3412 = ORIENTED_EDGE('',*,*,#3391,.T.);
#3413 = ORIENTED_EDGE('',*,*,#1797,.F.);
#3414 = ORIENTED_EDGE('',*,*,#2640,.T.);
#3415 = ORIENTED_EDGE('',*,*,#3416,.T.);
#3416 = EDGE_CURVE('',#2641,#3417,#3419,.T.);
#3417 = VERTEX_POINT('',#3418);
#3418 = CARTESIAN_POINT('',(0.13,-1.5,0.2));
#3419 = LINE('',#3420,#3421);
#3420 = CARTESIAN_POINT('',(0.13,-1.1,0.2));
#3421 = VECTOR('',#3422,1.);
#3422 = DIRECTION('',(1.144237745222E-17,-1.,0.));
#3423 = ORIENTED_EDGE('',*,*,#3424,.F.);
#3424 = EDGE_CURVE('',#3406,#3417,#3425,.T.);
#3425 = LINE('',#3426,#3427);
#3426 = CARTESIAN_POINT('',(0.13,-1.5,0.));
#3427 = VECTOR('',#3428,1.);
#3428 = DIRECTION('',(0.,0.,1.));
#3429 = PLANE('',#3430);
#3430 = AXIS2_PLACEMENT_3D('',#3431,#3432,#3433);
#3431 = CARTESIAN_POINT('',(0.13,-1.1,0.));
#3432 = DIRECTION('',(1.,1.144237745222E-17,0.));
#3433 = DIRECTION('',(1.144237745222E-17,-1.,0.));
#3434 = ADVANCED_FACE('',(#3435),#3469,.F.);
#3435 = FACE_BOUND('',#3436,.F.);
#3436 = EDGE_LOOP('',(#3437,#3447,#3455,#3461,#3462,#3463));
#3437 = ORIENTED_EDGE('',*,*,#3438,.F.);
#3438 = EDGE_CURVE('',#3439,#3441,#3443,.T.);
#3439 = VERTEX_POINT('',#3440);
#3440 = CARTESIAN_POINT('',(-0.13,-1.5,0.));
#3441 = VERTEX_POINT('',#3442);
#3442 = CARTESIAN_POINT('',(-0.13,-1.1,0.));
#3443 = LINE('',#3444,#3445);
#3444 = CARTESIAN_POINT('',(-0.13,-1.5,0.));
#3445 = VECTOR('',#3446,1.);
#3446 = DIRECTION('',(-1.144237745222E-17,1.,0.));
#3447 = ORIENTED_EDGE('',*,*,#3448,.T.);
#3448 = EDGE_CURVE('',#3439,#3449,#3451,.T.);
#3449 = VERTEX_POINT('',#3450);
#3450 = CARTESIAN_POINT('',(-0.13,-1.5,0.2));
#3451 = LINE('',#3452,#3453);
#3452 = CARTESIAN_POINT('',(-0.13,-1.5,0.));
#3453 = VECTOR('',#3454,1.);
#3454 = DIRECTION('',(0.,0.,1.));
#3455 = ORIENTED_EDGE('',*,*,#3456,.T.);
#3456 = EDGE_CURVE('',#3449,#2626,#3457,.T.);
#3457 = LINE('',#3458,#3459);
#3458 = CARTESIAN_POINT('',(-0.13,-1.5,0.2));
#3459 = VECTOR('',#3460,1.);
#3460 = DIRECTION('',(-1.144237745222E-17,1.,0.));
#3461 = ORIENTED_EDGE('',*,*,#2633,.T.);
#3462 = ORIENTED_EDGE('',*,*,#1781,.F.);
#3463 = ORIENTED_EDGE('',*,*,#3464,.F.);
#3464 = EDGE_CURVE('',#3441,#1774,#3465,.T.);
#3465 = LINE('',#3466,#3467);
#3466 = CARTESIAN_POINT('',(-0.13,-1.1,0.));
#3467 = VECTOR('',#3468,1.);
#3468 = DIRECTION('',(0.,0.,1.));
#3469 = PLANE('',#3470);
#3470 = AXIS2_PLACEMENT_3D('',#3471,#3472,#3473);
#3471 = CARTESIAN_POINT('',(-0.13,-1.5,0.));
#3472 = DIRECTION('',(-1.,-1.144237745222E-17,0.));
#3473 = DIRECTION('',(-1.144237745222E-17,1.,0.));
#3474 = ADVANCED_FACE('',(#3475),#3493,.F.);
#3475 = FACE_BOUND('',#3476,.F.);
#3476 = EDGE_LOOP('',(#3477,#3485,#3486,#3487));
#3477 = ORIENTED_EDGE('',*,*,#3478,.F.);
#3478 = EDGE_CURVE('',#3441,#3479,#3481,.T.);
#3479 = VERTEX_POINT('',#3480);
#3480 = CARTESIAN_POINT('',(-0.37,-1.1,0.));
#3481 = LINE('',#3482,#3483);
#3482 = CARTESIAN_POINT('',(-0.13,-1.1,0.));
#3483 = VECTOR('',#3484,1.);
#3484 = DIRECTION('',(-1.,-1.144237745222E-17,0.));
#3485 = ORIENTED_EDGE('',*,*,#3464,.T.);
#3486 = ORIENTED_EDGE('',*,*,#1773,.F.);
#3487 = ORIENTED_EDGE('',*,*,#3488,.F.);
#3488 = EDGE_CURVE('',#3479,#1766,#3489,.T.);
#3489 = LINE('',#3490,#3491);
#3490 = CARTESIAN_POINT('',(-0.37,-1.1,0.));
#3491 = VECTOR('',#3492,1.);
#3492 = DIRECTION('',(0.,0.,1.));
#3493 = PLANE('',#3494);
#3494 = AXIS2_PLACEMENT_3D('',#3495,#3496,#3497);
#3495 = CARTESIAN_POINT('',(-0.13,-1.1,0.));
#3496 = DIRECTION('',(1.144237745222E-17,-1.,0.));
#3497 = DIRECTION('',(-1.,-1.144237745222E-17,0.));
#3498 = ADVANCED_FACE('',(#3499),#3526,.F.);
#3499 = FACE_BOUND('',#3500,.F.);
#3500 = EDGE_LOOP('',(#3501,#3509,#3510,#3511,#3512,#3520));
#3501 = ORIENTED_EDGE('',*,*,#3502,.F.);
#3502 = EDGE_CURVE('',#3479,#3503,#3505,.T.);
#3503 = VERTEX_POINT('',#3504);
#3504 = CARTESIAN_POINT('',(-0.37,-1.5,0.));
#3505 = LINE('',#3506,#3507);
#3506 = CARTESIAN_POINT('',(-0.37,-1.1,0.));
#3507 = VECTOR('',#3508,1.);
#3508 = DIRECTION('',(1.144237745222E-17,-1.,0.));
#3509 = ORIENTED_EDGE('',*,*,#3488,.T.);
#3510 = ORIENTED_EDGE('',*,*,#1765,.F.);
#3511 = ORIENTED_EDGE('',*,*,#2617,.T.);
#3512 = ORIENTED_EDGE('',*,*,#3513,.T.);
#3513 = EDGE_CURVE('',#2618,#3514,#3516,.T.);
#3514 = VERTEX_POINT('',#3515);
#3515 = CARTESIAN_POINT('',(-0.37,-1.5,0.2));
#3516 = LINE('',#3517,#3518);
#3517 = CARTESIAN_POINT('',(-0.37,-1.1,0.2));
#3518 = VECTOR('',#3519,1.);
#3519 = DIRECTION('',(1.144237745222E-17,-1.,0.));
#3520 = ORIENTED_EDGE('',*,*,#3521,.F.);
#3521 = EDGE_CURVE('',#3503,#3514,#3522,.T.);
#3522 = LINE('',#3523,#3524);
#3523 = CARTESIAN_POINT('',(-0.37,-1.5,0.));
#3524 = VECTOR('',#3525,1.);
#3525 = DIRECTION('',(0.,0.,1.));
#3526 = PLANE('',#3527);
#3527 = AXIS2_PLACEMENT_3D('',#3528,#3529,#3530);
#3528 = CARTESIAN_POINT('',(-0.37,-1.1,0.));
#3529 = DIRECTION('',(1.,1.144237745222E-17,0.));
#3530 = DIRECTION('',(1.144237745222E-17,-1.,0.));
#3531 = ADVANCED_FACE('',(#3532),#3566,.F.);
#3532 = FACE_BOUND('',#3533,.F.);
#3533 = EDGE_LOOP('',(#3534,#3544,#3552,#3558,#3559,#3560));
#3534 = ORIENTED_EDGE('',*,*,#3535,.F.);
#3535 = EDGE_CURVE('',#3536,#3538,#3540,.T.);
#3536 = VERTEX_POINT('',#3537);
#3537 = CARTESIAN_POINT('',(-0.63,-1.5,0.));
#3538 = VERTEX_POINT('',#3539);
#3539 = CARTESIAN_POINT('',(-0.63,-1.1,0.));
#3540 = LINE('',#3541,#3542);
#3541 = CARTESIAN_POINT('',(-0.63,-1.5,0.));
#3542 = VECTOR('',#3543,1.);
#3543 = DIRECTION('',(-1.144237745222E-17,1.,0.));
#3544 = ORIENTED_EDGE('',*,*,#3545,.T.);
#3545 = EDGE_CURVE('',#3536,#3546,#3548,.T.);
#3546 = VERTEX_POINT('',#3547);
#3547 = CARTESIAN_POINT('',(-0.63,-1.5,0.2));
#3548 = LINE('',#3549,#3550);
#3549 = CARTESIAN_POINT('',(-0.63,-1.5,0.));
#3550 = VECTOR('',#3551,1.);
#3551 = DIRECTION('',(0.,0.,1.));
#3552 = ORIENTED_EDGE('',*,*,#3553,.T.);
#3553 = EDGE_CURVE('',#3546,#2603,#3554,.T.);
#3554 = LINE('',#3555,#3556);
#3555 = CARTESIAN_POINT('',(-0.63,-1.5,0.2));
#3556 = VECTOR('',#3557,1.);
#3557 = DIRECTION('',(-1.144237745222E-17,1.,0.));
#3558 = ORIENTED_EDGE('',*,*,#2610,.T.);
#3559 = ORIENTED_EDGE('',*,*,#1749,.F.);
#3560 = ORIENTED_EDGE('',*,*,#3561,.F.);
#3561 = EDGE_CURVE('',#3538,#1742,#3562,.T.);
#3562 = LINE('',#3563,#3564);
#3563 = CARTESIAN_POINT('',(-0.63,-1.1,0.));
#3564 = VECTOR('',#3565,1.);
#3565 = DIRECTION('',(0.,0.,1.));
#3566 = PLANE('',#3567);
#3567 = AXIS2_PLACEMENT_3D('',#3568,#3569,#3570);
#3568 = CARTESIAN_POINT('',(-0.63,-1.5,0.));
#3569 = DIRECTION('',(-1.,-1.144237745222E-17,0.));
#3570 = DIRECTION('',(-1.144237745222E-17,1.,0.));
#3571 = ADVANCED_FACE('',(#3572),#3590,.F.);
#3572 = FACE_BOUND('',#3573,.F.);
#3573 = EDGE_LOOP('',(#3574,#3582,#3583,#3584));
#3574 = ORIENTED_EDGE('',*,*,#3575,.F.);
#3575 = EDGE_CURVE('',#3538,#3576,#3578,.T.);
#3576 = VERTEX_POINT('',#3577);
#3577 = CARTESIAN_POINT('',(-0.87,-1.1,0.));
#3578 = LINE('',#3579,#3580);
#3579 = CARTESIAN_POINT('',(-0.63,-1.1,0.));
#3580 = VECTOR('',#3581,1.);
#3581 = DIRECTION('',(-1.,-1.144237745222E-17,0.));
#3582 = ORIENTED_EDGE('',*,*,#3561,.T.);
#3583 = ORIENTED_EDGE('',*,*,#1741,.F.);
#3584 = ORIENTED_EDGE('',*,*,#3585,.F.);
#3585 = EDGE_CURVE('',#3576,#1734,#3586,.T.);
#3586 = LINE('',#3587,#3588);
#3587 = CARTESIAN_POINT('',(-0.87,-1.1,0.));
#3588 = VECTOR('',#3589,1.);
#3589 = DIRECTION('',(0.,0.,1.));
#3590 = PLANE('',#3591);
#3591 = AXIS2_PLACEMENT_3D('',#3592,#3593,#3594);
#3592 = CARTESIAN_POINT('',(-0.63,-1.1,0.));
#3593 = DIRECTION('',(1.144237745222E-17,-1.,0.));
#3594 = DIRECTION('',(-1.,-1.144237745222E-17,0.));
#3595 = ADVANCED_FACE('',(#3596),#3623,.F.);
#3596 = FACE_BOUND('',#3597,.F.);
#3597 = EDGE_LOOP('',(#3598,#3606,#3607,#3608,#3609,#3617));
#3598 = ORIENTED_EDGE('',*,*,#3599,.F.);
#3599 = EDGE_CURVE('',#3576,#3600,#3602,.T.);
#3600 = VERTEX_POINT('',#3601);
#3601 = CARTESIAN_POINT('',(-0.87,-1.5,0.));
#3602 = LINE('',#3603,#3604);
#3603 = CARTESIAN_POINT('',(-0.87,-1.1,0.));
#3604 = VECTOR('',#3605,1.);
#3605 = DIRECTION('',(1.144237745222E-17,-1.,0.));
#3606 = ORIENTED_EDGE('',*,*,#3585,.T.);
#3607 = ORIENTED_EDGE('',*,*,#1733,.F.);
#3608 = ORIENTED_EDGE('',*,*,#2594,.T.);
#3609 = ORIENTED_EDGE('',*,*,#3610,.T.);
#3610 = EDGE_CURVE('',#2595,#3611,#3613,.T.);
#3611 = VERTEX_POINT('',#3612);
#3612 = CARTESIAN_POINT('',(-0.87,-1.5,0.2));
#3613 = LINE('',#3614,#3615);
#3614 = CARTESIAN_POINT('',(-0.87,-1.1,0.2));
#3615 = VECTOR('',#3616,1.);
#3616 = DIRECTION('',(1.144237745222E-17,-1.,0.));
#3617 = ORIENTED_EDGE('',*,*,#3618,.F.);
#3618 = EDGE_CURVE('',#3600,#3611,#3619,.T.);
#3619 = LINE('',#3620,#3621);
#3620 = CARTESIAN_POINT('',(-0.87,-1.5,0.));
#3621 = VECTOR('',#3622,1.);
#3622 = DIRECTION('',(0.,0.,1.));
#3623 = PLANE('',#3624);
#3624 = AXIS2_PLACEMENT_3D('',#3625,#3626,#3627);
#3625 = CARTESIAN_POINT('',(-0.87,-1.1,0.));
#3626 = DIRECTION('',(1.,1.144237745222E-17,0.));
#3627 = DIRECTION('',(1.144237745222E-17,-1.,0.));
#3628 = ADVANCED_FACE('',(#3629),#3663,.F.);
#3629 = FACE_BOUND('',#3630,.F.);
#3630 = EDGE_LOOP('',(#3631,#3641,#3649,#3655,#3656,#3657));
#3631 = ORIENTED_EDGE('',*,*,#3632,.F.);
#3632 = EDGE_CURVE('',#3633,#3635,#3637,.T.);
#3633 = VERTEX_POINT('',#3634);
#3634 = CARTESIAN_POINT('',(-1.5,-0.87,0.));
#3635 = VERTEX_POINT('',#3636);
#3636 = CARTESIAN_POINT('',(-1.1,-0.87,0.));
#3637 = LINE('',#3638,#3639);
#3638 = CARTESIAN_POINT('',(-1.5,-0.87,0.));
#3639 = VECTOR('',#3640,1.);
#3640 = DIRECTION('',(1.,1.110223024625E-16,0.));
#3641 = ORIENTED_EDGE('',*,*,#3642,.T.);
#3642 = EDGE_CURVE('',#3633,#3643,#3645,.T.);
#3643 = VERTEX_POINT('',#3644);
#3644 = CARTESIAN_POINT('',(-1.5,-0.87,0.2));
#3645 = LINE('',#3646,#3647);
#3646 = CARTESIAN_POINT('',(-1.5,-0.87,0.));
#3647 = VECTOR('',#3648,1.);
#3648 = DIRECTION('',(0.,0.,1.));
#3649 = ORIENTED_EDGE('',*,*,#3650,.T.);
#3650 = EDGE_CURVE('',#3643,#2493,#3651,.T.);
#3651 = LINE('',#3652,#3653);
#3652 = CARTESIAN_POINT('',(-1.5,-0.87,0.2));
#3653 = VECTOR('',#3654,1.);
#3654 = DIRECTION('',(1.,1.110223024625E-16,0.));
#3655 = ORIENTED_EDGE('',*,*,#2492,.F.);
#3656 = ORIENTED_EDGE('',*,*,#1709,.F.);
#3657 = ORIENTED_EDGE('',*,*,#3658,.F.);
#3658 = EDGE_CURVE('',#3635,#1702,#3659,.T.);
#3659 = LINE('',#3660,#3661);
#3660 = CARTESIAN_POINT('',(-1.1,-0.87,0.));
#3661 = VECTOR('',#3662,1.);
#3662 = DIRECTION('',(0.,0.,1.));
#3663 = PLANE('',#3664);
#3664 = AXIS2_PLACEMENT_3D('',#3665,#3666,#3667);
#3665 = CARTESIAN_POINT('',(-1.5,-0.87,0.));
#3666 = DIRECTION('',(-1.110223024625E-16,1.,0.));
#3667 = DIRECTION('',(1.,1.110223024625E-16,0.));
#3668 = ADVANCED_FACE('',(#3669),#3687,.F.);
#3669 = FACE_BOUND('',#3670,.F.);
#3670 = EDGE_LOOP('',(#3671,#3679,#3680,#3681));
#3671 = ORIENTED_EDGE('',*,*,#3672,.F.);
#3672 = EDGE_CURVE('',#3635,#3673,#3675,.T.);
#3673 = VERTEX_POINT('',#3674);
#3674 = CARTESIAN_POINT('',(-1.1,-0.63,0.));
#3675 = LINE('',#3676,#3677);
#3676 = CARTESIAN_POINT('',(-1.1,-0.87,0.));
#3677 = VECTOR('',#3678,1.);
#3678 = DIRECTION('',(-1.110223024625E-16,1.,0.));
#3679 = ORIENTED_EDGE('',*,*,#3658,.T.);
#3680 = ORIENTED_EDGE('',*,*,#1701,.F.);
#3681 = ORIENTED_EDGE('',*,*,#3682,.F.);
#3682 = EDGE_CURVE('',#3673,#1694,#3683,.T.);
#3683 = LINE('',#3684,#3685);
#3684 = CARTESIAN_POINT('',(-1.1,-0.63,0.));
#3685 = VECTOR('',#3686,1.);
#3686 = DIRECTION('',(0.,0.,1.));
#3687 = PLANE('',#3688);
#3688 = AXIS2_PLACEMENT_3D('',#3689,#3690,#3691);
#3689 = CARTESIAN_POINT('',(-1.1,-0.87,0.));
#3690 = DIRECTION('',(-1.,-1.110223024625E-16,0.));
#3691 = DIRECTION('',(-1.110223024625E-16,1.,0.));
#3692 = ADVANCED_FACE('',(#3693),#3720,.F.);
#3693 = FACE_BOUND('',#3694,.F.);
#3694 = EDGE_LOOP('',(#3695,#3703,#3704,#3705,#3706,#3714));
#3695 = ORIENTED_EDGE('',*,*,#3696,.F.);
#3696 = EDGE_CURVE('',#3673,#3697,#3699,.T.);
#3697 = VERTEX_POINT('',#3698);
#3698 = CARTESIAN_POINT('',(-1.5,-0.63,0.));
#3699 = LINE('',#3700,#3701);
#3700 = CARTESIAN_POINT('',(-1.1,-0.63,0.));
#3701 = VECTOR('',#3702,1.);
#3702 = DIRECTION('',(-1.,-1.110223024625E-16,0.));
#3703 = ORIENTED_EDGE('',*,*,#3682,.T.);
#3704 = ORIENTED_EDGE('',*,*,#1693,.F.);
#3705 = ORIENTED_EDGE('',*,*,#2508,.F.);
#3706 = ORIENTED_EDGE('',*,*,#3707,.T.);
#3707 = EDGE_CURVE('',#2501,#3708,#3710,.T.);
#3708 = VERTEX_POINT('',#3709);
#3709 = CARTESIAN_POINT('',(-1.5,-0.63,0.2));
#3710 = LINE('',#3711,#3712);
#3711 = CARTESIAN_POINT('',(-1.1,-0.63,0.2));
#3712 = VECTOR('',#3713,1.);
#3713 = DIRECTION('',(-1.,-1.110223024625E-16,0.));
#3714 = ORIENTED_EDGE('',*,*,#3715,.F.);
#3715 = EDGE_CURVE('',#3697,#3708,#3716,.T.);
#3716 = LINE('',#3717,#3718);
#3717 = CARTESIAN_POINT('',(-1.5,-0.63,0.));
#3718 = VECTOR('',#3719,1.);
#3719 = DIRECTION('',(0.,0.,1.));
#3720 = PLANE('',#3721);
#3721 = AXIS2_PLACEMENT_3D('',#3722,#3723,#3724);
#3722 = CARTESIAN_POINT('',(-1.1,-0.63,0.));
#3723 = DIRECTION('',(1.110223024625E-16,-1.,0.));
#3724 = DIRECTION('',(-1.,-1.110223024625E-16,0.));
#3725 = ADVANCED_FACE('',(#3726),#3760,.F.);
#3726 = FACE_BOUND('',#3727,.F.);
#3727 = EDGE_LOOP('',(#3728,#3738,#3746,#3752,#3753,#3754));
#3728 = ORIENTED_EDGE('',*,*,#3729,.F.);
#3729 = EDGE_CURVE('',#3730,#3732,#3734,.T.);
#3730 = VERTEX_POINT('',#3731);
#3731 = CARTESIAN_POINT('',(-1.5,-0.37,0.));
#3732 = VERTEX_POINT('',#3733);
#3733 = CARTESIAN_POINT('',(-1.1,-0.37,0.));
#3734 = LINE('',#3735,#3736);
#3735 = CARTESIAN_POINT('',(-1.5,-0.37,0.));
#3736 = VECTOR('',#3737,1.);
#3737 = DIRECTION('',(1.,1.110223024625E-16,0.));
#3738 = ORIENTED_EDGE('',*,*,#3739,.T.);
#3739 = EDGE_CURVE('',#3730,#3740,#3742,.T.);
#3740 = VERTEX_POINT('',#3741);
#3741 = CARTESIAN_POINT('',(-1.5,-0.37,0.2));
#3742 = LINE('',#3743,#3744);
#3743 = CARTESIAN_POINT('',(-1.5,-0.37,0.));
#3744 = VECTOR('',#3745,1.);
#3745 = DIRECTION('',(0.,0.,1.));
#3746 = ORIENTED_EDGE('',*,*,#3747,.T.);
#3747 = EDGE_CURVE('',#3740,#2516,#3748,.T.);
#3748 = LINE('',#3749,#3750);
#3749 = CARTESIAN_POINT('',(-1.5,-0.37,0.2));
#3750 = VECTOR('',#3751,1.);
#3751 = DIRECTION('',(1.,1.110223024625E-16,0.));
#3752 = ORIENTED_EDGE('',*,*,#2515,.F.);
#3753 = ORIENTED_EDGE('',*,*,#1677,.F.);
#3754 = ORIENTED_EDGE('',*,*,#3755,.F.);
#3755 = EDGE_CURVE('',#3732,#1670,#3756,.T.);
#3756 = LINE('',#3757,#3758);
#3757 = CARTESIAN_POINT('',(-1.1,-0.37,0.));
#3758 = VECTOR('',#3759,1.);
#3759 = DIRECTION('',(0.,0.,1.));
#3760 = PLANE('',#3761);
#3761 = AXIS2_PLACEMENT_3D('',#3762,#3763,#3764);
#3762 = CARTESIAN_POINT('',(-1.5,-0.37,0.));
#3763 = DIRECTION('',(-1.110223024625E-16,1.,0.));
#3764 = DIRECTION('',(1.,1.110223024625E-16,0.));
#3765 = ADVANCED_FACE('',(#3766),#3784,.F.);
#3766 = FACE_BOUND('',#3767,.F.);
#3767 = EDGE_LOOP('',(#3768,#3776,#3777,#3778));
#3768 = ORIENTED_EDGE('',*,*,#3769,.F.);
#3769 = EDGE_CURVE('',#3732,#3770,#3772,.T.);
#3770 = VERTEX_POINT('',#3771);
#3771 = CARTESIAN_POINT('',(-1.1,-0.13,0.));
#3772 = LINE('',#3773,#3774);
#3773 = CARTESIAN_POINT('',(-1.1,-0.37,0.));
#3774 = VECTOR('',#3775,1.);
#3775 = DIRECTION('',(-1.110223024625E-16,1.,0.));
#3776 = ORIENTED_EDGE('',*,*,#3755,.T.);
#3777 = ORIENTED_EDGE('',*,*,#1669,.F.);
#3778 = ORIENTED_EDGE('',*,*,#3779,.F.);
#3779 = EDGE_CURVE('',#3770,#1662,#3780,.T.);
#3780 = LINE('',#3781,#3782);
#3781 = CARTESIAN_POINT('',(-1.1,-0.13,0.));
#3782 = VECTOR('',#3783,1.);
#3783 = DIRECTION('',(0.,0.,1.));
#3784 = PLANE('',#3785);
#3785 = AXIS2_PLACEMENT_3D('',#3786,#3787,#3788);
#3786 = CARTESIAN_POINT('',(-1.1,-0.37,0.));
#3787 = DIRECTION('',(-1.,-1.110223024625E-16,0.));
#3788 = DIRECTION('',(-1.110223024625E-16,1.,0.));
#3789 = ADVANCED_FACE('',(#3790),#3817,.F.);
#3790 = FACE_BOUND('',#3791,.F.);
#3791 = EDGE_LOOP('',(#3792,#3800,#3801,#3802,#3803,#3811));
#3792 = ORIENTED_EDGE('',*,*,#3793,.F.);
#3793 = EDGE_CURVE('',#3770,#3794,#3796,.T.);
#3794 = VERTEX_POINT('',#3795);
#3795 = CARTESIAN_POINT('',(-1.5,-0.13,0.));
#3796 = LINE('',#3797,#3798);
#3797 = CARTESIAN_POINT('',(-1.1,-0.13,0.));
#3798 = VECTOR('',#3799,1.);
#3799 = DIRECTION('',(-1.,-1.110223024625E-16,0.));
#3800 = ORIENTED_EDGE('',*,*,#3779,.T.);
#3801 = ORIENTED_EDGE('',*,*,#1661,.F.);
#3802 = ORIENTED_EDGE('',*,*,#2531,.F.);
#3803 = ORIENTED_EDGE('',*,*,#3804,.T.);
#3804 = EDGE_CURVE('',#2524,#3805,#3807,.T.);
#3805 = VERTEX_POINT('',#3806);
#3806 = CARTESIAN_POINT('',(-1.5,-0.13,0.2));
#3807 = LINE('',#3808,#3809);
#3808 = CARTESIAN_POINT('',(-1.1,-0.13,0.2));
#3809 = VECTOR('',#3810,1.);
#3810 = DIRECTION('',(-1.,-1.110223024625E-16,0.));
#3811 = ORIENTED_EDGE('',*,*,#3812,.F.);
#3812 = EDGE_CURVE('',#3794,#3805,#3813,.T.);
#3813 = LINE('',#3814,#3815);
#3814 = CARTESIAN_POINT('',(-1.5,-0.13,0.));
#3815 = VECTOR('',#3816,1.);
#3816 = DIRECTION('',(0.,0.,1.));
#3817 = PLANE('',#3818);
#3818 = AXIS2_PLACEMENT_3D('',#3819,#3820,#3821);
#3819 = CARTESIAN_POINT('',(-1.1,-0.13,0.));
#3820 = DIRECTION('',(1.110223024625E-16,-1.,0.));
#3821 = DIRECTION('',(-1.,-1.110223024625E-16,0.));
#3822 = ADVANCED_FACE('',(#3823),#3857,.F.);
#3823 = FACE_BOUND('',#3824,.F.);
#3824 = EDGE_LOOP('',(#3825,#3835,#3843,#3849,#3850,#3851));
#3825 = ORIENTED_EDGE('',*,*,#3826,.F.);
#3826 = EDGE_CURVE('',#3827,#3829,#3831,.T.);
#3827 = VERTEX_POINT('',#3828);
#3828 = CARTESIAN_POINT('',(-1.5,0.13,0.));
#3829 = VERTEX_POINT('',#3830);
#3830 = CARTESIAN_POINT('',(-1.1,0.13,0.));
#3831 = LINE('',#3832,#3833);
#3832 = CARTESIAN_POINT('',(-1.5,0.13,0.));
#3833 = VECTOR('',#3834,1.);
#3834 = DIRECTION('',(1.,1.110223024625E-16,0.));
#3835 = ORIENTED_EDGE('',*,*,#3836,.T.);
#3836 = EDGE_CURVE('',#3827,#3837,#3839,.T.);
#3837 = VERTEX_POINT('',#3838);
#3838 = CARTESIAN_POINT('',(-1.5,0.13,0.2));
#3839 = LINE('',#3840,#3841);
#3840 = CARTESIAN_POINT('',(-1.5,0.13,0.));
#3841 = VECTOR('',#3842,1.);
#3842 = DIRECTION('',(0.,0.,1.));
#3843 = ORIENTED_EDGE('',*,*,#3844,.T.);
#3844 = EDGE_CURVE('',#3837,#2539,#3845,.T.);
#3845 = LINE('',#3846,#3847);
#3846 = CARTESIAN_POINT('',(-1.5,0.13,0.2));
#3847 = VECTOR('',#3848,1.);
#3848 = DIRECTION('',(1.,1.110223024625E-16,0.));
#3849 = ORIENTED_EDGE('',*,*,#2538,.F.);
#3850 = ORIENTED_EDGE('',*,*,#1645,.F.);
#3851 = ORIENTED_EDGE('',*,*,#3852,.F.);
#3852 = EDGE_CURVE('',#3829,#1638,#3853,.T.);
#3853 = LINE('',#3854,#3855);
#3854 = CARTESIAN_POINT('',(-1.1,0.13,0.));
#3855 = VECTOR('',#3856,1.);
#3856 = DIRECTION('',(0.,0.,1.));
#3857 = PLANE('',#3858);
#3858 = AXIS2_PLACEMENT_3D('',#3859,#3860,#3861);
#3859 = CARTESIAN_POINT('',(-1.5,0.13,0.));
#3860 = DIRECTION('',(-1.110223024625E-16,1.,0.));
#3861 = DIRECTION('',(1.,1.110223024625E-16,0.));
#3862 = ADVANCED_FACE('',(#3863),#3881,.F.);
#3863 = FACE_BOUND('',#3864,.F.);
#3864 = EDGE_LOOP('',(#3865,#3873,#3874,#3875));
#3865 = ORIENTED_EDGE('',*,*,#3866,.F.);
#3866 = EDGE_CURVE('',#3829,#3867,#3869,.T.);
#3867 = VERTEX_POINT('',#3868);
#3868 = CARTESIAN_POINT('',(-1.1,0.37,0.));
#3869 = LINE('',#3870,#3871);
#3870 = CARTESIAN_POINT('',(-1.1,0.13,0.));
#3871 = VECTOR('',#3872,1.);
#3872 = DIRECTION('',(-1.110223024625E-16,1.,0.));
#3873 = ORIENTED_EDGE('',*,*,#3852,.T.);
#3874 = ORIENTED_EDGE('',*,*,#1637,.F.);
#3875 = ORIENTED_EDGE('',*,*,#3876,.F.);
#3876 = EDGE_CURVE('',#3867,#1630,#3877,.T.);
#3877 = LINE('',#3878,#3879);
#3878 = CARTESIAN_POINT('',(-1.1,0.37,0.));
#3879 = VECTOR('',#3880,1.);
#3880 = DIRECTION('',(0.,0.,1.));
#3881 = PLANE('',#3882);
#3882 = AXIS2_PLACEMENT_3D('',#3883,#3884,#3885);
#3883 = CARTESIAN_POINT('',(-1.1,0.13,0.));
#3884 = DIRECTION('',(-1.,-1.110223024625E-16,0.));
#3885 = DIRECTION('',(-1.110223024625E-16,1.,0.));
#3886 = ADVANCED_FACE('',(#3887),#3914,.F.);
#3887 = FACE_BOUND('',#3888,.F.);
#3888 = EDGE_LOOP('',(#3889,#3897,#3898,#3899,#3900,#3908));
#3889 = ORIENTED_EDGE('',*,*,#3890,.F.);
#3890 = EDGE_CURVE('',#3867,#3891,#3893,.T.);
#3891 = VERTEX_POINT('',#3892);
#3892 = CARTESIAN_POINT('',(-1.5,0.37,0.));
#3893 = LINE('',#3894,#3895);
#3894 = CARTESIAN_POINT('',(-1.1,0.37,0.));
#3895 = VECTOR('',#3896,1.);
#3896 = DIRECTION('',(-1.,-1.110223024625E-16,0.));
#3897 = ORIENTED_EDGE('',*,*,#3876,.T.);
#3898 = ORIENTED_EDGE('',*,*,#1629,.F.);
#3899 = ORIENTED_EDGE('',*,*,#2554,.F.);
#3900 = ORIENTED_EDGE('',*,*,#3901,.T.);
#3901 = EDGE_CURVE('',#2547,#3902,#3904,.T.);
#3902 = VERTEX_POINT('',#3903);
#3903 = CARTESIAN_POINT('',(-1.5,0.37,0.2));
#3904 = LINE('',#3905,#3906);
#3905 = CARTESIAN_POINT('',(-1.1,0.37,0.2));
#3906 = VECTOR('',#3907,1.);
#3907 = DIRECTION('',(-1.,-1.110223024625E-16,0.));
#3908 = ORIENTED_EDGE('',*,*,#3909,.F.);
#3909 = EDGE_CURVE('',#3891,#3902,#3910,.T.);
#3910 = LINE('',#3911,#3912);
#3911 = CARTESIAN_POINT('',(-1.5,0.37,0.));
#3912 = VECTOR('',#3913,1.);
#3913 = DIRECTION('',(0.,0.,1.));
#3914 = PLANE('',#3915);
#3915 = AXIS2_PLACEMENT_3D('',#3916,#3917,#3918);
#3916 = CARTESIAN_POINT('',(-1.1,0.37,0.));
#3917 = DIRECTION('',(1.110223024625E-16,-1.,0.));
#3918 = DIRECTION('',(-1.,-1.110223024625E-16,0.));
#3919 = ADVANCED_FACE('',(#3920),#3954,.F.);
#3920 = FACE_BOUND('',#3921,.F.);
#3921 = EDGE_LOOP('',(#3922,#3932,#3940,#3946,#3947,#3948));
#3922 = ORIENTED_EDGE('',*,*,#3923,.F.);
#3923 = EDGE_CURVE('',#3924,#3926,#3928,.T.);
#3924 = VERTEX_POINT('',#3925);
#3925 = CARTESIAN_POINT('',(-1.5,0.63,0.));
#3926 = VERTEX_POINT('',#3927);
#3927 = CARTESIAN_POINT('',(-1.1,0.63,0.));
#3928 = LINE('',#3929,#3930);
#3929 = CARTESIAN_POINT('',(-1.5,0.63,0.));
#3930 = VECTOR('',#3931,1.);
#3931 = DIRECTION('',(1.,1.110223024625E-16,0.));
#3932 = ORIENTED_EDGE('',*,*,#3933,.T.);
#3933 = EDGE_CURVE('',#3924,#3934,#3936,.T.);
#3934 = VERTEX_POINT('',#3935);
#3935 = CARTESIAN_POINT('',(-1.5,0.63,0.2));
#3936 = LINE('',#3937,#3938);
#3937 = CARTESIAN_POINT('',(-1.5,0.63,0.));
#3938 = VECTOR('',#3939,1.);
#3939 = DIRECTION('',(0.,0.,1.));
#3940 = ORIENTED_EDGE('',*,*,#3941,.T.);
#3941 = EDGE_CURVE('',#3934,#2562,#3942,.T.);
#3942 = LINE('',#3943,#3944);
#3943 = CARTESIAN_POINT('',(-1.5,0.63,0.2));
#3944 = VECTOR('',#3945,1.);
#3945 = DIRECTION('',(1.,1.110223024625E-16,0.));
#3946 = ORIENTED_EDGE('',*,*,#2561,.F.);
#3947 = ORIENTED_EDGE('',*,*,#1613,.F.);
#3948 = ORIENTED_EDGE('',*,*,#3949,.F.);
#3949 = EDGE_CURVE('',#3926,#1606,#3950,.T.);
#3950 = LINE('',#3951,#3952);
#3951 = CARTESIAN_POINT('',(-1.1,0.63,0.));
#3952 = VECTOR('',#3953,1.);
#3953 = DIRECTION('',(0.,0.,1.));
#3954 = PLANE('',#3955);
#3955 = AXIS2_PLACEMENT_3D('',#3956,#3957,#3958);
#3956 = CARTESIAN_POINT('',(-1.5,0.63,0.));
#3957 = DIRECTION('',(-1.110223024625E-16,1.,0.));
#3958 = DIRECTION('',(1.,1.110223024625E-16,0.));
#3959 = ADVANCED_FACE('',(#3960),#3978,.F.);
#3960 = FACE_BOUND('',#3961,.F.);
#3961 = EDGE_LOOP('',(#3962,#3970,#3971,#3972));
#3962 = ORIENTED_EDGE('',*,*,#3963,.F.);
#3963 = EDGE_CURVE('',#3926,#3964,#3966,.T.);
#3964 = VERTEX_POINT('',#3965);
#3965 = CARTESIAN_POINT('',(-1.1,0.87,0.));
#3966 = LINE('',#3967,#3968);
#3967 = CARTESIAN_POINT('',(-1.1,0.63,0.));
#3968 = VECTOR('',#3969,1.);
#3969 = DIRECTION('',(-1.110223024625E-16,1.,0.));
#3970 = ORIENTED_EDGE('',*,*,#3949,.T.);
#3971 = ORIENTED_EDGE('',*,*,#1605,.F.);
#3972 = ORIENTED_EDGE('',*,*,#3973,.F.);
#3973 = EDGE_CURVE('',#3964,#1598,#3974,.T.);
#3974 = LINE('',#3975,#3976);
#3975 = CARTESIAN_POINT('',(-1.1,0.87,0.));
#3976 = VECTOR('',#3977,1.);
#3977 = DIRECTION('',(0.,0.,1.));
#3978 = PLANE('',#3979);
#3979 = AXIS2_PLACEMENT_3D('',#3980,#3981,#3982);
#3980 = CARTESIAN_POINT('',(-1.1,0.63,0.));
#3981 = DIRECTION('',(-1.,-1.110223024625E-16,0.));
#3982 = DIRECTION('',(-1.110223024625E-16,1.,0.));
#3983 = ADVANCED_FACE('',(#3984),#4011,.F.);
#3984 = FACE_BOUND('',#3985,.F.);
#3985 = EDGE_LOOP('',(#3986,#3994,#3995,#3996,#3997,#4005));
#3986 = ORIENTED_EDGE('',*,*,#3987,.F.);
#3987 = EDGE_CURVE('',#3964,#3988,#3990,.T.);
#3988 = VERTEX_POINT('',#3989);
#3989 = CARTESIAN_POINT('',(-1.5,0.87,0.));
#3990 = LINE('',#3991,#3992);
#3991 = CARTESIAN_POINT('',(-1.1,0.87,0.));
#3992 = VECTOR('',#3993,1.);
#3993 = DIRECTION('',(-1.,-1.110223024625E-16,0.));
#3994 = ORIENTED_EDGE('',*,*,#3973,.T.);
#3995 = ORIENTED_EDGE('',*,*,#1597,.F.);
#3996 = ORIENTED_EDGE('',*,*,#2577,.F.);
#3997 = ORIENTED_EDGE('',*,*,#3998,.T.);
#3998 = EDGE_CURVE('',#2570,#3999,#4001,.T.);
#3999 = VERTEX_POINT('',#4000);
#4000 = CARTESIAN_POINT('',(-1.5,0.87,0.2));
#4001 = LINE('',#4002,#4003);
#4002 = CARTESIAN_POINT('',(-1.1,0.87,0.2));
#4003 = VECTOR('',#4004,1.);
#4004 = DIRECTION('',(-1.,-1.110223024625E-16,0.));
#4005 = ORIENTED_EDGE('',*,*,#4006,.F.);
#4006 = EDGE_CURVE('',#3988,#3999,#4007,.T.);
#4007 = LINE('',#4008,#4009);
#4008 = CARTESIAN_POINT('',(-1.5,0.87,0.));
#4009 = VECTOR('',#4010,1.);
#4010 = DIRECTION('',(0.,0.,1.));
#4011 = PLANE('',#4012);
#4012 = AXIS2_PLACEMENT_3D('',#4013,#4014,#4015);
#4013 = CARTESIAN_POINT('',(-1.1,0.87,0.));
#4014 = DIRECTION('',(1.110223024625E-16,-1.,0.));
#4015 = DIRECTION('',(-1.,-1.110223024625E-16,0.));
#4016 = ADVANCED_FACE('',(#4017),#4042,.F.);
#4017 = FACE_BOUND('',#4018,.F.);
#4018 = EDGE_LOOP('',(#4019,#4029,#4035,#4036));
#4019 = ORIENTED_EDGE('',*,*,#4020,.F.);
#4020 = EDGE_CURVE('',#4021,#4023,#4025,.T.);
#4021 = VERTEX_POINT('',#4022);
#4022 = CARTESIAN_POINT('',(-0.85,-0.85,0.));
#4023 = VERTEX_POINT('',#4024);
#4024 = CARTESIAN_POINT('',(0.85,-0.85,0.));
#4025 = LINE('',#4026,#4027);
#4026 = CARTESIAN_POINT('',(-0.85,-0.85,0.));
#4027 = VECTOR('',#4028,1.);
#4028 = DIRECTION('',(1.,1.763295392052E-16,0.));
#4029 = ORIENTED_EDGE('',*,*,#4030,.T.);
#4030 = EDGE_CURVE('',#4021,#2049,#4031,.T.);
#4031 = LINE('',#4032,#4033);
#4032 = CARTESIAN_POINT('',(-0.85,-0.85,0.));
#4033 = VECTOR('',#4034,1.);
#4034 = DIRECTION('',(0.,0.,1.));
#4035 = ORIENTED_EDGE('',*,*,#2046,.F.);
#4036 = ORIENTED_EDGE('',*,*,#4037,.F.);
#4037 = EDGE_CURVE('',#4023,#2047,#4038,.T.);
#4038 = LINE('',#4039,#4040);
#4039 = CARTESIAN_POINT('',(0.85,-0.85,0.));
#4040 = VECTOR('',#4041,1.);
#4041 = DIRECTION('',(0.,0.,1.));
#4042 = PLANE('',#4043);
#4043 = AXIS2_PLACEMENT_3D('',#4044,#4045,#4046);
#4044 = CARTESIAN_POINT('',(-0.85,-0.85,0.));
#4045 = DIRECTION('',(-1.763295392052E-16,1.,0.));
#4046 = DIRECTION('',(1.,1.763295392052E-16,0.));
#4047 = ADVANCED_FACE('',(#4048),#4066,.F.);
#4048 = FACE_BOUND('',#4049,.F.);
#4049 = EDGE_LOOP('',(#4050,#4058,#4059,#4060));
#4050 = ORIENTED_EDGE('',*,*,#4051,.F.);
#4051 = EDGE_CURVE('',#4023,#4052,#4054,.T.);
#4052 = VERTEX_POINT('',#4053);
#4053 = CARTESIAN_POINT('',(0.85,0.85,0.));
#4054 = LINE('',#4055,#4056);
#4055 = CARTESIAN_POINT('',(0.85,-0.85,0.));
#4056 = VECTOR('',#4057,1.);
#4057 = DIRECTION('',(-1.110223024625E-16,1.,0.));
#4058 = ORIENTED_EDGE('',*,*,#4037,.T.);
#4059 = ORIENTED_EDGE('',*,*,#2080,.F.);
#4060 = ORIENTED_EDGE('',*,*,#4061,.F.);
#4061 = EDGE_CURVE('',#4052,#2073,#4062,.T.);
#4062 = LINE('',#4063,#4064);
#4063 = CARTESIAN_POINT('',(0.85,0.85,0.));
#4064 = VECTOR('',#4065,1.);
#4065 = DIRECTION('',(0.,0.,1.));
#4066 = PLANE('',#4067);
#4067 = AXIS2_PLACEMENT_3D('',#4068,#4069,#4070);
#4068 = CARTESIAN_POINT('',(0.85,-0.85,0.));
#4069 = DIRECTION('',(-1.,-1.110223024625E-16,0.));
#4070 = DIRECTION('',(-1.110223024625E-16,1.,0.));
#4071 = ADVANCED_FACE('',(#4072),#4090,.F.);
#4072 = FACE_BOUND('',#4073,.F.);
#4073 = EDGE_LOOP('',(#4074,#4082,#4083,#4084));
#4074 = ORIENTED_EDGE('',*,*,#4075,.F.);
#4075 = EDGE_CURVE('',#4052,#4076,#4078,.T.);
#4076 = VERTEX_POINT('',#4077);
#4077 = CARTESIAN_POINT('',(-0.65,0.85,0.));
#4078 = LINE('',#4079,#4080);
#4079 = CARTESIAN_POINT('',(0.85,0.85,0.));
#4080 = VECTOR('',#4081,1.);
#4081 = DIRECTION('',(-1.,-1.110223024625E-16,0.));
#4082 = ORIENTED_EDGE('',*,*,#4061,.T.);
#4083 = ORIENTED_EDGE('',*,*,#2072,.F.);
#4084 = ORIENTED_EDGE('',*,*,#4085,.F.);
#4085 = EDGE_CURVE('',#4076,#2065,#4086,.T.);
#4086 = LINE('',#4087,#4088);
#4087 = CARTESIAN_POINT('',(-0.65,0.85,0.));
#4088 = VECTOR('',#4089,1.);
#4089 = DIRECTION('',(0.,0.,1.));
#4090 = PLANE('',#4091);
#4091 = AXIS2_PLACEMENT_3D('',#4092,#4093,#4094);
#4092 = CARTESIAN_POINT('',(0.85,0.85,0.));
#4093 = DIRECTION('',(1.110223024625E-16,-1.,0.));
#4094 = DIRECTION('',(-1.,-1.110223024625E-16,0.));
#4095 = ADVANCED_FACE('',(#4096),#4114,.F.);
#4096 = FACE_BOUND('',#4097,.F.);
#4097 = EDGE_LOOP('',(#4098,#4106,#4107,#4108));
#4098 = ORIENTED_EDGE('',*,*,#4099,.F.);
#4099 = EDGE_CURVE('',#4076,#4100,#4102,.T.);
#4100 = VERTEX_POINT('',#4101);
#4101 = CARTESIAN_POINT('',(-0.85,0.65,0.));
#4102 = LINE('',#4103,#4104);
#4103 = CARTESIAN_POINT('',(-0.65,0.85,0.));
#4104 = VECTOR('',#4105,1.);
#4105 = DIRECTION('',(-0.707106781187,-0.707106781187,0.));
#4106 = ORIENTED_EDGE('',*,*,#4085,.T.);
#4107 = ORIENTED_EDGE('',*,*,#2064,.F.);
#4108 = ORIENTED_EDGE('',*,*,#4109,.F.);
#4109 = EDGE_CURVE('',#4100,#2057,#4110,.T.);
#4110 = LINE('',#4111,#4112);
#4111 = CARTESIAN_POINT('',(-0.85,0.65,0.));
#4112 = VECTOR('',#4113,1.);
#4113 = DIRECTION('',(0.,0.,1.));
#4114 = PLANE('',#4115);
#4115 = AXIS2_PLACEMENT_3D('',#4116,#4117,#4118);
#4116 = CARTESIAN_POINT('',(-0.65,0.85,0.));
#4117 = DIRECTION('',(0.707106781187,-0.707106781187,0.));
#4118 = DIRECTION('',(-0.707106781187,-0.707106781187,0.));
#4119 = ADVANCED_FACE('',(#4120),#4131,.F.);
#4120 = FACE_BOUND('',#4121,.F.);
#4121 = EDGE_LOOP('',(#4122,#4128,#4129,#4130));
#4122 = ORIENTED_EDGE('',*,*,#4123,.F.);
#4123 = EDGE_CURVE('',#4100,#4021,#4124,.T.);
#4124 = LINE('',#4125,#4126);
#4125 = CARTESIAN_POINT('',(-0.85,0.65,0.));
#4126 = VECTOR('',#4127,1.);
#4127 = DIRECTION('',(1.110223024625E-16,-1.,0.));
#4128 = ORIENTED_EDGE('',*,*,#4109,.T.);
#4129 = ORIENTED_EDGE('',*,*,#2056,.F.);
#4130 = ORIENTED_EDGE('',*,*,#4030,.F.);
#4131 = PLANE('',#4132);
#4132 = AXIS2_PLACEMENT_3D('',#4133,#4134,#4135);
#4133 = CARTESIAN_POINT('',(-0.85,0.65,0.));
#4134 = DIRECTION('',(1.,1.110223024625E-16,0.));
#4135 = DIRECTION('',(1.110223024625E-16,-1.,0.));
#4136 = ADVANCED_FACE('',(#4137),#4148,.F.);
#4137 = FACE_BOUND('',#4138,.F.);
#4138 = EDGE_LOOP('',(#4139,#4140,#4141,#4142));
#4139 = ORIENTED_EDGE('',*,*,#2158,.T.);
#4140 = ORIENTED_EDGE('',*,*,#3159,.T.);
#4141 = ORIENTED_EDGE('',*,*,#2094,.T.);
#4142 = ORIENTED_EDGE('',*,*,#4143,.T.);
#4143 = EDGE_CURVE('',#2097,#2159,#4144,.T.);
#4144 = LINE('',#4145,#4146);
#4145 = CARTESIAN_POINT('',(0.87,1.5,0.));
#4146 = VECTOR('',#4147,1.);
#4147 = DIRECTION('',(-1.,-1.224646799147E-16,0.));
#4148 = PLANE('',#4149);
#4149 = AXIS2_PLACEMENT_3D('',#4150,#4151,#4152);
#4150 = CARTESIAN_POINT('',(0.75,1.3,0.));
#4151 = DIRECTION('',(0.,0.,1.));
#4152 = DIRECTION('',(-1.,-1.224646799147E-16,0.));
#4153 = ADVANCED_FACE('',(#4154),#4160,.F.);
#4154 = FACE_BOUND('',#4155,.F.);
#4155 = EDGE_LOOP('',(#4156,#4157,#4158,#4159));
#4156 = ORIENTED_EDGE('',*,*,#2120,.T.);
#4157 = ORIENTED_EDGE('',*,*,#2134,.T.);
#4158 = ORIENTED_EDGE('',*,*,#2168,.F.);
#4159 = ORIENTED_EDGE('',*,*,#4143,.F.);
#4160 = PLANE('',#4161);
#4161 = AXIS2_PLACEMENT_3D('',#4162,#4163,#4164);
#4162 = CARTESIAN_POINT('',(0.87,1.5,0.));
#4163 = DIRECTION('',(1.224646799147E-16,-1.,0.));
#4164 = DIRECTION('',(-1.,-1.224646799147E-16,0.));
#4165 = ADVANCED_FACE('',(#4166),#4177,.F.);
#4166 = FACE_BOUND('',#4167,.F.);
#4167 = EDGE_LOOP('',(#4168,#4169,#4170,#4171));
#4168 = ORIENTED_EDGE('',*,*,#2255,.T.);
#4169 = ORIENTED_EDGE('',*,*,#3142,.T.);
#4170 = ORIENTED_EDGE('',*,*,#2191,.T.);
#4171 = ORIENTED_EDGE('',*,*,#4172,.T.);
#4172 = EDGE_CURVE('',#2194,#2256,#4173,.T.);
#4173 = LINE('',#4174,#4175);
#4174 = CARTESIAN_POINT('',(0.37,1.5,0.));
#4175 = VECTOR('',#4176,1.);
#4176 = DIRECTION('',(-1.,-1.224646799147E-16,0.));
#4177 = PLANE('',#4178);
#4178 = AXIS2_PLACEMENT_3D('',#4179,#4180,#4181);
#4179 = CARTESIAN_POINT('',(0.25,1.3,0.));
#4180 = DIRECTION('',(0.,0.,1.));
#4181 = DIRECTION('',(-1.,-1.224646799147E-16,0.));
#4182 = ADVANCED_FACE('',(#4183),#4189,.F.);
#4183 = FACE_BOUND('',#4184,.F.);
#4184 = EDGE_LOOP('',(#4185,#4186,#4187,#4188));
#4185 = ORIENTED_EDGE('',*,*,#2217,.T.);
#4186 = ORIENTED_EDGE('',*,*,#2231,.T.);
#4187 = ORIENTED_EDGE('',*,*,#2265,.F.);
#4188 = ORIENTED_EDGE('',*,*,#4172,.F.);
#4189 = PLANE('',#4190);
#4190 = AXIS2_PLACEMENT_3D('',#4191,#4192,#4193);
#4191 = CARTESIAN_POINT('',(0.37,1.5,0.));
#4192 = DIRECTION('',(1.224646799147E-16,-1.,0.));
#4193 = DIRECTION('',(-1.,-1.224646799147E-16,0.));
#4194 = ADVANCED_FACE('',(#4195),#4206,.F.);
#4195 = FACE_BOUND('',#4196,.F.);
#4196 = EDGE_LOOP('',(#4197,#4198,#4199,#4200));
#4197 = ORIENTED_EDGE('',*,*,#2352,.T.);
#4198 = ORIENTED_EDGE('',*,*,#3125,.T.);
#4199 = ORIENTED_EDGE('',*,*,#2288,.T.);
#4200 = ORIENTED_EDGE('',*,*,#4201,.T.);
#4201 = EDGE_CURVE('',#2291,#2353,#4202,.T.);
#4202 = LINE('',#4203,#4204);
#4203 = CARTESIAN_POINT('',(-0.13,1.5,0.));
#4204 = VECTOR('',#4205,1.);
#4205 = DIRECTION('',(-1.,-1.224646799147E-16,0.));
#4206 = PLANE('',#4207);
#4207 = AXIS2_PLACEMENT_3D('',#4208,#4209,#4210);
#4208 = CARTESIAN_POINT('',(-0.25,1.3,0.));
#4209 = DIRECTION('',(0.,0.,1.));
#4210 = DIRECTION('',(-1.,-1.224646799147E-16,0.));
#4211 = ADVANCED_FACE('',(#4212),#4218,.F.);
#4212 = FACE_BOUND('',#4213,.F.);
#4213 = EDGE_LOOP('',(#4214,#4215,#4216,#4217));
#4214 = ORIENTED_EDGE('',*,*,#2314,.T.);
#4215 = ORIENTED_EDGE('',*,*,#2328,.T.);
#4216 = ORIENTED_EDGE('',*,*,#2362,.F.);
#4217 = ORIENTED_EDGE('',*,*,#4201,.F.);
#4218 = PLANE('',#4219);
#4219 = AXIS2_PLACEMENT_3D('',#4220,#4221,#4222);
#4220 = CARTESIAN_POINT('',(-0.13,1.5,0.));
#4221 = DIRECTION('',(1.224646799147E-16,-1.,0.));
#4222 = DIRECTION('',(-1.,-1.224646799147E-16,0.));
#4223 = ADVANCED_FACE('',(#4224),#4235,.F.);
#4224 = FACE_BOUND('',#4225,.F.);
#4225 = EDGE_LOOP('',(#4226,#4227,#4228,#4229));
#4226 = ORIENTED_EDGE('',*,*,#2449,.T.);
#4227 = ORIENTED_EDGE('',*,*,#3108,.T.);
#4228 = ORIENTED_EDGE('',*,*,#2385,.T.);
#4229 = ORIENTED_EDGE('',*,*,#4230,.T.);
#4230 = EDGE_CURVE('',#2388,#2450,#4231,.T.);
#4231 = LINE('',#4232,#4233);
#4232 = CARTESIAN_POINT('',(-0.63,1.5,0.));
#4233 = VECTOR('',#4234,1.);
#4234 = DIRECTION('',(-1.,-1.224646799147E-16,0.));
#4235 = PLANE('',#4236);
#4236 = AXIS2_PLACEMENT_3D('',#4237,#4238,#4239);
#4237 = CARTESIAN_POINT('',(-0.75,1.3,0.));
#4238 = DIRECTION('',(0.,0.,1.));
#4239 = DIRECTION('',(-1.,-1.224646799147E-16,0.));
#4240 = ADVANCED_FACE('',(#4241),#4247,.F.);
#4241 = FACE_BOUND('',#4242,.F.);
#4242 = EDGE_LOOP('',(#4243,#4244,#4245,#4246));
#4243 = ORIENTED_EDGE('',*,*,#2411,.T.);
#4244 = ORIENTED_EDGE('',*,*,#2425,.T.);
#4245 = ORIENTED_EDGE('',*,*,#2459,.F.);
#4246 = ORIENTED_EDGE('',*,*,#4230,.F.);
#4247 = PLANE('',#4248);
#4248 = AXIS2_PLACEMENT_3D('',#4249,#4250,#4251);
#4249 = CARTESIAN_POINT('',(-0.63,1.5,0.));
#4250 = DIRECTION('',(1.224646799147E-16,-1.,0.));
#4251 = DIRECTION('',(-1.,-1.224646799147E-16,0.));
#4252 = ADVANCED_FACE('',(#4253),#4264,.T.);
#4253 = FACE_BOUND('',#4254,.T.);
#4254 = EDGE_LOOP('',(#4255,#4261,#4262,#4263));
#4255 = ORIENTED_EDGE('',*,*,#4256,.T.);
#4256 = EDGE_CURVE('',#3999,#3934,#4257,.T.);
#4257 = LINE('',#4258,#4259);
#4258 = CARTESIAN_POINT('',(-1.5,0.87,0.2));
#4259 = VECTOR('',#4260,1.);
#4260 = DIRECTION('',(1.110223024625E-16,-1.,0.));
#4261 = ORIENTED_EDGE('',*,*,#3941,.T.);
#4262 = ORIENTED_EDGE('',*,*,#2569,.F.);
#4263 = ORIENTED_EDGE('',*,*,#3998,.T.);
#4264 = PLANE('',#4265);
#4265 = AXIS2_PLACEMENT_3D('',#4266,#4267,#4268);
#4266 = CARTESIAN_POINT('',(-1.3,0.75,0.2));
#4267 = DIRECTION('',(0.,0.,1.));
#4268 = DIRECTION('',(1.110223024625E-16,-1.,0.));
#4269 = ADVANCED_FACE('',(#4270),#4281,.T.);
#4270 = FACE_BOUND('',#4271,.T.);
#4271 = EDGE_LOOP('',(#4272,#4278,#4279,#4280));
#4272 = ORIENTED_EDGE('',*,*,#4273,.T.);
#4273 = EDGE_CURVE('',#3902,#3837,#4274,.T.);
#4274 = LINE('',#4275,#4276);
#4275 = CARTESIAN_POINT('',(-1.5,0.37,0.2));
#4276 = VECTOR('',#4277,1.);
#4277 = DIRECTION('',(1.110223024625E-16,-1.,0.));
#4278 = ORIENTED_EDGE('',*,*,#3844,.T.);
#4279 = ORIENTED_EDGE('',*,*,#2546,.F.);
#4280 = ORIENTED_EDGE('',*,*,#3901,.T.);
#4281 = PLANE('',#4282);
#4282 = AXIS2_PLACEMENT_3D('',#4283,#4284,#4285);
#4283 = CARTESIAN_POINT('',(-1.3,0.25,0.2));
#4284 = DIRECTION('',(0.,0.,1.));
#4285 = DIRECTION('',(1.110223024625E-16,-1.,0.));
#4286 = ADVANCED_FACE('',(#4287),#4298,.T.);
#4287 = FACE_BOUND('',#4288,.T.);
#4288 = EDGE_LOOP('',(#4289,#4295,#4296,#4297));
#4289 = ORIENTED_EDGE('',*,*,#4290,.T.);
#4290 = EDGE_CURVE('',#3805,#3740,#4291,.T.);
#4291 = LINE('',#4292,#4293);
#4292 = CARTESIAN_POINT('',(-1.5,-0.13,0.2));
#4293 = VECTOR('',#4294,1.);
#4294 = DIRECTION('',(1.110223024625E-16,-1.,0.));
#4295 = ORIENTED_EDGE('',*,*,#3747,.T.);
#4296 = ORIENTED_EDGE('',*,*,#2523,.F.);
#4297 = ORIENTED_EDGE('',*,*,#3804,.T.);
#4298 = PLANE('',#4299);
#4299 = AXIS2_PLACEMENT_3D('',#4300,#4301,#4302);
#4300 = CARTESIAN_POINT('',(-1.3,-0.25,0.2));
#4301 = DIRECTION('',(0.,0.,1.));
#4302 = DIRECTION('',(1.110223024625E-16,-1.,0.));
#4303 = ADVANCED_FACE('',(#4304),#4315,.T.);
#4304 = FACE_BOUND('',#4305,.T.);
#4305 = EDGE_LOOP('',(#4306,#4312,#4313,#4314));
#4306 = ORIENTED_EDGE('',*,*,#4307,.T.);
#4307 = EDGE_CURVE('',#3708,#3643,#4308,.T.);
#4308 = LINE('',#4309,#4310);
#4309 = CARTESIAN_POINT('',(-1.5,-0.63,0.2));
#4310 = VECTOR('',#4311,1.);
#4311 = DIRECTION('',(1.110223024625E-16,-1.,0.));
#4312 = ORIENTED_EDGE('',*,*,#3650,.T.);
#4313 = ORIENTED_EDGE('',*,*,#2500,.F.);
#4314 = ORIENTED_EDGE('',*,*,#3707,.T.);
#4315 = PLANE('',#4316);
#4316 = AXIS2_PLACEMENT_3D('',#4317,#4318,#4319);
#4317 = CARTESIAN_POINT('',(-1.3,-0.75,0.2));
#4318 = DIRECTION('',(0.,0.,1.));
#4319 = DIRECTION('',(1.110223024625E-16,-1.,0.));
#4320 = ADVANCED_FACE('',(#4321),#4332,.T.);
#4321 = FACE_BOUND('',#4322,.T.);
#4322 = EDGE_LOOP('',(#4323,#4329,#4330,#4331));
#4323 = ORIENTED_EDGE('',*,*,#4324,.T.);
#4324 = EDGE_CURVE('',#3320,#3255,#4325,.T.);
#4325 = LINE('',#4326,#4327);
#4326 = CARTESIAN_POINT('',(0.63,-1.5,0.2));
#4327 = VECTOR('',#4328,1.);
#4328 = DIRECTION('',(1.,1.144237745222E-17,0.));
#4329 = ORIENTED_EDGE('',*,*,#3262,.T.);
#4330 = ORIENTED_EDGE('',*,*,#2671,.T.);
#4331 = ORIENTED_EDGE('',*,*,#3319,.T.);
#4332 = PLANE('',#4333);
#4333 = AXIS2_PLACEMENT_3D('',#4334,#4335,#4336);
#4334 = CARTESIAN_POINT('',(0.75,-1.3,0.2));
#4335 = DIRECTION('',(0.,0.,1.));
#4336 = DIRECTION('',(1.,1.144237745222E-17,-0.));
#4337 = ADVANCED_FACE('',(#4338),#4349,.T.);
#4338 = FACE_BOUND('',#4339,.T.);
#4339 = EDGE_LOOP('',(#4340,#4346,#4347,#4348));
#4340 = ORIENTED_EDGE('',*,*,#4341,.T.);
#4341 = EDGE_CURVE('',#3417,#3352,#4342,.T.);
#4342 = LINE('',#4343,#4344);
#4343 = CARTESIAN_POINT('',(0.13,-1.5,0.2));
#4344 = VECTOR('',#4345,1.);
#4345 = DIRECTION('',(1.,1.144237745222E-17,0.));
#4346 = ORIENTED_EDGE('',*,*,#3359,.T.);
#4347 = ORIENTED_EDGE('',*,*,#2648,.T.);
#4348 = ORIENTED_EDGE('',*,*,#3416,.T.);
#4349 = PLANE('',#4350);
#4350 = AXIS2_PLACEMENT_3D('',#4351,#4352,#4353);
#4351 = CARTESIAN_POINT('',(0.25,-1.3,0.2));
#4352 = DIRECTION('',(0.,0.,1.));
#4353 = DIRECTION('',(1.,1.144237745222E-17,-0.));
#4354 = ADVANCED_FACE('',(#4355),#4366,.T.);
#4355 = FACE_BOUND('',#4356,.T.);
#4356 = EDGE_LOOP('',(#4357,#4363,#4364,#4365));
#4357 = ORIENTED_EDGE('',*,*,#4358,.T.);
#4358 = EDGE_CURVE('',#3514,#3449,#4359,.T.);
#4359 = LINE('',#4360,#4361);
#4360 = CARTESIAN_POINT('',(-0.37,-1.5,0.2));
#4361 = VECTOR('',#4362,1.);
#4362 = DIRECTION('',(1.,1.144237745222E-17,0.));
#4363 = ORIENTED_EDGE('',*,*,#3456,.T.);
#4364 = ORIENTED_EDGE('',*,*,#2625,.T.);
#4365 = ORIENTED_EDGE('',*,*,#3513,.T.);
#4366 = PLANE('',#4367);
#4367 = AXIS2_PLACEMENT_3D('',#4368,#4369,#4370);
#4368 = CARTESIAN_POINT('',(-0.25,-1.3,0.2));
#4369 = DIRECTION('',(0.,0.,1.));
#4370 = DIRECTION('',(1.,1.144237745222E-17,-0.));
#4371 = ADVANCED_FACE('',(#4372),#4383,.T.);
#4372 = FACE_BOUND('',#4373,.T.);
#4373 = EDGE_LOOP('',(#4374,#4380,#4381,#4382));
#4374 = ORIENTED_EDGE('',*,*,#4375,.T.);
#4375 = EDGE_CURVE('',#3611,#3546,#4376,.T.);
#4376 = LINE('',#4377,#4378);
#4377 = CARTESIAN_POINT('',(-0.87,-1.5,0.2));
#4378 = VECTOR('',#4379,1.);
#4379 = DIRECTION('',(1.,1.144237745222E-17,0.));
#4380 = ORIENTED_EDGE('',*,*,#3553,.T.);
#4381 = ORIENTED_EDGE('',*,*,#2602,.T.);
#4382 = ORIENTED_EDGE('',*,*,#3610,.T.);
#4383 = PLANE('',#4384);
#4384 = AXIS2_PLACEMENT_3D('',#4385,#4386,#4387);
#4385 = CARTESIAN_POINT('',(-0.75,-1.3,0.2));
#4386 = DIRECTION('',(0.,0.,1.));
#4387 = DIRECTION('',(1.,1.144237745222E-17,-0.));
#4388 = ADVANCED_FACE('',(#4389),#4392,.F.);
#4389 = FACE_BOUND('',#4390,.T.);
#4390 = EDGE_LOOP('',(#4391));
#4391 = ORIENTED_EDGE('',*,*,#2703,.F.);
#4392 = PLANE('',#4393);
#4393 = AXIS2_PLACEMENT_3D('',#4394,#4395,#4396);
#4394 = CARTESIAN_POINT('',(-1.,1.,0.785));
#4395 = DIRECTION('',(0.,0.,-1.));
#4396 = DIRECTION('',(1.110223024625E-16,-1.,0.));
#4397 = ADVANCED_FACE('',(#4398),#4409,.F.);
#4398 = FACE_BOUND('',#4399,.F.);
#4399 = EDGE_LOOP('',(#4400,#4401,#4402,#4403));
#4400 = ORIENTED_EDGE('',*,*,#2720,.T.);
#4401 = ORIENTED_EDGE('',*,*,#3176,.T.);
#4402 = ORIENTED_EDGE('',*,*,#2784,.T.);
#4403 = ORIENTED_EDGE('',*,*,#4404,.T.);
#4404 = EDGE_CURVE('',#2787,#2721,#4405,.T.);
#4405 = LINE('',#4406,#4407);
#4406 = CARTESIAN_POINT('',(1.5,0.63,0.));
#4407 = VECTOR('',#4408,1.);
#4408 = DIRECTION('',(-2.334869823773E-16,1.,0.));
#4409 = PLANE('',#4410);
#4410 = AXIS2_PLACEMENT_3D('',#4411,#4412,#4413);
#4411 = CARTESIAN_POINT('',(1.3,0.75,0.));
#4412 = DIRECTION('',(0.,0.,1.));
#4413 = DIRECTION('',(-2.334869823773E-16,1.,0.));
#4414 = ADVANCED_FACE('',(#4415),#4421,.F.);
#4415 = FACE_BOUND('',#4416,.F.);
#4416 = EDGE_LOOP('',(#4417,#4418,#4419,#4420));
#4417 = ORIENTED_EDGE('',*,*,#2803,.T.);
#4418 = ORIENTED_EDGE('',*,*,#2760,.T.);
#4419 = ORIENTED_EDGE('',*,*,#2730,.F.);
#4420 = ORIENTED_EDGE('',*,*,#4404,.F.);
#4421 = PLANE('',#4422);
#4422 = AXIS2_PLACEMENT_3D('',#4423,#4424,#4425);
#4423 = CARTESIAN_POINT('',(1.5,0.63,0.));
#4424 = DIRECTION('',(-1.,-2.334869823773E-16,0.));
#4425 = DIRECTION('',(-2.334869823773E-16,1.,0.));
#4426 = ADVANCED_FACE('',(#4427),#4438,.F.);
#4427 = FACE_BOUND('',#4428,.F.);
#4428 = EDGE_LOOP('',(#4429,#4430,#4431,#4432));
#4429 = ORIENTED_EDGE('',*,*,#2817,.T.);
#4430 = ORIENTED_EDGE('',*,*,#3193,.T.);
#4431 = ORIENTED_EDGE('',*,*,#2881,.T.);
#4432 = ORIENTED_EDGE('',*,*,#4433,.T.);
#4433 = EDGE_CURVE('',#2884,#2818,#4434,.T.);
#4434 = LINE('',#4435,#4436);
#4435 = CARTESIAN_POINT('',(1.5,0.13,0.));
#4436 = VECTOR('',#4437,1.);
#4437 = DIRECTION('',(-2.334869823773E-16,1.,0.));
#4438 = PLANE('',#4439);
#4439 = AXIS2_PLACEMENT_3D('',#4440,#4441,#4442);
#4440 = CARTESIAN_POINT('',(1.3,0.25,0.));
#4441 = DIRECTION('',(0.,0.,1.));
#4442 = DIRECTION('',(-2.334869823773E-16,1.,0.));
#4443 = ADVANCED_FACE('',(#4444),#4450,.F.);
#4444 = FACE_BOUND('',#4445,.F.);
#4445 = EDGE_LOOP('',(#4446,#4447,#4448,#4449));
#4446 = ORIENTED_EDGE('',*,*,#2900,.T.);
#4447 = ORIENTED_EDGE('',*,*,#2857,.T.);
#4448 = ORIENTED_EDGE('',*,*,#2827,.F.);
#4449 = ORIENTED_EDGE('',*,*,#4433,.F.);
#4450 = PLANE('',#4451);
#4451 = AXIS2_PLACEMENT_3D('',#4452,#4453,#4454);
#4452 = CARTESIAN_POINT('',(1.5,0.13,0.));
#4453 = DIRECTION('',(-1.,-2.334869823773E-16,0.));
#4454 = DIRECTION('',(-2.334869823773E-16,1.,0.));
#4455 = ADVANCED_FACE('',(#4456),#4467,.F.);
#4456 = FACE_BOUND('',#4457,.F.);
#4457 = EDGE_LOOP('',(#4458,#4459,#4460,#4461));
#4458 = ORIENTED_EDGE('',*,*,#2914,.T.);
#4459 = ORIENTED_EDGE('',*,*,#3210,.T.);
#4460 = ORIENTED_EDGE('',*,*,#2978,.T.);
#4461 = ORIENTED_EDGE('',*,*,#4462,.T.);
#4462 = EDGE_CURVE('',#2981,#2915,#4463,.T.);
#4463 = LINE('',#4464,#4465);
#4464 = CARTESIAN_POINT('',(1.5,-0.37,0.));
#4465 = VECTOR('',#4466,1.);
#4466 = DIRECTION('',(-2.334869823773E-16,1.,0.));
#4467 = PLANE('',#4468);
#4468 = AXIS2_PLACEMENT_3D('',#4469,#4470,#4471);
#4469 = CARTESIAN_POINT('',(1.3,-0.25,0.));
#4470 = DIRECTION('',(0.,0.,1.));
#4471 = DIRECTION('',(-2.334869823773E-16,1.,0.));
#4472 = ADVANCED_FACE('',(#4473),#4479,.F.);
#4473 = FACE_BOUND('',#4474,.F.);
#4474 = EDGE_LOOP('',(#4475,#4476,#4477,#4478));
#4475 = ORIENTED_EDGE('',*,*,#2997,.T.);
#4476 = ORIENTED_EDGE('',*,*,#2954,.T.);
#4477 = ORIENTED_EDGE('',*,*,#2924,.F.);
#4478 = ORIENTED_EDGE('',*,*,#4462,.F.);
#4479 = PLANE('',#4480);
#4480 = AXIS2_PLACEMENT_3D('',#4481,#4482,#4483);
#4481 = CARTESIAN_POINT('',(1.5,-0.37,0.));
#4482 = DIRECTION('',(-1.,-2.334869823773E-16,0.));
#4483 = DIRECTION('',(-2.334869823773E-16,1.,0.));
#4484 = ADVANCED_FACE('',(#4485),#4496,.F.);
#4485 = FACE_BOUND('',#4486,.F.);
#4486 = EDGE_LOOP('',(#4487,#4488,#4489,#4490));
#4487 = ORIENTED_EDGE('',*,*,#3011,.T.);
#4488 = ORIENTED_EDGE('',*,*,#3227,.T.);
#4489 = ORIENTED_EDGE('',*,*,#3075,.T.);
#4490 = ORIENTED_EDGE('',*,*,#4491,.T.);
#4491 = EDGE_CURVE('',#3078,#3012,#4492,.T.);
#4492 = LINE('',#4493,#4494);
#4493 = CARTESIAN_POINT('',(1.5,-0.87,0.));
#4494 = VECTOR('',#4495,1.);
#4495 = DIRECTION('',(-2.334869823773E-16,1.,0.));
#4496 = PLANE('',#4497);
#4497 = AXIS2_PLACEMENT_3D('',#4498,#4499,#4500);
#4498 = CARTESIAN_POINT('',(1.3,-0.75,0.));
#4499 = DIRECTION('',(0.,0.,1.));
#4500 = DIRECTION('',(-2.334869823773E-16,1.,0.));
#4501 = ADVANCED_FACE('',(#4502),#4508,.F.);
#4502 = FACE_BOUND('',#4503,.F.);
#4503 = EDGE_LOOP('',(#4504,#4505,#4506,#4507));
#4504 = ORIENTED_EDGE('',*,*,#3094,.T.);
#4505 = ORIENTED_EDGE('',*,*,#3051,.T.);
#4506 = ORIENTED_EDGE('',*,*,#3021,.F.);
#4507 = ORIENTED_EDGE('',*,*,#4491,.F.);
#4508 = PLANE('',#4509);
#4509 = AXIS2_PLACEMENT_3D('',#4510,#4511,#4512);
#4510 = CARTESIAN_POINT('',(1.5,-0.87,0.));
#4511 = DIRECTION('',(-1.,-2.334869823773E-16,0.));
#4512 = DIRECTION('',(-2.334869823773E-16,1.,0.));
#4513 = ADVANCED_FACE('',(#4514),#4525,.F.);
#4514 = FACE_BOUND('',#4515,.F.);
#4515 = EDGE_LOOP('',(#4516,#4517,#4518,#4519));
#4516 = ORIENTED_EDGE('',*,*,#3244,.T.);
#4517 = ORIENTED_EDGE('',*,*,#3284,.T.);
#4518 = ORIENTED_EDGE('',*,*,#3308,.T.);
#4519 = ORIENTED_EDGE('',*,*,#4520,.T.);
#4520 = EDGE_CURVE('',#3309,#3245,#4521,.T.);
#4521 = LINE('',#4522,#4523);
#4522 = CARTESIAN_POINT('',(0.63,-1.5,0.));
#4523 = VECTOR('',#4524,1.);
#4524 = DIRECTION('',(1.,1.144237745222E-17,0.));
#4525 = PLANE('',#4526);
#4526 = AXIS2_PLACEMENT_3D('',#4527,#4528,#4529);
#4527 = CARTESIAN_POINT('',(0.75,-1.3,0.));
#4528 = DIRECTION('',(0.,0.,1.));
#4529 = DIRECTION('',(1.,1.144237745222E-17,-0.));
#4530 = ADVANCED_FACE('',(#4531),#4537,.F.);
#4531 = FACE_BOUND('',#4532,.F.);
#4532 = EDGE_LOOP('',(#4533,#4534,#4535,#4536));
#4533 = ORIENTED_EDGE('',*,*,#3327,.T.);
#4534 = ORIENTED_EDGE('',*,*,#4324,.T.);
#4535 = ORIENTED_EDGE('',*,*,#3254,.F.);
#4536 = ORIENTED_EDGE('',*,*,#4520,.F.);
#4537 = PLANE('',#4538);
#4538 = AXIS2_PLACEMENT_3D('',#4539,#4540,#4541);
#4539 = CARTESIAN_POINT('',(0.63,-1.5,0.));
#4540 = DIRECTION('',(-1.144237745222E-17,1.,0.));
#4541 = DIRECTION('',(1.,1.144237745222E-17,0.));
#4542 = ADVANCED_FACE('',(#4543),#4554,.F.);
#4543 = FACE_BOUND('',#4544,.F.);
#4544 = EDGE_LOOP('',(#4545,#4546,#4547,#4548));
#4545 = ORIENTED_EDGE('',*,*,#3341,.T.);
#4546 = ORIENTED_EDGE('',*,*,#3381,.T.);
#4547 = ORIENTED_EDGE('',*,*,#3405,.T.);
#4548 = ORIENTED_EDGE('',*,*,#4549,.T.);
#4549 = EDGE_CURVE('',#3406,#3342,#4550,.T.);
#4550 = LINE('',#4551,#4552);
#4551 = CARTESIAN_POINT('',(0.13,-1.5,0.));
#4552 = VECTOR('',#4553,1.);
#4553 = DIRECTION('',(1.,1.144237745222E-17,0.));
#4554 = PLANE('',#4555);
#4555 = AXIS2_PLACEMENT_3D('',#4556,#4557,#4558);
#4556 = CARTESIAN_POINT('',(0.25,-1.3,0.));
#4557 = DIRECTION('',(0.,0.,1.));
#4558 = DIRECTION('',(1.,1.144237745222E-17,-0.));
#4559 = ADVANCED_FACE('',(#4560),#4566,.F.);
#4560 = FACE_BOUND('',#4561,.F.);
#4561 = EDGE_LOOP('',(#4562,#4563,#4564,#4565));
#4562 = ORIENTED_EDGE('',*,*,#3424,.T.);
#4563 = ORIENTED_EDGE('',*,*,#4341,.T.);
#4564 = ORIENTED_EDGE('',*,*,#3351,.F.);
#4565 = ORIENTED_EDGE('',*,*,#4549,.F.);
#4566 = PLANE('',#4567);
#4567 = AXIS2_PLACEMENT_3D('',#4568,#4569,#4570);
#4568 = CARTESIAN_POINT('',(0.13,-1.5,0.));
#4569 = DIRECTION('',(-1.144237745222E-17,1.,0.));
#4570 = DIRECTION('',(1.,1.144237745222E-17,0.));
#4571 = ADVANCED_FACE('',(#4572),#4583,.F.);
#4572 = FACE_BOUND('',#4573,.F.);
#4573 = EDGE_LOOP('',(#4574,#4575,#4576,#4577));
#4574 = ORIENTED_EDGE('',*,*,#3438,.T.);
#4575 = ORIENTED_EDGE('',*,*,#3478,.T.);
#4576 = ORIENTED_EDGE('',*,*,#3502,.T.);
#4577 = ORIENTED_EDGE('',*,*,#4578,.T.);
#4578 = EDGE_CURVE('',#3503,#3439,#4579,.T.);
#4579 = LINE('',#4580,#4581);
#4580 = CARTESIAN_POINT('',(-0.37,-1.5,0.));
#4581 = VECTOR('',#4582,1.);
#4582 = DIRECTION('',(1.,1.144237745222E-17,0.));
#4583 = PLANE('',#4584);
#4584 = AXIS2_PLACEMENT_3D('',#4585,#4586,#4587);
#4585 = CARTESIAN_POINT('',(-0.25,-1.3,0.));
#4586 = DIRECTION('',(0.,0.,1.));
#4587 = DIRECTION('',(1.,1.144237745222E-17,-0.));
#4588 = ADVANCED_FACE('',(#4589),#4595,.F.);
#4589 = FACE_BOUND('',#4590,.F.);
#4590 = EDGE_LOOP('',(#4591,#4592,#4593,#4594));
#4591 = ORIENTED_EDGE('',*,*,#3521,.T.);
#4592 = ORIENTED_EDGE('',*,*,#4358,.T.);
#4593 = ORIENTED_EDGE('',*,*,#3448,.F.);
#4594 = ORIENTED_EDGE('',*,*,#4578,.F.);
#4595 = PLANE('',#4596);
#4596 = AXIS2_PLACEMENT_3D('',#4597,#4598,#4599);
#4597 = CARTESIAN_POINT('',(-0.37,-1.5,0.));
#4598 = DIRECTION('',(-1.144237745222E-17,1.,0.));
#4599 = DIRECTION('',(1.,1.144237745222E-17,0.));
#4600 = ADVANCED_FACE('',(#4601),#4612,.F.);
#4601 = FACE_BOUND('',#4602,.F.);
#4602 = EDGE_LOOP('',(#4603,#4604,#4605,#4606));
#4603 = ORIENTED_EDGE('',*,*,#3535,.T.);
#4604 = ORIENTED_EDGE('',*,*,#3575,.T.);
#4605 = ORIENTED_EDGE('',*,*,#3599,.T.);
#4606 = ORIENTED_EDGE('',*,*,#4607,.T.);
#4607 = EDGE_CURVE('',#3600,#3536,#4608,.T.);
#4608 = LINE('',#4609,#4610);
#4609 = CARTESIAN_POINT('',(-0.87,-1.5,0.));
#4610 = VECTOR('',#4611,1.);
#4611 = DIRECTION('',(1.,1.144237745222E-17,0.));
#4612 = PLANE('',#4613);
#4613 = AXIS2_PLACEMENT_3D('',#4614,#4615,#4616);
#4614 = CARTESIAN_POINT('',(-0.75,-1.3,0.));
#4615 = DIRECTION('',(0.,0.,1.));
#4616 = DIRECTION('',(1.,1.144237745222E-17,-0.));
#4617 = ADVANCED_FACE('',(#4618),#4624,.F.);
#4618 = FACE_BOUND('',#4619,.F.);
#4619 = EDGE_LOOP('',(#4620,#4621,#4622,#4623));
#4620 = ORIENTED_EDGE('',*,*,#3618,.T.);
#4621 = ORIENTED_EDGE('',*,*,#4375,.T.);
#4622 = ORIENTED_EDGE('',*,*,#3545,.F.);
#4623 = ORIENTED_EDGE('',*,*,#4607,.F.);
#4624 = PLANE('',#4625);
#4625 = AXIS2_PLACEMENT_3D('',#4626,#4627,#4628);
#4626 = CARTESIAN_POINT('',(-0.87,-1.5,0.));
#4627 = DIRECTION('',(-1.144237745222E-17,1.,0.));
#4628 = DIRECTION('',(1.,1.144237745222E-17,0.));
#4629 = ADVANCED_FACE('',(#4630),#4641,.F.);
#4630 = FACE_BOUND('',#4631,.F.);
#4631 = EDGE_LOOP('',(#4632,#4633,#4634,#4635));
#4632 = ORIENTED_EDGE('',*,*,#3632,.T.);
#4633 = ORIENTED_EDGE('',*,*,#3672,.T.);
#4634 = ORIENTED_EDGE('',*,*,#3696,.T.);
#4635 = ORIENTED_EDGE('',*,*,#4636,.T.);
#4636 = EDGE_CURVE('',#3697,#3633,#4637,.T.);
#4637 = LINE('',#4638,#4639);
#4638 = CARTESIAN_POINT('',(-1.5,-0.63,0.));
#4639 = VECTOR('',#4640,1.);
#4640 = DIRECTION('',(1.110223024625E-16,-1.,0.));
#4641 = PLANE('',#4642);
#4642 = AXIS2_PLACEMENT_3D('',#4643,#4644,#4645);
#4643 = CARTESIAN_POINT('',(-1.3,-0.75,0.));
#4644 = DIRECTION('',(0.,0.,1.));
#4645 = DIRECTION('',(1.110223024625E-16,-1.,0.));
#4646 = ADVANCED_FACE('',(#4647),#4653,.F.);
#4647 = FACE_BOUND('',#4648,.F.);
#4648 = EDGE_LOOP('',(#4649,#4650,#4651,#4652));
#4649 = ORIENTED_EDGE('',*,*,#3715,.T.);
#4650 = ORIENTED_EDGE('',*,*,#4307,.T.);
#4651 = ORIENTED_EDGE('',*,*,#3642,.F.);
#4652 = ORIENTED_EDGE('',*,*,#4636,.F.);
#4653 = PLANE('',#4654);
#4654 = AXIS2_PLACEMENT_3D('',#4655,#4656,#4657);
#4655 = CARTESIAN_POINT('',(-1.5,-0.63,0.));
#4656 = DIRECTION('',(1.,1.110223024625E-16,0.));
#4657 = DIRECTION('',(1.110223024625E-16,-1.,0.));
#4658 = ADVANCED_FACE('',(#4659),#4670,.F.);
#4659 = FACE_BOUND('',#4660,.F.);
#4660 = EDGE_LOOP('',(#4661,#4662,#4663,#4664));
#4661 = ORIENTED_EDGE('',*,*,#3729,.T.);
#4662 = ORIENTED_EDGE('',*,*,#3769,.T.);
#4663 = ORIENTED_EDGE('',*,*,#3793,.T.);
#4664 = ORIENTED_EDGE('',*,*,#4665,.T.);
#4665 = EDGE_CURVE('',#3794,#3730,#4666,.T.);
#4666 = LINE('',#4667,#4668);
#4667 = CARTESIAN_POINT('',(-1.5,-0.13,0.));
#4668 = VECTOR('',#4669,1.);
#4669 = DIRECTION('',(1.110223024625E-16,-1.,0.));
#4670 = PLANE('',#4671);
#4671 = AXIS2_PLACEMENT_3D('',#4672,#4673,#4674);
#4672 = CARTESIAN_POINT('',(-1.3,-0.25,0.));
#4673 = DIRECTION('',(0.,0.,1.));
#4674 = DIRECTION('',(1.110223024625E-16,-1.,0.));
#4675 = ADVANCED_FACE('',(#4676),#4682,.F.);
#4676 = FACE_BOUND('',#4677,.F.);
#4677 = EDGE_LOOP('',(#4678,#4679,#4680,#4681));
#4678 = ORIENTED_EDGE('',*,*,#3812,.T.);
#4679 = ORIENTED_EDGE('',*,*,#4290,.T.);
#4680 = ORIENTED_EDGE('',*,*,#3739,.F.);
#4681 = ORIENTED_EDGE('',*,*,#4665,.F.);
#4682 = PLANE('',#4683);
#4683 = AXIS2_PLACEMENT_3D('',#4684,#4685,#4686);
#4684 = CARTESIAN_POINT('',(-1.5,-0.13,0.));
#4685 = DIRECTION('',(1.,1.110223024625E-16,0.));
#4686 = DIRECTION('',(1.110223024625E-16,-1.,0.));
#4687 = ADVANCED_FACE('',(#4688),#4699,.F.);
#4688 = FACE_BOUND('',#4689,.F.);
#4689 = EDGE_LOOP('',(#4690,#4691,#4692,#4693));
#4690 = ORIENTED_EDGE('',*,*,#3826,.T.);
#4691 = ORIENTED_EDGE('',*,*,#3866,.T.);
#4692 = ORIENTED_EDGE('',*,*,#3890,.T.);
#4693 = ORIENTED_EDGE('',*,*,#4694,.T.);
#4694 = EDGE_CURVE('',#3891,#3827,#4695,.T.);
#4695 = LINE('',#4696,#4697);
#4696 = CARTESIAN_POINT('',(-1.5,0.37,0.));
#4697 = VECTOR('',#4698,1.);
#4698 = DIRECTION('',(1.110223024625E-16,-1.,0.));
#4699 = PLANE('',#4700);
#4700 = AXIS2_PLACEMENT_3D('',#4701,#4702,#4703);
#4701 = CARTESIAN_POINT('',(-1.3,0.25,0.));
#4702 = DIRECTION('',(0.,0.,1.));
#4703 = DIRECTION('',(1.110223024625E-16,-1.,0.));
#4704 = ADVANCED_FACE('',(#4705),#4711,.F.);
#4705 = FACE_BOUND('',#4706,.F.);
#4706 = EDGE_LOOP('',(#4707,#4708,#4709,#4710));
#4707 = ORIENTED_EDGE('',*,*,#3909,.T.);
#4708 = ORIENTED_EDGE('',*,*,#4273,.T.);
#4709 = ORIENTED_EDGE('',*,*,#3836,.F.);
#4710 = ORIENTED_EDGE('',*,*,#4694,.F.);
#4711 = PLANE('',#4712);
#4712 = AXIS2_PLACEMENT_3D('',#4713,#4714,#4715);
#4713 = CARTESIAN_POINT('',(-1.5,0.37,0.));
#4714 = DIRECTION('',(1.,1.110223024625E-16,0.));
#4715 = DIRECTION('',(1.110223024625E-16,-1.,0.));
#4716 = ADVANCED_FACE('',(#4717),#4728,.F.);
#4717 = FACE_BOUND('',#4718,.F.);
#4718 = EDGE_LOOP('',(#4719,#4720,#4721,#4722));
#4719 = ORIENTED_EDGE('',*,*,#3923,.T.);
#4720 = ORIENTED_EDGE('',*,*,#3963,.T.);
#4721 = ORIENTED_EDGE('',*,*,#3987,.T.);
#4722 = ORIENTED_EDGE('',*,*,#4723,.T.);
#4723 = EDGE_CURVE('',#3988,#3924,#4724,.T.);
#4724 = LINE('',#4725,#4726);
#4725 = CARTESIAN_POINT('',(-1.5,0.87,0.));
#4726 = VECTOR('',#4727,1.);
#4727 = DIRECTION('',(1.110223024625E-16,-1.,0.));
#4728 = PLANE('',#4729);
#4729 = AXIS2_PLACEMENT_3D('',#4730,#4731,#4732);
#4730 = CARTESIAN_POINT('',(-1.3,0.75,0.));
#4731 = DIRECTION('',(0.,0.,1.));
#4732 = DIRECTION('',(1.110223024625E-16,-1.,0.));
#4733 = ADVANCED_FACE('',(#4734),#4740,.F.);
#4734 = FACE_BOUND('',#4735,.F.);
#4735 = EDGE_LOOP('',(#4736,#4737,#4738,#4739));
#4736 = ORIENTED_EDGE('',*,*,#4006,.T.);
#4737 = ORIENTED_EDGE('',*,*,#4256,.T.);
#4738 = ORIENTED_EDGE('',*,*,#3933,.F.);
#4739 = ORIENTED_EDGE('',*,*,#4723,.F.);
#4740 = PLANE('',#4741);
#4741 = AXIS2_PLACEMENT_3D('',#4742,#4743,#4744);
#4742 = CARTESIAN_POINT('',(-1.5,0.87,0.));
#4743 = DIRECTION('',(1.,1.110223024625E-16,0.));
#4744 = DIRECTION('',(1.110223024625E-16,-1.,0.));
#4745 = ADVANCED_FACE('',(#4746),#4753,.F.);
#4746 = FACE_BOUND('',#4747,.F.);
#4747 = EDGE_LOOP('',(#4748,#4749,#4750,#4751,#4752));
#4748 = ORIENTED_EDGE('',*,*,#4123,.T.);
#4749 = ORIENTED_EDGE('',*,*,#4020,.T.);
#4750 = ORIENTED_EDGE('',*,*,#4051,.T.);
#4751 = ORIENTED_EDGE('',*,*,#4075,.T.);
#4752 = ORIENTED_EDGE('',*,*,#4099,.T.);
#4753 = PLANE('',#4754);
#4754 = AXIS2_PLACEMENT_3D('',#4755,#4756,#4757);
#4755 = CARTESIAN_POINT('',(1.614103014017E-02,-1.614103014017E-02,0.));
#4756 = DIRECTION('',(0.,0.,1.));
#4757 = DIRECTION('',(1.110223024625E-16,-1.,0.));
#4758 = ( GEOMETRIC_REPRESENTATION_CONTEXT(3) 
GLOBAL_UNCERTAINTY_ASSIGNED_CONTEXT((#4762)) 
GLOBAL_UNIT_ASSIGNED_CONTEXT((#4759,#4760,#4761)) REPRESENTATION_CONTEXT
('Context #1','3D Context with UNIT and UNCERTAINTY') );
#4759 = ( LENGTH_UNIT() NAMED_UNIT(*) SI_UNIT(.MILLI.,.METRE.) );
#4760 = ( NAMED_UNIT(*) PLANE_ANGLE_UNIT() SI_UNIT($,.RADIAN.) );
#4761 = ( NAMED_UNIT(*) SI_UNIT($,.STERADIAN.) SOLID_ANGLE_UNIT() );
#4762 = UNCERTAINTY_MEASURE_WITH_UNIT(LENGTH_MEASURE(1.E-07),#4759,
  'distance_accuracy_value','confusion accuracy');
#4763 = CONTEXT_DEPENDENT_SHAPE_REPRESENTATION(#4764,#4766);
#4764 = ( REPRESENTATION_RELATIONSHIP('','',#1219,#1196) 
REPRESENTATION_RELATIONSHIP_WITH_TRANSFORMATION(#4765) 
SHAPE_REPRESENTATION_RELATIONSHIP() );
#4765 = ITEM_DEFINED_TRANSFORMATION('','',#11,#1197);
#4766 = PRODUCT_DEFINITION_SHAPE('Placement','Placement of an item',
  #4767);
#4767 = NEXT_ASSEMBLY_USAGE_OCCURRENCE('6','=>[0:1:1:7]','',#1191,#1214,
  $);
#4768 = PRODUCT_RELATED_PRODUCT_CATEGORY('part',$,(#1216));
#4769 = CONTEXT_DEPENDENT_SHAPE_REPRESENTATION(#4770,#4772);
#4770 = ( REPRESENTATION_RELATIONSHIP('','',#777,#10) 
REPRESENTATION_RELATIONSHIP_WITH_TRANSFORMATION(#4771) 
SHAPE_REPRESENTATION_RELATIONSHIP() );
#4771 = ITEM_DEFINED_TRANSFORMATION('','',#11,#31);
#4772 = PRODUCT_DEFINITION_SHAPE('Placement','Placement of an item',
  #4773);
#4773 = NEXT_ASSEMBLY_USAGE_OCCURRENCE('8','C2','',#5,#772,$);
#4774 = CONTEXT_DEPENDENT_SHAPE_REPRESENTATION(#4775,#4777);
#4775 = ( REPRESENTATION_RELATIONSHIP('','',#777,#10) 
REPRESENTATION_RELATIONSHIP_WITH_TRANSFORMATION(#4776) 
SHAPE_REPRESENTATION_RELATIONSHIP() );
#4776 = ITEM_DEFINED_TRANSFORMATION('','',#11,#35);
#4777 = PRODUCT_DEFINITION_SHAPE('Placement','Placement of an item',
  #4778);
#4778 = NEXT_ASSEMBLY_USAGE_OCCURRENCE('9','C1','',#5,#772,$);
#4779 = CONTEXT_DEPENDENT_SHAPE_REPRESENTATION(#4780,#4782);
#4780 = ( REPRESENTATION_RELATIONSHIP('','',#72,#10) 
REPRESENTATION_RELATIONSHIP_WITH_TRANSFORMATION(#4781) 
SHAPE_REPRESENTATION_RELATIONSHIP() );
#4781 = ITEM_DEFINED_TRANSFORMATION('','',#11,#39);
#4782 = PRODUCT_DEFINITION_SHAPE('Placement','Placement of an item',
  #4783);
#4783 = NEXT_ASSEMBLY_USAGE_OCCURRENCE('10','R2','',#5,#67,$);
#4784 = CONTEXT_DEPENDENT_SHAPE_REPRESENTATION(#4785,#4787);
#4785 = ( REPRESENTATION_RELATIONSHIP('','',#72,#10) 
REPRESENTATION_RELATIONSHIP_WITH_TRANSFORMATION(#4786) 
SHAPE_REPRESENTATION_RELATIONSHIP() );
#4786 = ITEM_DEFINED_TRANSFORMATION('','',#11,#43);
#4787 = PRODUCT_DEFINITION_SHAPE('Placement','Placement of an item',
  #4788);
#4788 = NEXT_ASSEMBLY_USAGE_OCCURRENCE('11','R4','',#5,#67,$);
#4789 = CONTEXT_DEPENDENT_SHAPE_REPRESENTATION(#4790,#4792);
#4790 = ( REPRESENTATION_RELATIONSHIP('','',#777,#10) 
REPRESENTATION_RELATIONSHIP_WITH_TRANSFORMATION(#4791) 
SHAPE_REPRESENTATION_RELATIONSHIP() );
#4791 = ITEM_DEFINED_TRANSFORMATION('','',#11,#47);
#4792 = PRODUCT_DEFINITION_SHAPE('Placement','Placement of an item',
  #4793);
#4793 = NEXT_ASSEMBLY_USAGE_OCCURRENCE('12','C4','',#5,#772,$);
#4794 = SHAPE_DEFINITION_REPRESENTATION(#4795,#4801);
#4795 = PRODUCT_DEFINITION_SHAPE('','',#4796);
#4796 = PRODUCT_DEFINITION('design','',#4797,#4800);
#4797 = PRODUCT_DEFINITION_FORMATION('','',#4798);
#4798 = PRODUCT('PinHeader_1x02_P2.54mm_Vertical',
  'PinHeader_1x02_P2.54mm_Vertical','',(#4799));
#4799 = PRODUCT_CONTEXT('',#2,'mechanical');
#4800 = PRODUCT_DEFINITION_CONTEXT('part definition',#2,'design');
#4801 = SHAPE_REPRESENTATION('',(#11,#4802),#4806);
#4802 = AXIS2_PLACEMENT_3D('',#4803,#4804,#4805);
#4803 = CARTESIAN_POINT('',(0.,0.,0.));
#4804 = DIRECTION('',(0.,0.,1.));
#4805 = DIRECTION('',(1.,0.,-0.));
#4806 = ( GEOMETRIC_REPRESENTATION_CONTEXT(3) 
GLOBAL_UNCERTAINTY_ASSIGNED_CONTEXT((#4810)) 
GLOBAL_UNIT_ASSIGNED_CONTEXT((#4807,#4808,#4809)) REPRESENTATION_CONTEXT
('Context #1','3D Context with UNIT and UNCERTAINTY') );
#4807 = ( LENGTH_UNIT() NAMED_UNIT(*) SI_UNIT(.MILLI.,.METRE.) );
#4808 = ( NAMED_UNIT(*) PLANE_ANGLE_UNIT() SI_UNIT($,.RADIAN.) );
#4809 = ( NAMED_UNIT(*) SI_UNIT($,.STERADIAN.) SOLID_ANGLE_UNIT() );
#4810 = UNCERTAINTY_MEASURE_WITH_UNIT(LENGTH_MEASURE(1.E-07),#4807,
  'distance_accuracy_value','confusion accuracy');
#4811 = CONTEXT_DEPENDENT_SHAPE_REPRESENTATION(#4812,#4814);
#4812 = ( REPRESENTATION_RELATIONSHIP('','',#4801,#10) 
REPRESENTATION_RELATIONSHIP_WITH_TRANSFORMATION(#4813) 
SHAPE_REPRESENTATION_RELATIONSHIP() );
#4813 = ITEM_DEFINED_TRANSFORMATION('','',#11,#51);
#4814 = PRODUCT_DEFINITION_SHAPE('Placement','Placement of an item',
  #4815);
#4815 = NEXT_ASSEMBLY_USAGE_OCCURRENCE('14','J1','',#5,#4796,$);
#4816 = PRODUCT_RELATED_PRODUCT_CATEGORY('part',$,(#4798));
#4817 = SHAPE_DEFINITION_REPRESENTATION(#4818,#4824);
#4818 = PRODUCT_DEFINITION_SHAPE('','',#4819);
#4819 = PRODUCT_DEFINITION('design','',#4820,#4823);
#4820 = PRODUCT_DEFINITION_FORMATION('','',#4821);
#4821 = PRODUCT('PinHeader_1x02_P254mm_Vertical',
  'PinHeader_1x02_P254mm_Vertical','',(#4822));
#4822 = PRODUCT_CONTEXT('',#2,'mechanical');
#4823 = PRODUCT_DEFINITION_CONTEXT('part definition',#2,'design');
#4824 = ADVANCED_BREP_SHAPE_REPRESENTATION('',(#11,#4825),#6257);
#4825 = MANIFOLD_SOLID_BREP('',#4826);
#4826 = CLOSED_SHELL('',(#4827,#4867,#4898,#4929,#5094,#5259,#5276,#5293
    ,#5310,#5327,#5344,#5361,#5378,#5395,#5412,#5429,#5441,#5472,#5496,
    #5520,#5537,#5568,#5592,#5616,#5633,#5664,#5688,#5712,#5729,#5760,
    #5784,#5808,#5825,#5856,#5880,#5904,#5921,#5952,#5976,#6000,#6017,
    #6048,#6072,#6096,#6113,#6144,#6168,#6192,#6209,#6221,#6233,#6245));
#4827 = ADVANCED_FACE('',(#4828),#4862,.F.);
#4828 = FACE_BOUND('',#4829,.F.);
#4829 = EDGE_LOOP('',(#4830,#4840,#4848,#4856));
#4830 = ORIENTED_EDGE('',*,*,#4831,.T.);
#4831 = EDGE_CURVE('',#4832,#4834,#4836,.T.);
#4832 = VERTEX_POINT('',#4833);
#4833 = CARTESIAN_POINT('',(-1.016,1.27,0.));
#4834 = VERTEX_POINT('',#4835);
#4835 = CARTESIAN_POINT('',(-1.016,1.27,2.54));
#4836 = LINE('',#4837,#4838);
#4837 = CARTESIAN_POINT('',(-1.016,1.27,0.));
#4838 = VECTOR('',#4839,1.);
#4839 = DIRECTION('',(0.,0.,1.));
#4840 = ORIENTED_EDGE('',*,*,#4841,.T.);
#4841 = EDGE_CURVE('',#4834,#4842,#4844,.T.);
#4842 = VERTEX_POINT('',#4843);
#4843 = CARTESIAN_POINT('',(-1.27,1.016,2.54));
#4844 = LINE('',#4845,#4846);
#4845 = CARTESIAN_POINT('',(-1.016,1.27,2.54));
#4846 = VECTOR('',#4847,1.);
#4847 = DIRECTION('',(-0.707106781187,-0.707106781187,0.));
#4848 = ORIENTED_EDGE('',*,*,#4849,.F.);
#4849 = EDGE_CURVE('',#4850,#4842,#4852,.T.);
#4850 = VERTEX_POINT('',#4851);
#4851 = CARTESIAN_POINT('',(-1.27,1.016,0.));
#4852 = LINE('',#4853,#4854);
#4853 = CARTESIAN_POINT('',(-1.27,1.016,0.));
#4854 = VECTOR('',#4855,1.);
#4855 = DIRECTION('',(0.,0.,1.));
#4856 = ORIENTED_EDGE('',*,*,#4857,.F.);
#4857 = EDGE_CURVE('',#4832,#4850,#4858,.T.);
#4858 = LINE('',#4859,#4860);
#4859 = CARTESIAN_POINT('',(-1.016,1.27,0.));
#4860 = VECTOR('',#4861,1.);
#4861 = DIRECTION('',(-0.707106781187,-0.707106781187,0.));
#4862 = PLANE('',#4863);
#4863 = AXIS2_PLACEMENT_3D('',#4864,#4865,#4866);
#4864 = CARTESIAN_POINT('',(-1.016,1.27,0.));
#4865 = DIRECTION('',(0.707106781187,-0.707106781187,0.));
#4866 = DIRECTION('',(-0.707106781187,-0.707106781187,0.));
#4867 = ADVANCED_FACE('',(#4868),#4893,.F.);
#4868 = FACE_BOUND('',#4869,.F.);
#4869 = EDGE_LOOP('',(#4870,#4880,#4886,#4887));
#4870 = ORIENTED_EDGE('',*,*,#4871,.T.);
#4871 = EDGE_CURVE('',#4872,#4874,#4876,.T.);
#4872 = VERTEX_POINT('',#4873);
#4873 = CARTESIAN_POINT('',(1.016,1.27,0.));
#4874 = VERTEX_POINT('',#4875);
#4875 = CARTESIAN_POINT('',(1.016,1.27,2.54));
#4876 = LINE('',#4877,#4878);
#4877 = CARTESIAN_POINT('',(1.016,1.27,0.));
#4878 = VECTOR('',#4879,1.);
#4879 = DIRECTION('',(0.,0.,1.));
#4880 = ORIENTED_EDGE('',*,*,#4881,.T.);
#4881 = EDGE_CURVE('',#4874,#4834,#4882,.T.);
#4882 = LINE('',#4883,#4884);
#4883 = CARTESIAN_POINT('',(1.016,1.27,2.54));
#4884 = VECTOR('',#4885,1.);
#4885 = DIRECTION('',(-1.,0.,0.));
#4886 = ORIENTED_EDGE('',*,*,#4831,.F.);
#4887 = ORIENTED_EDGE('',*,*,#4888,.F.);
#4888 = EDGE_CURVE('',#4872,#4832,#4889,.T.);
#4889 = LINE('',#4890,#4891);
#4890 = CARTESIAN_POINT('',(1.016,1.27,0.));
#4891 = VECTOR('',#4892,1.);
#4892 = DIRECTION('',(-1.,0.,0.));
#4893 = PLANE('',#4894);
#4894 = AXIS2_PLACEMENT_3D('',#4895,#4896,#4897);
#4895 = CARTESIAN_POINT('',(1.016,1.27,0.));
#4896 = DIRECTION('',(0.,-1.,0.));
#4897 = DIRECTION('',(-1.,0.,0.));
#4898 = ADVANCED_FACE('',(#4899),#4924,.F.);
#4899 = FACE_BOUND('',#4900,.F.);
#4900 = EDGE_LOOP('',(#4901,#4902,#4910,#4918));
#4901 = ORIENTED_EDGE('',*,*,#4849,.T.);
#4902 = ORIENTED_EDGE('',*,*,#4903,.T.);
#4903 = EDGE_CURVE('',#4842,#4904,#4906,.T.);
#4904 = VERTEX_POINT('',#4905);
#4905 = CARTESIAN_POINT('',(-1.27,-1.016,2.54));
#4906 = LINE('',#4907,#4908);
#4907 = CARTESIAN_POINT('',(-1.27,1.016,2.54));
#4908 = VECTOR('',#4909,1.);
#4909 = DIRECTION('',(0.,-1.,0.));
#4910 = ORIENTED_EDGE('',*,*,#4911,.F.);
#4911 = EDGE_CURVE('',#4912,#4904,#4914,.T.);
#4912 = VERTEX_POINT('',#4913);
#4913 = CARTESIAN_POINT('',(-1.27,-1.016,0.));
#4914 = LINE('',#4915,#4916);
#4915 = CARTESIAN_POINT('',(-1.27,-1.016,0.));
#4916 = VECTOR('',#4917,1.);
#4917 = DIRECTION('',(0.,0.,1.));
#4918 = ORIENTED_EDGE('',*,*,#4919,.F.);
#4919 = EDGE_CURVE('',#4850,#4912,#4920,.T.);
#4920 = LINE('',#4921,#4922);
#4921 = CARTESIAN_POINT('',(-1.27,1.016,0.));
#4922 = VECTOR('',#4923,1.);
#4923 = DIRECTION('',(0.,-1.,0.));
#4924 = PLANE('',#4925);
#4925 = AXIS2_PLACEMENT_3D('',#4926,#4927,#4928);
#4926 = CARTESIAN_POINT('',(-1.27,1.016,0.));
#4927 = DIRECTION('',(1.,0.,0.));
#4928 = DIRECTION('',(0.,-1.,0.));
#4929 = ADVANCED_FACE('',(#4930,#5021,#5055),#5089,.F.);
#4930 = FACE_BOUND('',#4931,.F.);
#4931 = EDGE_LOOP('',(#4932,#4933,#4934,#4942,#4950,#4958,#4966,#4974,
    #4982,#4990,#4998,#5006,#5014,#5020));
#4932 = ORIENTED_EDGE('',*,*,#4857,.T.);
#4933 = ORIENTED_EDGE('',*,*,#4919,.T.);
#4934 = ORIENTED_EDGE('',*,*,#4935,.T.);
#4935 = EDGE_CURVE('',#4912,#4936,#4938,.T.);
#4936 = VERTEX_POINT('',#4937);
#4937 = CARTESIAN_POINT('',(-1.016,-1.27,0.));
#4938 = LINE('',#4939,#4940);
#4939 = CARTESIAN_POINT('',(-1.27,-1.016,0.));
#4940 = VECTOR('',#4941,1.);
#4941 = DIRECTION('',(0.707106781187,-0.707106781187,0.));
#4942 = ORIENTED_EDGE('',*,*,#4943,.T.);
#4943 = EDGE_CURVE('',#4936,#4944,#4946,.T.);
#4944 = VERTEX_POINT('',#4945);
#4945 = CARTESIAN_POINT('',(-1.27,-1.524,0.));
#4946 = LINE('',#4947,#4948);
#4947 = CARTESIAN_POINT('',(-1.016,-1.27,0.));
#4948 = VECTOR('',#4949,1.);
#4949 = DIRECTION('',(-0.707106781187,-0.707106781187,0.));
#4950 = ORIENTED_EDGE('',*,*,#4951,.T.);
#4951 = EDGE_CURVE('',#4944,#4952,#4954,.T.);
#4952 = VERTEX_POINT('',#4953);
#4953 = CARTESIAN_POINT('',(-1.27,-3.556,0.));
#4954 = LINE('',#4955,#4956);
#4955 = CARTESIAN_POINT('',(-1.27,-1.524,0.));
#4956 = VECTOR('',#4957,1.);
#4957 = DIRECTION('',(0.,-1.,0.));
#4958 = ORIENTED_EDGE('',*,*,#4959,.T.);
#4959 = EDGE_CURVE('',#4952,#4960,#4962,.T.);
#4960 = VERTEX_POINT('',#4961);
#4961 = CARTESIAN_POINT('',(-1.016,-3.81,0.));
#4962 = LINE('',#4963,#4964);
#4963 = CARTESIAN_POINT('',(-1.27,-3.556,0.));
#4964 = VECTOR('',#4965,1.);
#4965 = DIRECTION('',(0.707106781187,-0.707106781187,0.));
#4966 = ORIENTED_EDGE('',*,*,#4967,.T.);
#4967 = EDGE_CURVE('',#4960,#4968,#4970,.T.);
#4968 = VERTEX_POINT('',#4969);
#4969 = CARTESIAN_POINT('',(1.016,-3.81,0.));
#4970 = LINE('',#4971,#4972);
#4971 = CARTESIAN_POINT('',(-1.016,-3.81,0.));
#4972 = VECTOR('',#4973,1.);
#4973 = DIRECTION('',(1.,0.,0.));
#4974 = ORIENTED_EDGE('',*,*,#4975,.T.);
#4975 = EDGE_CURVE('',#4968,#4976,#4978,.T.);
#4976 = VERTEX_POINT('',#4977);
#4977 = CARTESIAN_POINT('',(1.27,-3.556,0.));
#4978 = LINE('',#4979,#4980);
#4979 = CARTESIAN_POINT('',(1.016,-3.81,0.));
#4980 = VECTOR('',#4981,1.);
#4981 = DIRECTION('',(0.707106781187,0.707106781187,0.));
#4982 = ORIENTED_EDGE('',*,*,#4983,.T.);
#4983 = EDGE_CURVE('',#4976,#4984,#4986,.T.);
#4984 = VERTEX_POINT('',#4985);
#4985 = CARTESIAN_POINT('',(1.27,-1.524,0.));
#4986 = LINE('',#4987,#4988);
#4987 = CARTESIAN_POINT('',(1.27,-3.556,0.));
#4988 = VECTOR('',#4989,1.);
#4989 = DIRECTION('',(0.,1.,0.));
#4990 = ORIENTED_EDGE('',*,*,#4991,.T.);
#4991 = EDGE_CURVE('',#4984,#4992,#4994,.T.);
#4992 = VERTEX_POINT('',#4993);
#4993 = CARTESIAN_POINT('',(1.016,-1.27,0.));
#4994 = LINE('',#4995,#4996);
#4995 = CARTESIAN_POINT('',(1.27,-1.524,0.));
#4996 = VECTOR('',#4997,1.);
#4997 = DIRECTION('',(-0.707106781187,0.707106781187,0.));
#4998 = ORIENTED_EDGE('',*,*,#4999,.T.);
#4999 = EDGE_CURVE('',#4992,#5000,#5002,.T.);
#5000 = VERTEX_POINT('',#5001);
#5001 = CARTESIAN_POINT('',(1.27,-1.016,0.));
#5002 = LINE('',#5003,#5004);
#5003 = CARTESIAN_POINT('',(1.016,-1.27,0.));
#5004 = VECTOR('',#5005,1.);
#5005 = DIRECTION('',(0.707106781187,0.707106781187,0.));
#5006 = ORIENTED_EDGE('',*,*,#5007,.T.);
#5007 = EDGE_CURVE('',#5000,#5008,#5010,.T.);
#5008 = VERTEX_POINT('',#5009);
#5009 = CARTESIAN_POINT('',(1.27,1.016,0.));
#5010 = LINE('',#5011,#5012);
#5011 = CARTESIAN_POINT('',(1.27,-1.016,0.));
#5012 = VECTOR('',#5013,1.);
#5013 = DIRECTION('',(0.,1.,0.));
#5014 = ORIENTED_EDGE('',*,*,#5015,.T.);
#5015 = EDGE_CURVE('',#5008,#4872,#5016,.T.);
#5016 = LINE('',#5017,#5018);
#5017 = CARTESIAN_POINT('',(1.27,1.016,0.));
#5018 = VECTOR('',#5019,1.);
#5019 = DIRECTION('',(-0.707106781187,0.707106781187,0.));
#5020 = ORIENTED_EDGE('',*,*,#4888,.T.);
#5021 = FACE_BOUND('',#5022,.F.);
#5022 = EDGE_LOOP('',(#5023,#5033,#5041,#5049));
#5023 = ORIENTED_EDGE('',*,*,#5024,.T.);
#5024 = EDGE_CURVE('',#5025,#5027,#5029,.T.);
#5025 = VERTEX_POINT('',#5026);
#5026 = CARTESIAN_POINT('',(0.32,-0.32,0.));
#5027 = VERTEX_POINT('',#5028);
#5028 = CARTESIAN_POINT('',(-0.32,-0.32,0.));
#5029 = LINE('',#5030,#5031);
#5030 = CARTESIAN_POINT('',(-0.16,-0.32,0.));
#5031 = VECTOR('',#5032,1.);
#5032 = DIRECTION('',(-1.,0.,0.));
#5033 = ORIENTED_EDGE('',*,*,#5034,.T.);
#5034 = EDGE_CURVE('',#5027,#5035,#5037,.T.);
#5035 = VERTEX_POINT('',#5036);
#5036 = CARTESIAN_POINT('',(-0.32,0.32,0.));
#5037 = LINE('',#5038,#5039);
#5038 = CARTESIAN_POINT('',(-0.32,-0.795,0.));
#5039 = VECTOR('',#5040,1.);
#5040 = DIRECTION('',(0.,1.,0.));
#5041 = ORIENTED_EDGE('',*,*,#5042,.F.);
#5042 = EDGE_CURVE('',#5043,#5035,#5045,.T.);
#5043 = VERTEX_POINT('',#5044);
#5044 = CARTESIAN_POINT('',(0.32,0.32,0.));
#5045 = LINE('',#5046,#5047);
#5046 = CARTESIAN_POINT('',(-0.16,0.32,0.));
#5047 = VECTOR('',#5048,1.);
#5048 = DIRECTION('',(-1.,0.,0.));
#5049 = ORIENTED_EDGE('',*,*,#5050,.F.);
#5050 = EDGE_CURVE('',#5025,#5043,#5051,.T.);
#5051 = LINE('',#5052,#5053);
#5052 = CARTESIAN_POINT('',(0.32,-0.795,0.));
#5053 = VECTOR('',#5054,1.);
#5054 = DIRECTION('',(0.,1.,0.));
#5055 = FACE_BOUND('',#5056,.F.);
#5056 = EDGE_LOOP('',(#5057,#5067,#5075,#5083));
#5057 = ORIENTED_EDGE('',*,*,#5058,.T.);
#5058 = EDGE_CURVE('',#5059,#5061,#5063,.T.);
#5059 = VERTEX_POINT('',#5060);
#5060 = CARTESIAN_POINT('',(0.32,-2.86,0.));
#5061 = VERTEX_POINT('',#5062);
#5062 = CARTESIAN_POINT('',(-0.32,-2.86,0.));
#5063 = LINE('',#5064,#5065);
#5064 = CARTESIAN_POINT('',(-0.16,-2.86,0.));
#5065 = VECTOR('',#5066,1.);
#5066 = DIRECTION('',(-1.,0.,0.));
#5067 = ORIENTED_EDGE('',*,*,#5068,.T.);
#5068 = EDGE_CURVE('',#5061,#5069,#5071,.T.);
#5069 = VERTEX_POINT('',#5070);
#5070 = CARTESIAN_POINT('',(-0.32,-2.22,0.));
#5071 = LINE('',#5072,#5073);
#5072 = CARTESIAN_POINT('',(-0.32,-2.065,0.));
#5073 = VECTOR('',#5074,1.);
#5074 = DIRECTION('',(0.,1.,0.));
#5075 = ORIENTED_EDGE('',*,*,#5076,.F.);
#5076 = EDGE_CURVE('',#5077,#5069,#5079,.T.);
#5077 = VERTEX_POINT('',#5078);
#5078 = CARTESIAN_POINT('',(0.32,-2.22,0.));
#5079 = LINE('',#5080,#5081);
#5080 = CARTESIAN_POINT('',(-0.16,-2.22,0.));
#5081 = VECTOR('',#5082,1.);
#5082 = DIRECTION('',(-1.,0.,0.));
#5083 = ORIENTED_EDGE('',*,*,#5084,.F.);
#5084 = EDGE_CURVE('',#5059,#5077,#5085,.T.);
#5085 = LINE('',#5086,#5087);
#5086 = CARTESIAN_POINT('',(0.32,-2.065,0.));
#5087 = VECTOR('',#5088,1.);
#5088 = DIRECTION('',(0.,1.,0.));
#5089 = PLANE('',#5090);
#5090 = AXIS2_PLACEMENT_3D('',#5091,#5092,#5093);
#5091 = CARTESIAN_POINT('',(1.473843703412E-17,-1.27,0.));
#5092 = DIRECTION('',(0.,0.,1.));
#5093 = DIRECTION('',(1.,0.,-0.));
#5094 = ADVANCED_FACE('',(#5095,#5186,#5220),#5254,.T.);
#5095 = FACE_BOUND('',#5096,.T.);
#5096 = EDGE_LOOP('',(#5097,#5098,#5099,#5107,#5115,#5123,#5131,#5139,
    #5147,#5155,#5163,#5171,#5179,#5185));
#5097 = ORIENTED_EDGE('',*,*,#4841,.T.);
#5098 = ORIENTED_EDGE('',*,*,#4903,.T.);
#5099 = ORIENTED_EDGE('',*,*,#5100,.T.);
#5100 = EDGE_CURVE('',#4904,#5101,#5103,.T.);
#5101 = VERTEX_POINT('',#5102);
#5102 = CARTESIAN_POINT('',(-1.016,-1.27,2.54));
#5103 = LINE('',#5104,#5105);
#5104 = CARTESIAN_POINT('',(-1.27,-1.016,2.54));
#5105 = VECTOR('',#5106,1.);
#5106 = DIRECTION('',(0.707106781187,-0.707106781187,0.));
#5107 = ORIENTED_EDGE('',*,*,#5108,.T.);
#5108 = EDGE_CURVE('',#5101,#5109,#5111,.T.);
#5109 = VERTEX_POINT('',#5110);
#5110 = CARTESIAN_POINT('',(-1.27,-1.524,2.54));
#5111 = LINE('',#5112,#5113);
#5112 = CARTESIAN_POINT('',(-1.016,-1.27,2.54));
#5113 = VECTOR('',#5114,1.);
#5114 = DIRECTION('',(-0.707106781187,-0.707106781187,0.));
#5115 = ORIENTED_EDGE('',*,*,#5116,.T.);
#5116 = EDGE_CURVE('',#5109,#5117,#5119,.T.);
#5117 = VERTEX_POINT('',#5118);
#5118 = CARTESIAN_POINT('',(-1.27,-3.556,2.54));
#5119 = LINE('',#5120,#5121);
#5120 = CARTESIAN_POINT('',(-1.27,-1.524,2.54));
#5121 = VECTOR('',#5122,1.);
#5122 = DIRECTION('',(0.,-1.,0.));
#5123 = ORIENTED_EDGE('',*,*,#5124,.T.);
#5124 = EDGE_CURVE('',#5117,#5125,#5127,.T.);
#5125 = VERTEX_POINT('',#5126);
#5126 = CARTESIAN_POINT('',(-1.016,-3.81,2.54));
#5127 = LINE('',#5128,#5129);
#5128 = CARTESIAN_POINT('',(-1.27,-3.556,2.54));
#5129 = VECTOR('',#5130,1.);
#5130 = DIRECTION('',(0.707106781187,-0.707106781187,0.));
#5131 = ORIENTED_EDGE('',*,*,#5132,.T.);
#5132 = EDGE_CURVE('',#5125,#5133,#5135,.T.);
#5133 = VERTEX_POINT('',#5134);
#5134 = CARTESIAN_POINT('',(1.016,-3.81,2.54));
#5135 = LINE('',#5136,#5137);
#5136 = CARTESIAN_POINT('',(-1.016,-3.81,2.54));
#5137 = VECTOR('',#5138,1.);
#5138 = DIRECTION('',(1.,0.,0.));
#5139 = ORIENTED_EDGE('',*,*,#5140,.T.);
#5140 = EDGE_CURVE('',#5133,#5141,#5143,.T.);
#5141 = VERTEX_POINT('',#5142);
#5142 = CARTESIAN_POINT('',(1.27,-3.556,2.54));
#5143 = LINE('',#5144,#5145);
#5144 = CARTESIAN_POINT('',(1.016,-3.81,2.54));
#5145 = VECTOR('',#5146,1.);
#5146 = DIRECTION('',(0.707106781187,0.707106781187,0.));
#5147 = ORIENTED_EDGE('',*,*,#5148,.T.);
#5148 = EDGE_CURVE('',#5141,#5149,#5151,.T.);
#5149 = VERTEX_POINT('',#5150);
#5150 = CARTESIAN_POINT('',(1.27,-1.524,2.54));
#5151 = LINE('',#5152,#5153);
#5152 = CARTESIAN_POINT('',(1.27,-3.556,2.54));
#5153 = VECTOR('',#5154,1.);
#5154 = DIRECTION('',(0.,1.,0.));
#5155 = ORIENTED_EDGE('',*,*,#5156,.T.);
#5156 = EDGE_CURVE('',#5149,#5157,#5159,.T.);
#5157 = VERTEX_POINT('',#5158);
#5158 = CARTESIAN_POINT('',(1.016,-1.27,2.54));
#5159 = LINE('',#5160,#5161);
#5160 = CARTESIAN_POINT('',(1.27,-1.524,2.54));
#5161 = VECTOR('',#5162,1.);
#5162 = DIRECTION('',(-0.707106781187,0.707106781187,0.));
#5163 = ORIENTED_EDGE('',*,*,#5164,.T.);
#5164 = EDGE_CURVE('',#5157,#5165,#5167,.T.);
#5165 = VERTEX_POINT('',#5166);
#5166 = CARTESIAN_POINT('',(1.27,-1.016,2.54));
#5167 = LINE('',#5168,#5169);
#5168 = CARTESIAN_POINT('',(1.016,-1.27,2.54));
#5169 = VECTOR('',#5170,1.);
#5170 = DIRECTION('',(0.707106781187,0.707106781187,0.));
#5171 = ORIENTED_EDGE('',*,*,#5172,.T.);
#5172 = EDGE_CURVE('',#5165,#5173,#5175,.T.);
#5173 = VERTEX_POINT('',#5174);
#5174 = CARTESIAN_POINT('',(1.27,1.016,2.54));
#5175 = LINE('',#5176,#5177);
#5176 = CARTESIAN_POINT('',(1.27,-1.016,2.54));
#5177 = VECTOR('',#5178,1.);
#5178 = DIRECTION('',(0.,1.,0.));
#5179 = ORIENTED_EDGE('',*,*,#5180,.T.);
#5180 = EDGE_CURVE('',#5173,#4874,#5181,.T.);
#5181 = LINE('',#5182,#5183);
#5182 = CARTESIAN_POINT('',(1.27,1.016,2.54));
#5183 = VECTOR('',#5184,1.);
#5184 = DIRECTION('',(-0.707106781187,0.707106781187,0.));
#5185 = ORIENTED_EDGE('',*,*,#4881,.T.);
#5186 = FACE_BOUND('',#5187,.T.);
#5187 = EDGE_LOOP('',(#5188,#5198,#5206,#5214));
#5188 = ORIENTED_EDGE('',*,*,#5189,.T.);
#5189 = EDGE_CURVE('',#5190,#5192,#5194,.T.);
#5190 = VERTEX_POINT('',#5191);
#5191 = CARTESIAN_POINT('',(0.32,-0.32,2.54));
#5192 = VERTEX_POINT('',#5193);
#5193 = CARTESIAN_POINT('',(-0.32,-0.32,2.54));
#5194 = LINE('',#5195,#5196);
#5195 = CARTESIAN_POINT('',(-0.16,-0.32,2.54));
#5196 = VECTOR('',#5197,1.);
#5197 = DIRECTION('',(-1.,0.,0.));
#5198 = ORIENTED_EDGE('',*,*,#5199,.T.);
#5199 = EDGE_CURVE('',#5192,#5200,#5202,.T.);
#5200 = VERTEX_POINT('',#5201);
#5201 = CARTESIAN_POINT('',(-0.32,0.32,2.54));
#5202 = LINE('',#5203,#5204);
#5203 = CARTESIAN_POINT('',(-0.32,-0.795,2.54));
#5204 = VECTOR('',#5205,1.);
#5205 = DIRECTION('',(0.,1.,0.));
#5206 = ORIENTED_EDGE('',*,*,#5207,.F.);
#5207 = EDGE_CURVE('',#5208,#5200,#5210,.T.);
#5208 = VERTEX_POINT('',#5209);
#5209 = CARTESIAN_POINT('',(0.32,0.32,2.54));
#5210 = LINE('',#5211,#5212);
#5211 = CARTESIAN_POINT('',(-0.16,0.32,2.54));
#5212 = VECTOR('',#5213,1.);
#5213 = DIRECTION('',(-1.,0.,0.));
#5214 = ORIENTED_EDGE('',*,*,#5215,.F.);
#5215 = EDGE_CURVE('',#5190,#5208,#5216,.T.);
#5216 = LINE('',#5217,#5218);
#5217 = CARTESIAN_POINT('',(0.32,-0.795,2.54));
#5218 = VECTOR('',#5219,1.);
#5219 = DIRECTION('',(0.,1.,0.));
#5220 = FACE_BOUND('',#5221,.T.);
#5221 = EDGE_LOOP('',(#5222,#5232,#5240,#5248));
#5222 = ORIENTED_EDGE('',*,*,#5223,.T.);
#5223 = EDGE_CURVE('',#5224,#5226,#5228,.T.);
#5224 = VERTEX_POINT('',#5225);
#5225 = CARTESIAN_POINT('',(0.32,-2.86,2.54));
#5226 = VERTEX_POINT('',#5227);
#5227 = CARTESIAN_POINT('',(-0.32,-2.86,2.54));
#5228 = LINE('',#5229,#5230);
#5229 = CARTESIAN_POINT('',(-0.16,-2.86,2.54));
#5230 = VECTOR('',#5231,1.);
#5231 = DIRECTION('',(-1.,0.,0.));
#5232 = ORIENTED_EDGE('',*,*,#5233,.T.);
#5233 = EDGE_CURVE('',#5226,#5234,#5236,.T.);
#5234 = VERTEX_POINT('',#5235);
#5235 = CARTESIAN_POINT('',(-0.32,-2.22,2.54));
#5236 = LINE('',#5237,#5238);
#5237 = CARTESIAN_POINT('',(-0.32,-2.065,2.54));
#5238 = VECTOR('',#5239,1.);
#5239 = DIRECTION('',(0.,1.,0.));
#5240 = ORIENTED_EDGE('',*,*,#5241,.F.);
#5241 = EDGE_CURVE('',#5242,#5234,#5244,.T.);
#5242 = VERTEX_POINT('',#5243);
#5243 = CARTESIAN_POINT('',(0.32,-2.22,2.54));
#5244 = LINE('',#5245,#5246);
#5245 = CARTESIAN_POINT('',(-0.16,-2.22,2.54));
#5246 = VECTOR('',#5247,1.);
#5247 = DIRECTION('',(-1.,0.,0.));
#5248 = ORIENTED_EDGE('',*,*,#5249,.F.);
#5249 = EDGE_CURVE('',#5224,#5242,#5250,.T.);
#5250 = LINE('',#5251,#5252);
#5251 = CARTESIAN_POINT('',(0.32,-2.065,2.54));
#5252 = VECTOR('',#5253,1.);
#5253 = DIRECTION('',(0.,1.,0.));
#5254 = PLANE('',#5255);
#5255 = AXIS2_PLACEMENT_3D('',#5256,#5257,#5258);
#5256 = CARTESIAN_POINT('',(1.473843703412E-17,-1.27,2.54));
#5257 = DIRECTION('',(0.,0.,1.));
#5258 = DIRECTION('',(1.,0.,-0.));
#5259 = ADVANCED_FACE('',(#5260),#5271,.F.);
#5260 = FACE_BOUND('',#5261,.F.);
#5261 = EDGE_LOOP('',(#5262,#5268,#5269,#5270));
#5262 = ORIENTED_EDGE('',*,*,#5263,.T.);
#5263 = EDGE_CURVE('',#5008,#5173,#5264,.T.);
#5264 = LINE('',#5265,#5266);
#5265 = CARTESIAN_POINT('',(1.27,1.016,0.));
#5266 = VECTOR('',#5267,1.);
#5267 = DIRECTION('',(0.,0.,1.));
#5268 = ORIENTED_EDGE('',*,*,#5180,.T.);
#5269 = ORIENTED_EDGE('',*,*,#4871,.F.);
#5270 = ORIENTED_EDGE('',*,*,#5015,.F.);
#5271 = PLANE('',#5272);
#5272 = AXIS2_PLACEMENT_3D('',#5273,#5274,#5275);
#5273 = CARTESIAN_POINT('',(1.27,1.016,0.));
#5274 = DIRECTION('',(-0.707106781187,-0.707106781187,0.));
#5275 = DIRECTION('',(-0.707106781187,0.707106781187,0.));
#5276 = ADVANCED_FACE('',(#5277),#5288,.F.);
#5277 = FACE_BOUND('',#5278,.F.);
#5278 = EDGE_LOOP('',(#5279,#5280,#5281,#5287));
#5279 = ORIENTED_EDGE('',*,*,#4911,.T.);
#5280 = ORIENTED_EDGE('',*,*,#5100,.T.);
#5281 = ORIENTED_EDGE('',*,*,#5282,.F.);
#5282 = EDGE_CURVE('',#4936,#5101,#5283,.T.);
#5283 = LINE('',#5284,#5285);
#5284 = CARTESIAN_POINT('',(-1.016,-1.27,0.));
#5285 = VECTOR('',#5286,1.);
#5286 = DIRECTION('',(0.,0.,1.));
#5287 = ORIENTED_EDGE('',*,*,#4935,.F.);
#5288 = PLANE('',#5289);
#5289 = AXIS2_PLACEMENT_3D('',#5290,#5291,#5292);
#5290 = CARTESIAN_POINT('',(-1.27,-1.016,0.));
#5291 = DIRECTION('',(0.707106781187,0.707106781187,0.));
#5292 = DIRECTION('',(0.707106781187,-0.707106781187,0.));
#5293 = ADVANCED_FACE('',(#5294),#5305,.F.);
#5294 = FACE_BOUND('',#5295,.F.);
#5295 = EDGE_LOOP('',(#5296,#5302,#5303,#5304));
#5296 = ORIENTED_EDGE('',*,*,#5297,.T.);
#5297 = EDGE_CURVE('',#5000,#5165,#5298,.T.);
#5298 = LINE('',#5299,#5300);
#5299 = CARTESIAN_POINT('',(1.27,-1.016,0.));
#5300 = VECTOR('',#5301,1.);
#5301 = DIRECTION('',(0.,0.,1.));
#5302 = ORIENTED_EDGE('',*,*,#5172,.T.);
#5303 = ORIENTED_EDGE('',*,*,#5263,.F.);
#5304 = ORIENTED_EDGE('',*,*,#5007,.F.);
#5305 = PLANE('',#5306);
#5306 = AXIS2_PLACEMENT_3D('',#5307,#5308,#5309);
#5307 = CARTESIAN_POINT('',(1.27,-1.016,0.));
#5308 = DIRECTION('',(-1.,0.,0.));
#5309 = DIRECTION('',(0.,1.,0.));
#5310 = ADVANCED_FACE('',(#5311),#5322,.F.);
#5311 = FACE_BOUND('',#5312,.F.);
#5312 = EDGE_LOOP('',(#5313,#5314,#5315,#5321));
#5313 = ORIENTED_EDGE('',*,*,#5282,.T.);
#5314 = ORIENTED_EDGE('',*,*,#5108,.T.);
#5315 = ORIENTED_EDGE('',*,*,#5316,.F.);
#5316 = EDGE_CURVE('',#4944,#5109,#5317,.T.);
#5317 = LINE('',#5318,#5319);
#5318 = CARTESIAN_POINT('',(-1.27,-1.524,0.));
#5319 = VECTOR('',#5320,1.);
#5320 = DIRECTION('',(0.,0.,1.));
#5321 = ORIENTED_EDGE('',*,*,#4943,.F.);
#5322 = PLANE('',#5323);
#5323 = AXIS2_PLACEMENT_3D('',#5324,#5325,#5326);
#5324 = CARTESIAN_POINT('',(-1.016,-1.27,0.));
#5325 = DIRECTION('',(0.707106781187,-0.707106781187,0.));
#5326 = DIRECTION('',(-0.707106781187,-0.707106781187,0.));
#5327 = ADVANCED_FACE('',(#5328),#5339,.F.);
#5328 = FACE_BOUND('',#5329,.F.);
#5329 = EDGE_LOOP('',(#5330,#5336,#5337,#5338));
#5330 = ORIENTED_EDGE('',*,*,#5331,.T.);
#5331 = EDGE_CURVE('',#4992,#5157,#5332,.T.);
#5332 = LINE('',#5333,#5334);
#5333 = CARTESIAN_POINT('',(1.016,-1.27,0.));
#5334 = VECTOR('',#5335,1.);
#5335 = DIRECTION('',(0.,0.,1.));
#5336 = ORIENTED_EDGE('',*,*,#5164,.T.);
#5337 = ORIENTED_EDGE('',*,*,#5297,.F.);
#5338 = ORIENTED_EDGE('',*,*,#4999,.F.);
#5339 = PLANE('',#5340);
#5340 = AXIS2_PLACEMENT_3D('',#5341,#5342,#5343);
#5341 = CARTESIAN_POINT('',(1.016,-1.27,0.));
#5342 = DIRECTION('',(-0.707106781187,0.707106781187,0.));
#5343 = DIRECTION('',(0.707106781187,0.707106781187,0.));
#5344 = ADVANCED_FACE('',(#5345),#5356,.F.);
#5345 = FACE_BOUND('',#5346,.F.);
#5346 = EDGE_LOOP('',(#5347,#5348,#5349,#5355));
#5347 = ORIENTED_EDGE('',*,*,#5316,.T.);
#5348 = ORIENTED_EDGE('',*,*,#5116,.T.);
#5349 = ORIENTED_EDGE('',*,*,#5350,.F.);
#5350 = EDGE_CURVE('',#4952,#5117,#5351,.T.);
#5351 = LINE('',#5352,#5353);
#5352 = CARTESIAN_POINT('',(-1.27,-3.556,0.));
#5353 = VECTOR('',#5354,1.);
#5354 = DIRECTION('',(0.,0.,1.));
#5355 = ORIENTED_EDGE('',*,*,#4951,.F.);
#5356 = PLANE('',#5357);
#5357 = AXIS2_PLACEMENT_3D('',#5358,#5359,#5360);
#5358 = CARTESIAN_POINT('',(-1.27,-1.524,0.));
#5359 = DIRECTION('',(1.,0.,0.));
#5360 = DIRECTION('',(0.,-1.,0.));
#5361 = ADVANCED_FACE('',(#5362),#5373,.F.);
#5362 = FACE_BOUND('',#5363,.F.);
#5363 = EDGE_LOOP('',(#5364,#5370,#5371,#5372));
#5364 = ORIENTED_EDGE('',*,*,#5365,.T.);
#5365 = EDGE_CURVE('',#4984,#5149,#5366,.T.);
#5366 = LINE('',#5367,#5368);
#5367 = CARTESIAN_POINT('',(1.27,-1.524,0.));
#5368 = VECTOR('',#5369,1.);
#5369 = DIRECTION('',(0.,0.,1.));
#5370 = ORIENTED_EDGE('',*,*,#5156,.T.);
#5371 = ORIENTED_EDGE('',*,*,#5331,.F.);
#5372 = ORIENTED_EDGE('',*,*,#4991,.F.);
#5373 = PLANE('',#5374);
#5374 = AXIS2_PLACEMENT_3D('',#5375,#5376,#5377);
#5375 = CARTESIAN_POINT('',(1.27,-1.524,0.));
#5376 = DIRECTION('',(-0.707106781187,-0.707106781187,0.));
#5377 = DIRECTION('',(-0.707106781187,0.707106781187,0.));
#5378 = ADVANCED_FACE('',(#5379),#5390,.F.);
#5379 = FACE_BOUND('',#5380,.F.);
#5380 = EDGE_LOOP('',(#5381,#5382,#5383,#5389));
#5381 = ORIENTED_EDGE('',*,*,#5350,.T.);
#5382 = ORIENTED_EDGE('',*,*,#5124,.T.);
#5383 = ORIENTED_EDGE('',*,*,#5384,.F.);
#5384 = EDGE_CURVE('',#4960,#5125,#5385,.T.);
#5385 = LINE('',#5386,#5387);
#5386 = CARTESIAN_POINT('',(-1.016,-3.81,0.));
#5387 = VECTOR('',#5388,1.);
#5388 = DIRECTION('',(0.,0.,1.));
#5389 = ORIENTED_EDGE('',*,*,#4959,.F.);
#5390 = PLANE('',#5391);
#5391 = AXIS2_PLACEMENT_3D('',#5392,#5393,#5394);
#5392 = CARTESIAN_POINT('',(-1.27,-3.556,0.));
#5393 = DIRECTION('',(0.707106781187,0.707106781187,0.));
#5394 = DIRECTION('',(0.707106781187,-0.707106781187,0.));
#5395 = ADVANCED_FACE('',(#5396),#5407,.F.);
#5396 = FACE_BOUND('',#5397,.F.);
#5397 = EDGE_LOOP('',(#5398,#5404,#5405,#5406));
#5398 = ORIENTED_EDGE('',*,*,#5399,.T.);
#5399 = EDGE_CURVE('',#4976,#5141,#5400,.T.);
#5400 = LINE('',#5401,#5402);
#5401 = CARTESIAN_POINT('',(1.27,-3.556,0.));
#5402 = VECTOR('',#5403,1.);
#5403 = DIRECTION('',(0.,0.,1.));
#5404 = ORIENTED_EDGE('',*,*,#5148,.T.);
#5405 = ORIENTED_EDGE('',*,*,#5365,.F.);
#5406 = ORIENTED_EDGE('',*,*,#4983,.F.);
#5407 = PLANE('',#5408);
#5408 = AXIS2_PLACEMENT_3D('',#5409,#5410,#5411);
#5409 = CARTESIAN_POINT('',(1.27,-3.556,0.));
#5410 = DIRECTION('',(-1.,0.,0.));
#5411 = DIRECTION('',(0.,1.,0.));
#5412 = ADVANCED_FACE('',(#5413),#5424,.F.);
#5413 = FACE_BOUND('',#5414,.F.);
#5414 = EDGE_LOOP('',(#5415,#5416,#5417,#5423));
#5415 = ORIENTED_EDGE('',*,*,#5384,.T.);
#5416 = ORIENTED_EDGE('',*,*,#5132,.T.);
#5417 = ORIENTED_EDGE('',*,*,#5418,.F.);
#5418 = EDGE_CURVE('',#4968,#5133,#5419,.T.);
#5419 = LINE('',#5420,#5421);
#5420 = CARTESIAN_POINT('',(1.016,-3.81,0.));
#5421 = VECTOR('',#5422,1.);
#5422 = DIRECTION('',(0.,0.,1.));
#5423 = ORIENTED_EDGE('',*,*,#4967,.F.);
#5424 = PLANE('',#5425);
#5425 = AXIS2_PLACEMENT_3D('',#5426,#5427,#5428);
#5426 = CARTESIAN_POINT('',(-1.016,-3.81,0.));
#5427 = DIRECTION('',(0.,1.,0.));
#5428 = DIRECTION('',(1.,0.,0.));
#5429 = ADVANCED_FACE('',(#5430),#5436,.F.);
#5430 = FACE_BOUND('',#5431,.F.);
#5431 = EDGE_LOOP('',(#5432,#5433,#5434,#5435));
#5432 = ORIENTED_EDGE('',*,*,#5418,.T.);
#5433 = ORIENTED_EDGE('',*,*,#5140,.T.);
#5434 = ORIENTED_EDGE('',*,*,#5399,.F.);
#5435 = ORIENTED_EDGE('',*,*,#4975,.F.);
#5436 = PLANE('',#5437);
#5437 = AXIS2_PLACEMENT_3D('',#5438,#5439,#5440);
#5438 = CARTESIAN_POINT('',(1.016,-3.81,0.));
#5439 = DIRECTION('',(-0.707106781187,0.707106781187,0.));
#5440 = DIRECTION('',(0.707106781187,0.707106781187,0.));
#5441 = ADVANCED_FACE('',(#5442),#5467,.F.);
#5442 = FACE_BOUND('',#5443,.F.);
#5443 = EDGE_LOOP('',(#5444,#5452,#5460,#5466));
#5444 = ORIENTED_EDGE('',*,*,#5445,.F.);
#5445 = EDGE_CURVE('',#5446,#5025,#5448,.T.);
#5446 = VERTEX_POINT('',#5447);
#5447 = CARTESIAN_POINT('',(0.32,-0.32,-2.84));
#5448 = LINE('',#5449,#5450);
#5449 = CARTESIAN_POINT('',(0.32,-0.32,-3.));
#5450 = VECTOR('',#5451,1.);
#5451 = DIRECTION('',(0.,0.,1.));
#5452 = ORIENTED_EDGE('',*,*,#5453,.F.);
#5453 = EDGE_CURVE('',#5454,#5446,#5456,.T.);
#5454 = VERTEX_POINT('',#5455);
#5455 = CARTESIAN_POINT('',(-0.32,-0.32,-2.84));
#5456 = LINE('',#5457,#5458);
#5457 = CARTESIAN_POINT('',(-0.32,-0.32,-2.84));
#5458 = VECTOR('',#5459,1.);
#5459 = DIRECTION('',(1.,0.,0.));
#5460 = ORIENTED_EDGE('',*,*,#5461,.T.);
#5461 = EDGE_CURVE('',#5454,#5027,#5462,.T.);
#5462 = LINE('',#5463,#5464);
#5463 = CARTESIAN_POINT('',(-0.32,-0.32,-3.));
#5464 = VECTOR('',#5465,1.);
#5465 = DIRECTION('',(0.,0.,1.));
#5466 = ORIENTED_EDGE('',*,*,#5024,.F.);
#5467 = PLANE('',#5468);
#5468 = AXIS2_PLACEMENT_3D('',#5469,#5470,#5471);
#5469 = CARTESIAN_POINT('',(-0.32,-0.32,-3.));
#5470 = DIRECTION('',(0.,1.,0.));
#5471 = DIRECTION('',(0.,-0.,1.));
#5472 = ADVANCED_FACE('',(#5473),#5491,.T.);
#5473 = FACE_BOUND('',#5474,.T.);
#5474 = EDGE_LOOP('',(#5475,#5476,#5484,#5490));
#5475 = ORIENTED_EDGE('',*,*,#5445,.F.);
#5476 = ORIENTED_EDGE('',*,*,#5477,.T.);
#5477 = EDGE_CURVE('',#5446,#5478,#5480,.T.);
#5478 = VERTEX_POINT('',#5479);
#5479 = CARTESIAN_POINT('',(0.32,0.32,-2.84));
#5480 = LINE('',#5481,#5482);
#5481 = CARTESIAN_POINT('',(0.32,-0.32,-2.84));
#5482 = VECTOR('',#5483,1.);
#5483 = DIRECTION('',(0.,1.,0.));
#5484 = ORIENTED_EDGE('',*,*,#5485,.T.);
#5485 = EDGE_CURVE('',#5478,#5043,#5486,.T.);
#5486 = LINE('',#5487,#5488);
#5487 = CARTESIAN_POINT('',(0.32,0.32,-3.));
#5488 = VECTOR('',#5489,1.);
#5489 = DIRECTION('',(0.,0.,1.));
#5490 = ORIENTED_EDGE('',*,*,#5050,.F.);
#5491 = PLANE('',#5492);
#5492 = AXIS2_PLACEMENT_3D('',#5493,#5494,#5495);
#5493 = CARTESIAN_POINT('',(0.32,-0.32,-3.));
#5494 = DIRECTION('',(1.,0.,0.));
#5495 = DIRECTION('',(0.,0.,1.));
#5496 = ADVANCED_FACE('',(#5497),#5515,.T.);
#5497 = FACE_BOUND('',#5498,.T.);
#5498 = EDGE_LOOP('',(#5499,#5500,#5508,#5514));
#5499 = ORIENTED_EDGE('',*,*,#5485,.F.);
#5500 = ORIENTED_EDGE('',*,*,#5501,.F.);
#5501 = EDGE_CURVE('',#5502,#5478,#5504,.T.);
#5502 = VERTEX_POINT('',#5503);
#5503 = CARTESIAN_POINT('',(-0.32,0.32,-2.84));
#5504 = LINE('',#5505,#5506);
#5505 = CARTESIAN_POINT('',(-0.32,0.32,-2.84));
#5506 = VECTOR('',#5507,1.);
#5507 = DIRECTION('',(1.,0.,0.));
#5508 = ORIENTED_EDGE('',*,*,#5509,.T.);
#5509 = EDGE_CURVE('',#5502,#5035,#5510,.T.);
#5510 = LINE('',#5511,#5512);
#5511 = CARTESIAN_POINT('',(-0.32,0.32,-3.));
#5512 = VECTOR('',#5513,1.);
#5513 = DIRECTION('',(0.,0.,1.));
#5514 = ORIENTED_EDGE('',*,*,#5042,.F.);
#5515 = PLANE('',#5516);
#5516 = AXIS2_PLACEMENT_3D('',#5517,#5518,#5519);
#5517 = CARTESIAN_POINT('',(-0.32,0.32,-3.));
#5518 = DIRECTION('',(0.,1.,0.));
#5519 = DIRECTION('',(0.,-0.,1.));
#5520 = ADVANCED_FACE('',(#5521),#5532,.F.);
#5521 = FACE_BOUND('',#5522,.F.);
#5522 = EDGE_LOOP('',(#5523,#5524,#5530,#5531));
#5523 = ORIENTED_EDGE('',*,*,#5461,.F.);
#5524 = ORIENTED_EDGE('',*,*,#5525,.T.);
#5525 = EDGE_CURVE('',#5454,#5502,#5526,.T.);
#5526 = LINE('',#5527,#5528);
#5527 = CARTESIAN_POINT('',(-0.32,-0.32,-2.84));
#5528 = VECTOR('',#5529,1.);
#5529 = DIRECTION('',(0.,1.,0.));
#5530 = ORIENTED_EDGE('',*,*,#5509,.T.);
#5531 = ORIENTED_EDGE('',*,*,#5034,.F.);
#5532 = PLANE('',#5533);
#5533 = AXIS2_PLACEMENT_3D('',#5534,#5535,#5536);
#5534 = CARTESIAN_POINT('',(-0.32,-0.32,-3.));
#5535 = DIRECTION('',(1.,0.,0.));
#5536 = DIRECTION('',(0.,0.,1.));
#5537 = ADVANCED_FACE('',(#5538),#5563,.F.);
#5538 = FACE_BOUND('',#5539,.F.);
#5539 = EDGE_LOOP('',(#5540,#5548,#5556,#5562));
#5540 = ORIENTED_EDGE('',*,*,#5541,.F.);
#5541 = EDGE_CURVE('',#5542,#5059,#5544,.T.);
#5542 = VERTEX_POINT('',#5543);
#5543 = CARTESIAN_POINT('',(0.32,-2.86,-2.84));
#5544 = LINE('',#5545,#5546);
#5545 = CARTESIAN_POINT('',(0.32,-2.86,-3.));
#5546 = VECTOR('',#5547,1.);
#5547 = DIRECTION('',(0.,0.,1.));
#5548 = ORIENTED_EDGE('',*,*,#5549,.F.);
#5549 = EDGE_CURVE('',#5550,#5542,#5552,.T.);
#5550 = VERTEX_POINT('',#5551);
#5551 = CARTESIAN_POINT('',(-0.32,-2.86,-2.84));
#5552 = LINE('',#5553,#5554);
#5553 = CARTESIAN_POINT('',(-0.32,-2.86,-2.84));
#5554 = VECTOR('',#5555,1.);
#5555 = DIRECTION('',(1.,0.,0.));
#5556 = ORIENTED_EDGE('',*,*,#5557,.T.);
#5557 = EDGE_CURVE('',#5550,#5061,#5558,.T.);
#5558 = LINE('',#5559,#5560);
#5559 = CARTESIAN_POINT('',(-0.32,-2.86,-3.));
#5560 = VECTOR('',#5561,1.);
#5561 = DIRECTION('',(0.,0.,1.));
#5562 = ORIENTED_EDGE('',*,*,#5058,.F.);
#5563 = PLANE('',#5564);
#5564 = AXIS2_PLACEMENT_3D('',#5565,#5566,#5567);
#5565 = CARTESIAN_POINT('',(-0.32,-2.86,-3.));
#5566 = DIRECTION('',(0.,1.,0.));
#5567 = DIRECTION('',(0.,-0.,1.));
#5568 = ADVANCED_FACE('',(#5569),#5587,.T.);
#5569 = FACE_BOUND('',#5570,.T.);
#5570 = EDGE_LOOP('',(#5571,#5572,#5580,#5586));
#5571 = ORIENTED_EDGE('',*,*,#5541,.F.);
#5572 = ORIENTED_EDGE('',*,*,#5573,.T.);
#5573 = EDGE_CURVE('',#5542,#5574,#5576,.T.);
#5574 = VERTEX_POINT('',#5575);
#5575 = CARTESIAN_POINT('',(0.32,-2.22,-2.84));
#5576 = LINE('',#5577,#5578);
#5577 = CARTESIAN_POINT('',(0.32,-2.86,-2.84));
#5578 = VECTOR('',#5579,1.);
#5579 = DIRECTION('',(0.,1.,0.));
#5580 = ORIENTED_EDGE('',*,*,#5581,.T.);
#5581 = EDGE_CURVE('',#5574,#5077,#5582,.T.);
#5582 = LINE('',#5583,#5584);
#5583 = CARTESIAN_POINT('',(0.32,-2.22,-3.));
#5584 = VECTOR('',#5585,1.);
#5585 = DIRECTION('',(0.,0.,1.));
#5586 = ORIENTED_EDGE('',*,*,#5084,.F.);
#5587 = PLANE('',#5588);
#5588 = AXIS2_PLACEMENT_3D('',#5589,#5590,#5591);
#5589 = CARTESIAN_POINT('',(0.32,-2.86,-3.));
#5590 = DIRECTION('',(1.,0.,0.));
#5591 = DIRECTION('',(0.,0.,1.));
#5592 = ADVANCED_FACE('',(#5593),#5611,.T.);
#5593 = FACE_BOUND('',#5594,.T.);
#5594 = EDGE_LOOP('',(#5595,#5596,#5604,#5610));
#5595 = ORIENTED_EDGE('',*,*,#5581,.F.);
#5596 = ORIENTED_EDGE('',*,*,#5597,.F.);
#5597 = EDGE_CURVE('',#5598,#5574,#5600,.T.);
#5598 = VERTEX_POINT('',#5599);
#5599 = CARTESIAN_POINT('',(-0.32,-2.22,-2.84));
#5600 = LINE('',#5601,#5602);
#5601 = CARTESIAN_POINT('',(-0.32,-2.22,-2.84));
#5602 = VECTOR('',#5603,1.);
#5603 = DIRECTION('',(1.,0.,0.));
#5604 = ORIENTED_EDGE('',*,*,#5605,.T.);
#5605 = EDGE_CURVE('',#5598,#5069,#5606,.T.);
#5606 = LINE('',#5607,#5608);
#5607 = CARTESIAN_POINT('',(-0.32,-2.22,-3.));
#5608 = VECTOR('',#5609,1.);
#5609 = DIRECTION('',(0.,0.,1.));
#5610 = ORIENTED_EDGE('',*,*,#5076,.F.);
#5611 = PLANE('',#5612);
#5612 = AXIS2_PLACEMENT_3D('',#5613,#5614,#5615);
#5613 = CARTESIAN_POINT('',(-0.32,-2.22,-3.));
#5614 = DIRECTION('',(0.,1.,0.));
#5615 = DIRECTION('',(0.,-0.,1.));
#5616 = ADVANCED_FACE('',(#5617),#5628,.F.);
#5617 = FACE_BOUND('',#5618,.F.);
#5618 = EDGE_LOOP('',(#5619,#5620,#5626,#5627));
#5619 = ORIENTED_EDGE('',*,*,#5557,.F.);
#5620 = ORIENTED_EDGE('',*,*,#5621,.T.);
#5621 = EDGE_CURVE('',#5550,#5598,#5622,.T.);
#5622 = LINE('',#5623,#5624);
#5623 = CARTESIAN_POINT('',(-0.32,-2.86,-2.84));
#5624 = VECTOR('',#5625,1.);
#5625 = DIRECTION('',(0.,1.,0.));
#5626 = ORIENTED_EDGE('',*,*,#5605,.T.);
#5627 = ORIENTED_EDGE('',*,*,#5068,.F.);
#5628 = PLANE('',#5629);
#5629 = AXIS2_PLACEMENT_3D('',#5630,#5631,#5632);
#5630 = CARTESIAN_POINT('',(-0.32,-2.86,-3.));
#5631 = DIRECTION('',(1.,0.,0.));
#5632 = DIRECTION('',(0.,0.,1.));
#5633 = ADVANCED_FACE('',(#5634),#5659,.F.);
#5634 = FACE_BOUND('',#5635,.F.);
#5635 = EDGE_LOOP('',(#5636,#5644,#5645,#5653));
#5636 = ORIENTED_EDGE('',*,*,#5637,.F.);
#5637 = EDGE_CURVE('',#5190,#5638,#5640,.T.);
#5638 = VERTEX_POINT('',#5639);
#5639 = CARTESIAN_POINT('',(0.32,-0.32,8.38));
#5640 = LINE('',#5641,#5642);
#5641 = CARTESIAN_POINT('',(0.32,-0.32,-3.));
#5642 = VECTOR('',#5643,1.);
#5643 = DIRECTION('',(0.,0.,1.));
#5644 = ORIENTED_EDGE('',*,*,#5189,.T.);
#5645 = ORIENTED_EDGE('',*,*,#5646,.T.);
#5646 = EDGE_CURVE('',#5192,#5647,#5649,.T.);
#5647 = VERTEX_POINT('',#5648);
#5648 = CARTESIAN_POINT('',(-0.32,-0.32,8.38));
#5649 = LINE('',#5650,#5651);
#5650 = CARTESIAN_POINT('',(-0.32,-0.32,-3.));
#5651 = VECTOR('',#5652,1.);
#5652 = DIRECTION('',(0.,0.,1.));
#5653 = ORIENTED_EDGE('',*,*,#5654,.T.);
#5654 = EDGE_CURVE('',#5647,#5638,#5655,.T.);
#5655 = LINE('',#5656,#5657);
#5656 = CARTESIAN_POINT('',(-0.32,-0.32,8.38));
#5657 = VECTOR('',#5658,1.);
#5658 = DIRECTION('',(1.,0.,0.));
#5659 = PLANE('',#5660);
#5660 = AXIS2_PLACEMENT_3D('',#5661,#5662,#5663);
#5661 = CARTESIAN_POINT('',(-0.32,-0.32,-3.));
#5662 = DIRECTION('',(0.,1.,0.));
#5663 = DIRECTION('',(0.,-0.,1.));
#5664 = ADVANCED_FACE('',(#5665),#5683,.T.);
#5665 = FACE_BOUND('',#5666,.T.);
#5666 = EDGE_LOOP('',(#5667,#5668,#5669,#5677));
#5667 = ORIENTED_EDGE('',*,*,#5637,.F.);
#5668 = ORIENTED_EDGE('',*,*,#5215,.T.);
#5669 = ORIENTED_EDGE('',*,*,#5670,.T.);
#5670 = EDGE_CURVE('',#5208,#5671,#5673,.T.);
#5671 = VERTEX_POINT('',#5672);
#5672 = CARTESIAN_POINT('',(0.32,0.32,8.38));
#5673 = LINE('',#5674,#5675);
#5674 = CARTESIAN_POINT('',(0.32,0.32,-3.));
#5675 = VECTOR('',#5676,1.);
#5676 = DIRECTION('',(0.,0.,1.));
#5677 = ORIENTED_EDGE('',*,*,#5678,.F.);
#5678 = EDGE_CURVE('',#5638,#5671,#5679,.T.);
#5679 = LINE('',#5680,#5681);
#5680 = CARTESIAN_POINT('',(0.32,-0.32,8.38));
#5681 = VECTOR('',#5682,1.);
#5682 = DIRECTION('',(0.,1.,0.));
#5683 = PLANE('',#5684);
#5684 = AXIS2_PLACEMENT_3D('',#5685,#5686,#5687);
#5685 = CARTESIAN_POINT('',(0.32,-0.32,-3.));
#5686 = DIRECTION('',(1.,0.,0.));
#5687 = DIRECTION('',(0.,0.,1.));
#5688 = ADVANCED_FACE('',(#5689),#5707,.T.);
#5689 = FACE_BOUND('',#5690,.T.);
#5690 = EDGE_LOOP('',(#5691,#5692,#5693,#5701));
#5691 = ORIENTED_EDGE('',*,*,#5670,.F.);
#5692 = ORIENTED_EDGE('',*,*,#5207,.T.);
#5693 = ORIENTED_EDGE('',*,*,#5694,.T.);
#5694 = EDGE_CURVE('',#5200,#5695,#5697,.T.);
#5695 = VERTEX_POINT('',#5696);
#5696 = CARTESIAN_POINT('',(-0.32,0.32,8.38));
#5697 = LINE('',#5698,#5699);
#5698 = CARTESIAN_POINT('',(-0.32,0.32,-3.));
#5699 = VECTOR('',#5700,1.);
#5700 = DIRECTION('',(0.,0.,1.));
#5701 = ORIENTED_EDGE('',*,*,#5702,.T.);
#5702 = EDGE_CURVE('',#5695,#5671,#5703,.T.);
#5703 = LINE('',#5704,#5705);
#5704 = CARTESIAN_POINT('',(-0.32,0.32,8.38));
#5705 = VECTOR('',#5706,1.);
#5706 = DIRECTION('',(1.,0.,0.));
#5707 = PLANE('',#5708);
#5708 = AXIS2_PLACEMENT_3D('',#5709,#5710,#5711);
#5709 = CARTESIAN_POINT('',(-0.32,0.32,-3.));
#5710 = DIRECTION('',(0.,1.,0.));
#5711 = DIRECTION('',(0.,-0.,1.));
#5712 = ADVANCED_FACE('',(#5713),#5724,.F.);
#5713 = FACE_BOUND('',#5714,.F.);
#5714 = EDGE_LOOP('',(#5715,#5716,#5717,#5718));
#5715 = ORIENTED_EDGE('',*,*,#5646,.F.);
#5716 = ORIENTED_EDGE('',*,*,#5199,.T.);
#5717 = ORIENTED_EDGE('',*,*,#5694,.T.);
#5718 = ORIENTED_EDGE('',*,*,#5719,.F.);
#5719 = EDGE_CURVE('',#5647,#5695,#5720,.T.);
#5720 = LINE('',#5721,#5722);
#5721 = CARTESIAN_POINT('',(-0.32,-0.32,8.38));
#5722 = VECTOR('',#5723,1.);
#5723 = DIRECTION('',(0.,1.,0.));
#5724 = PLANE('',#5725);
#5725 = AXIS2_PLACEMENT_3D('',#5726,#5727,#5728);
#5726 = CARTESIAN_POINT('',(-0.32,-0.32,-3.));
#5727 = DIRECTION('',(1.,0.,0.));
#5728 = DIRECTION('',(0.,0.,1.));
#5729 = ADVANCED_FACE('',(#5730),#5755,.F.);
#5730 = FACE_BOUND('',#5731,.F.);
#5731 = EDGE_LOOP('',(#5732,#5740,#5741,#5749));
#5732 = ORIENTED_EDGE('',*,*,#5733,.F.);
#5733 = EDGE_CURVE('',#5224,#5734,#5736,.T.);
#5734 = VERTEX_POINT('',#5735);
#5735 = CARTESIAN_POINT('',(0.32,-2.86,8.38));
#5736 = LINE('',#5737,#5738);
#5737 = CARTESIAN_POINT('',(0.32,-2.86,-3.));
#5738 = VECTOR('',#5739,1.);
#5739 = DIRECTION('',(0.,0.,1.));
#5740 = ORIENTED_EDGE('',*,*,#5223,.T.);
#5741 = ORIENTED_EDGE('',*,*,#5742,.T.);
#5742 = EDGE_CURVE('',#5226,#5743,#5745,.T.);
#5743 = VERTEX_POINT('',#5744);
#5744 = CARTESIAN_POINT('',(-0.32,-2.86,8.38));
#5745 = LINE('',#5746,#5747);
#5746 = CARTESIAN_POINT('',(-0.32,-2.86,-3.));
#5747 = VECTOR('',#5748,1.);
#5748 = DIRECTION('',(0.,0.,1.));
#5749 = ORIENTED_EDGE('',*,*,#5750,.T.);
#5750 = EDGE_CURVE('',#5743,#5734,#5751,.T.);
#5751 = LINE('',#5752,#5753);
#5752 = CARTESIAN_POINT('',(-0.32,-2.86,8.38));
#5753 = VECTOR('',#5754,1.);
#5754 = DIRECTION('',(1.,0.,0.));
#5755 = PLANE('',#5756);
#5756 = AXIS2_PLACEMENT_3D('',#5757,#5758,#5759);
#5757 = CARTESIAN_POINT('',(-0.32,-2.86,-3.));
#5758 = DIRECTION('',(0.,1.,0.));
#5759 = DIRECTION('',(0.,-0.,1.));
#5760 = ADVANCED_FACE('',(#5761),#5779,.T.);
#5761 = FACE_BOUND('',#5762,.T.);
#5762 = EDGE_LOOP('',(#5763,#5764,#5765,#5773));
#5763 = ORIENTED_EDGE('',*,*,#5733,.F.);
#5764 = ORIENTED_EDGE('',*,*,#5249,.T.);
#5765 = ORIENTED_EDGE('',*,*,#5766,.T.);
#5766 = EDGE_CURVE('',#5242,#5767,#5769,.T.);
#5767 = VERTEX_POINT('',#5768);
#5768 = CARTESIAN_POINT('',(0.32,-2.22,8.38));
#5769 = LINE('',#5770,#5771);
#5770 = CARTESIAN_POINT('',(0.32,-2.22,-3.));
#5771 = VECTOR('',#5772,1.);
#5772 = DIRECTION('',(0.,0.,1.));
#5773 = ORIENTED_EDGE('',*,*,#5774,.F.);
#5774 = EDGE_CURVE('',#5734,#5767,#5775,.T.);
#5775 = LINE('',#5776,#5777);
#5776 = CARTESIAN_POINT('',(0.32,-2.86,8.38));
#5777 = VECTOR('',#5778,1.);
#5778 = DIRECTION('',(0.,1.,0.));
#5779 = PLANE('',#5780);
#5780 = AXIS2_PLACEMENT_3D('',#5781,#5782,#5783);
#5781 = CARTESIAN_POINT('',(0.32,-2.86,-3.));
#5782 = DIRECTION('',(1.,0.,0.));
#5783 = DIRECTION('',(0.,0.,1.));
#5784 = ADVANCED_FACE('',(#5785),#5803,.T.);
#5785 = FACE_BOUND('',#5786,.T.);
#5786 = EDGE_LOOP('',(#5787,#5788,#5789,#5797));
#5787 = ORIENTED_EDGE('',*,*,#5766,.F.);
#5788 = ORIENTED_EDGE('',*,*,#5241,.T.);
#5789 = ORIENTED_EDGE('',*,*,#5790,.T.);
#5790 = EDGE_CURVE('',#5234,#5791,#5793,.T.);
#5791 = VERTEX_POINT('',#5792);
#5792 = CARTESIAN_POINT('',(-0.32,-2.22,8.38));
#5793 = LINE('',#5794,#5795);
#5794 = CARTESIAN_POINT('',(-0.32,-2.22,-3.));
#5795 = VECTOR('',#5796,1.);
#5796 = DIRECTION('',(0.,0.,1.));
#5797 = ORIENTED_EDGE('',*,*,#5798,.T.);
#5798 = EDGE_CURVE('',#5791,#5767,#5799,.T.);
#5799 = LINE('',#5800,#5801);
#5800 = CARTESIAN_POINT('',(-0.32,-2.22,8.38));
#5801 = VECTOR('',#5802,1.);
#5802 = DIRECTION('',(1.,0.,0.));
#5803 = PLANE('',#5804);
#5804 = AXIS2_PLACEMENT_3D('',#5805,#5806,#5807);
#5805 = CARTESIAN_POINT('',(-0.32,-2.22,-3.));
#5806 = DIRECTION('',(0.,1.,0.));
#5807 = DIRECTION('',(0.,-0.,1.));
#5808 = ADVANCED_FACE('',(#5809),#5820,.F.);
#5809 = FACE_BOUND('',#5810,.F.);
#5810 = EDGE_LOOP('',(#5811,#5812,#5813,#5814));
#5811 = ORIENTED_EDGE('',*,*,#5742,.F.);
#5812 = ORIENTED_EDGE('',*,*,#5233,.T.);
#5813 = ORIENTED_EDGE('',*,*,#5790,.T.);
#5814 = ORIENTED_EDGE('',*,*,#5815,.F.);
#5815 = EDGE_CURVE('',#5743,#5791,#5816,.T.);
#5816 = LINE('',#5817,#5818);
#5817 = CARTESIAN_POINT('',(-0.32,-2.86,8.38));
#5818 = VECTOR('',#5819,1.);
#5819 = DIRECTION('',(0.,1.,0.));
#5820 = PLANE('',#5821);
#5821 = AXIS2_PLACEMENT_3D('',#5822,#5823,#5824);
#5822 = CARTESIAN_POINT('',(-0.32,-2.86,-3.));
#5823 = DIRECTION('',(1.,0.,0.));
#5824 = DIRECTION('',(0.,0.,1.));
#5825 = ADVANCED_FACE('',(#5826),#5851,.T.);
#5826 = FACE_BOUND('',#5827,.F.);
#5827 = EDGE_LOOP('',(#5828,#5836,#5837,#5845));
#5828 = ORIENTED_EDGE('',*,*,#5829,.F.);
#5829 = EDGE_CURVE('',#5454,#5830,#5832,.T.);
#5830 = VERTEX_POINT('',#5831);
#5831 = CARTESIAN_POINT('',(-0.16,-0.16,-3.));
#5832 = LINE('',#5833,#5834);
#5833 = CARTESIAN_POINT('',(-0.266666666667,-0.266666666667,
    -2.893333333333));
#5834 = VECTOR('',#5835,1.);
#5835 = DIRECTION('',(0.57735026919,0.57735026919,-0.57735026919));
#5836 = ORIENTED_EDGE('',*,*,#5453,.T.);
#5837 = ORIENTED_EDGE('',*,*,#5838,.T.);
#5838 = EDGE_CURVE('',#5446,#5839,#5841,.T.);
#5839 = VERTEX_POINT('',#5840);
#5840 = CARTESIAN_POINT('',(0.16,-0.16,-3.));
#5841 = LINE('',#5842,#5843);
#5842 = CARTESIAN_POINT('',(0.16,-0.16,-3.));
#5843 = VECTOR('',#5844,1.);
#5844 = DIRECTION('',(-0.57735026919,0.57735026919,-0.57735026919));
#5845 = ORIENTED_EDGE('',*,*,#5846,.F.);
#5846 = EDGE_CURVE('',#5830,#5839,#5847,.T.);
#5847 = LINE('',#5848,#5849);
#5848 = CARTESIAN_POINT('',(-0.32,-0.16,-3.));
#5849 = VECTOR('',#5850,1.);
#5850 = DIRECTION('',(1.,0.,0.));
#5851 = PLANE('',#5852);
#5852 = AXIS2_PLACEMENT_3D('',#5853,#5854,#5855);
#5853 = CARTESIAN_POINT('',(-0.32,-0.24,-2.92));
#5854 = DIRECTION('',(1.735167508357E-18,-0.707106781187,-0.707106781187
    ));
#5855 = DIRECTION('',(-1.,-1.226948711654E-18,-1.226948711654E-18));
#5856 = ADVANCED_FACE('',(#5857),#5875,.F.);
#5857 = FACE_BOUND('',#5858,.F.);
#5858 = EDGE_LOOP('',(#5859,#5860,#5861,#5869));
#5859 = ORIENTED_EDGE('',*,*,#5838,.F.);
#5860 = ORIENTED_EDGE('',*,*,#5477,.T.);
#5861 = ORIENTED_EDGE('',*,*,#5862,.T.);
#5862 = EDGE_CURVE('',#5478,#5863,#5865,.T.);
#5863 = VERTEX_POINT('',#5864);
#5864 = CARTESIAN_POINT('',(0.16,0.16,-3.));
#5865 = LINE('',#5866,#5867);
#5866 = CARTESIAN_POINT('',(5.333333333333E-02,5.333333333333E-02,
    -3.106666666667));
#5867 = VECTOR('',#5868,1.);
#5868 = DIRECTION('',(-0.57735026919,-0.57735026919,-0.57735026919));
#5869 = ORIENTED_EDGE('',*,*,#5870,.F.);
#5870 = EDGE_CURVE('',#5839,#5863,#5871,.T.);
#5871 = LINE('',#5872,#5873);
#5872 = CARTESIAN_POINT('',(0.16,-0.32,-3.));
#5873 = VECTOR('',#5874,1.);
#5874 = DIRECTION('',(0.,1.,0.));
#5875 = PLANE('',#5876);
#5876 = AXIS2_PLACEMENT_3D('',#5877,#5878,#5879);
#5877 = CARTESIAN_POINT('',(0.24,-0.32,-2.92));
#5878 = DIRECTION('',(-0.707106781187,1.735167508357E-18,0.707106781187)
  );
#5879 = DIRECTION('',(1.226948711654E-18,1.,-1.226948711654E-18));
#5880 = ADVANCED_FACE('',(#5881),#5899,.F.);
#5881 = FACE_BOUND('',#5882,.T.);
#5882 = EDGE_LOOP('',(#5883,#5891,#5892,#5893));
#5883 = ORIENTED_EDGE('',*,*,#5884,.F.);
#5884 = EDGE_CURVE('',#5502,#5885,#5887,.T.);
#5885 = VERTEX_POINT('',#5886);
#5886 = CARTESIAN_POINT('',(-0.16,0.16,-3.));
#5887 = LINE('',#5888,#5889);
#5888 = CARTESIAN_POINT('',(-0.16,0.16,-3.));
#5889 = VECTOR('',#5890,1.);
#5890 = DIRECTION('',(0.57735026919,-0.57735026919,-0.57735026919));
#5891 = ORIENTED_EDGE('',*,*,#5501,.T.);
#5892 = ORIENTED_EDGE('',*,*,#5862,.T.);
#5893 = ORIENTED_EDGE('',*,*,#5894,.F.);
#5894 = EDGE_CURVE('',#5885,#5863,#5895,.T.);
#5895 = LINE('',#5896,#5897);
#5896 = CARTESIAN_POINT('',(-0.32,0.16,-3.));
#5897 = VECTOR('',#5898,1.);
#5898 = DIRECTION('',(1.,0.,0.));
#5899 = PLANE('',#5900);
#5900 = AXIS2_PLACEMENT_3D('',#5901,#5902,#5903);
#5901 = CARTESIAN_POINT('',(-0.32,0.24,-2.92));
#5902 = DIRECTION('',(-1.735167508357E-18,-0.707106781187,0.707106781187
    ));
#5903 = DIRECTION('',(-1.,1.226948711654E-18,-1.226948711654E-18));
#5904 = ADVANCED_FACE('',(#5905),#5916,.T.);
#5905 = FACE_BOUND('',#5906,.T.);
#5906 = EDGE_LOOP('',(#5907,#5908,#5909,#5910));
#5907 = ORIENTED_EDGE('',*,*,#5829,.F.);
#5908 = ORIENTED_EDGE('',*,*,#5525,.T.);
#5909 = ORIENTED_EDGE('',*,*,#5884,.T.);
#5910 = ORIENTED_EDGE('',*,*,#5911,.F.);
#5911 = EDGE_CURVE('',#5830,#5885,#5912,.T.);
#5912 = LINE('',#5913,#5914);
#5913 = CARTESIAN_POINT('',(-0.16,-0.32,-3.));
#5914 = VECTOR('',#5915,1.);
#5915 = DIRECTION('',(0.,1.,0.));
#5916 = PLANE('',#5917);
#5917 = AXIS2_PLACEMENT_3D('',#5918,#5919,#5920);
#5918 = CARTESIAN_POINT('',(-0.24,-0.32,-2.92));
#5919 = DIRECTION('',(-0.707106781187,-1.735167508357E-18,
    -0.707106781187));
#5920 = DIRECTION('',(-1.226948711654E-18,1.,-1.226948711654E-18));
#5921 = ADVANCED_FACE('',(#5922),#5947,.T.);
#5922 = FACE_BOUND('',#5923,.F.);
#5923 = EDGE_LOOP('',(#5924,#5932,#5933,#5941));
#5924 = ORIENTED_EDGE('',*,*,#5925,.F.);
#5925 = EDGE_CURVE('',#5550,#5926,#5928,.T.);
#5926 = VERTEX_POINT('',#5927);
#5927 = CARTESIAN_POINT('',(-0.16,-2.7,-3.));
#5928 = LINE('',#5929,#5930);
#5929 = CARTESIAN_POINT('',(-0.266666666667,-2.806666666667,
    -2.893333333333));
#5930 = VECTOR('',#5931,1.);
#5931 = DIRECTION('',(0.57735026919,0.57735026919,-0.57735026919));
#5932 = ORIENTED_EDGE('',*,*,#5549,.T.);
#5933 = ORIENTED_EDGE('',*,*,#5934,.T.);
#5934 = EDGE_CURVE('',#5542,#5935,#5937,.T.);
#5935 = VERTEX_POINT('',#5936);
#5936 = CARTESIAN_POINT('',(0.16,-2.7,-3.));
#5937 = LINE('',#5938,#5939);
#5938 = CARTESIAN_POINT('',(0.16,-2.7,-3.));
#5939 = VECTOR('',#5940,1.);
#5940 = DIRECTION('',(-0.57735026919,0.57735026919,-0.57735026919));
#5941 = ORIENTED_EDGE('',*,*,#5942,.F.);
#5942 = EDGE_CURVE('',#5926,#5935,#5943,.T.);
#5943 = LINE('',#5944,#5945);
#5944 = CARTESIAN_POINT('',(-0.32,-2.7,-3.));
#5945 = VECTOR('',#5946,1.);
#5946 = DIRECTION('',(1.,0.,0.));
#5947 = PLANE('',#5948);
#5948 = AXIS2_PLACEMENT_3D('',#5949,#5950,#5951);
#5949 = CARTESIAN_POINT('',(-0.32,-2.78,-2.92));
#5950 = DIRECTION('',(1.735167508357E-18,-0.707106781187,-0.707106781187
    ));
#5951 = DIRECTION('',(-1.,-1.226948711654E-18,-1.226948711654E-18));
#5952 = ADVANCED_FACE('',(#5953),#5971,.F.);
#5953 = FACE_BOUND('',#5954,.F.);
#5954 = EDGE_LOOP('',(#5955,#5956,#5957,#5965));
#5955 = ORIENTED_EDGE('',*,*,#5934,.F.);
#5956 = ORIENTED_EDGE('',*,*,#5573,.T.);
#5957 = ORIENTED_EDGE('',*,*,#5958,.T.);
#5958 = EDGE_CURVE('',#5574,#5959,#5961,.T.);
#5959 = VERTEX_POINT('',#5960);
#5960 = CARTESIAN_POINT('',(0.16,-2.38,-3.));
#5961 = LINE('',#5962,#5963);
#5962 = CARTESIAN_POINT('',(5.333333333333E-02,-2.486666666667,
    -3.106666666667));
#5963 = VECTOR('',#5964,1.);
#5964 = DIRECTION('',(-0.57735026919,-0.57735026919,-0.57735026919));
#5965 = ORIENTED_EDGE('',*,*,#5966,.F.);
#5966 = EDGE_CURVE('',#5935,#5959,#5967,.T.);
#5967 = LINE('',#5968,#5969);
#5968 = CARTESIAN_POINT('',(0.16,-2.86,-3.));
#5969 = VECTOR('',#5970,1.);
#5970 = DIRECTION('',(0.,1.,0.));
#5971 = PLANE('',#5972);
#5972 = AXIS2_PLACEMENT_3D('',#5973,#5974,#5975);
#5973 = CARTESIAN_POINT('',(0.24,-2.86,-2.92));
#5974 = DIRECTION('',(-0.707106781187,1.735167508357E-18,0.707106781187)
  );
#5975 = DIRECTION('',(1.226948711654E-18,1.,-1.226948711654E-18));
#5976 = ADVANCED_FACE('',(#5977),#5995,.F.);
#5977 = FACE_BOUND('',#5978,.T.);
#5978 = EDGE_LOOP('',(#5979,#5987,#5988,#5989));
#5979 = ORIENTED_EDGE('',*,*,#5980,.F.);
#5980 = EDGE_CURVE('',#5598,#5981,#5983,.T.);
#5981 = VERTEX_POINT('',#5982);
#5982 = CARTESIAN_POINT('',(-0.16,-2.38,-3.));
#5983 = LINE('',#5984,#5985);
#5984 = CARTESIAN_POINT('',(-0.16,-2.38,-3.));
#5985 = VECTOR('',#5986,1.);
#5986 = DIRECTION('',(0.57735026919,-0.57735026919,-0.57735026919));
#5987 = ORIENTED_EDGE('',*,*,#5597,.T.);
#5988 = ORIENTED_EDGE('',*,*,#5958,.T.);
#5989 = ORIENTED_EDGE('',*,*,#5990,.F.);
#5990 = EDGE_CURVE('',#5981,#5959,#5991,.T.);
#5991 = LINE('',#5992,#5993);
#5992 = CARTESIAN_POINT('',(-0.32,-2.38,-3.));
#5993 = VECTOR('',#5994,1.);
#5994 = DIRECTION('',(1.,0.,0.));
#5995 = PLANE('',#5996);
#5996 = AXIS2_PLACEMENT_3D('',#5997,#5998,#5999);
#5997 = CARTESIAN_POINT('',(-0.32,-2.3,-2.92));
#5998 = DIRECTION('',(-1.735167508357E-18,-0.707106781187,0.707106781187
    ));
#5999 = DIRECTION('',(-1.,1.226948711654E-18,-1.226948711654E-18));
#6000 = ADVANCED_FACE('',(#6001),#6012,.T.);
#6001 = FACE_BOUND('',#6002,.T.);
#6002 = EDGE_LOOP('',(#6003,#6004,#6005,#6006));
#6003 = ORIENTED_EDGE('',*,*,#5925,.F.);
#6004 = ORIENTED_EDGE('',*,*,#5621,.T.);
#6005 = ORIENTED_EDGE('',*,*,#5980,.T.);
#6006 = ORIENTED_EDGE('',*,*,#6007,.F.);
#6007 = EDGE_CURVE('',#5926,#5981,#6008,.T.);
#6008 = LINE('',#6009,#6010);
#6009 = CARTESIAN_POINT('',(-0.16,-2.86,-3.));
#6010 = VECTOR('',#6011,1.);
#6011 = DIRECTION('',(0.,1.,0.));
#6012 = PLANE('',#6013);
#6013 = AXIS2_PLACEMENT_3D('',#6014,#6015,#6016);
#6014 = CARTESIAN_POINT('',(-0.24,-2.86,-2.92));
#6015 = DIRECTION('',(-0.707106781187,-1.735167508357E-18,
    -0.707106781187));
#6016 = DIRECTION('',(-1.226948711654E-18,1.,-1.226948711654E-18));
#6017 = ADVANCED_FACE('',(#6018),#6043,.F.);
#6018 = FACE_BOUND('',#6019,.T.);
#6019 = EDGE_LOOP('',(#6020,#6028,#6029,#6037));
#6020 = ORIENTED_EDGE('',*,*,#6021,.F.);
#6021 = EDGE_CURVE('',#5647,#6022,#6024,.T.);
#6022 = VERTEX_POINT('',#6023);
#6023 = CARTESIAN_POINT('',(-0.16,-0.16,8.54));
#6024 = LINE('',#6025,#6026);
#6025 = CARTESIAN_POINT('',(-0.266666666667,-0.266666666667,
    8.433333333333));
#6026 = VECTOR('',#6027,1.);
#6027 = DIRECTION('',(0.57735026919,0.57735026919,0.57735026919));
#6028 = ORIENTED_EDGE('',*,*,#5654,.T.);
#6029 = ORIENTED_EDGE('',*,*,#6030,.T.);
#6030 = EDGE_CURVE('',#5638,#6031,#6033,.T.);
#6031 = VERTEX_POINT('',#6032);
#6032 = CARTESIAN_POINT('',(0.16,-0.16,8.54));
#6033 = LINE('',#6034,#6035);
#6034 = CARTESIAN_POINT('',(0.16,-0.16,8.54));
#6035 = VECTOR('',#6036,1.);
#6036 = DIRECTION('',(-0.57735026919,0.57735026919,0.57735026919));
#6037 = ORIENTED_EDGE('',*,*,#6038,.F.);
#6038 = EDGE_CURVE('',#6022,#6031,#6039,.T.);
#6039 = LINE('',#6040,#6041);
#6040 = CARTESIAN_POINT('',(-0.32,-0.16,8.54));
#6041 = VECTOR('',#6042,1.);
#6042 = DIRECTION('',(1.,0.,0.));
#6043 = PLANE('',#6044);
#6044 = AXIS2_PLACEMENT_3D('',#6045,#6046,#6047);
#6045 = CARTESIAN_POINT('',(-0.32,-0.24,8.46));
#6046 = DIRECTION('',(-1.735167508357E-18,0.707106781187,-0.707106781187
    ));
#6047 = DIRECTION('',(-1.,-1.226948711654E-18,1.226948711654E-18));
#6048 = ADVANCED_FACE('',(#6049),#6067,.T.);
#6049 = FACE_BOUND('',#6050,.T.);
#6050 = EDGE_LOOP('',(#6051,#6052,#6053,#6061));
#6051 = ORIENTED_EDGE('',*,*,#6030,.F.);
#6052 = ORIENTED_EDGE('',*,*,#5678,.T.);
#6053 = ORIENTED_EDGE('',*,*,#6054,.T.);
#6054 = EDGE_CURVE('',#5671,#6055,#6057,.T.);
#6055 = VERTEX_POINT('',#6056);
#6056 = CARTESIAN_POINT('',(0.16,0.16,8.54));
#6057 = LINE('',#6058,#6059);
#6058 = CARTESIAN_POINT('',(5.333333333333E-02,5.333333333333E-02,
    8.646666666667));
#6059 = VECTOR('',#6060,1.);
#6060 = DIRECTION('',(-0.57735026919,-0.57735026919,0.57735026919));
#6061 = ORIENTED_EDGE('',*,*,#6062,.F.);
#6062 = EDGE_CURVE('',#6031,#6055,#6063,.T.);
#6063 = LINE('',#6064,#6065);
#6064 = CARTESIAN_POINT('',(0.16,-0.32,8.54));
#6065 = VECTOR('',#6066,1.);
#6066 = DIRECTION('',(0.,1.,0.));
#6067 = PLANE('',#6068);
#6068 = AXIS2_PLACEMENT_3D('',#6069,#6070,#6071);
#6069 = CARTESIAN_POINT('',(0.24,-0.32,8.46));
#6070 = DIRECTION('',(0.707106781187,-1.735167508357E-18,0.707106781187)
  );
#6071 = DIRECTION('',(1.226948711654E-18,1.,1.226948711654E-18));
#6072 = ADVANCED_FACE('',(#6073),#6091,.T.);
#6073 = FACE_BOUND('',#6074,.F.);
#6074 = EDGE_LOOP('',(#6075,#6083,#6084,#6085));
#6075 = ORIENTED_EDGE('',*,*,#6076,.F.);
#6076 = EDGE_CURVE('',#5695,#6077,#6079,.T.);
#6077 = VERTEX_POINT('',#6078);
#6078 = CARTESIAN_POINT('',(-0.16,0.16,8.54));
#6079 = LINE('',#6080,#6081);
#6080 = CARTESIAN_POINT('',(-0.16,0.16,8.54));
#6081 = VECTOR('',#6082,1.);
#6082 = DIRECTION('',(0.57735026919,-0.57735026919,0.57735026919));
#6083 = ORIENTED_EDGE('',*,*,#5702,.T.);
#6084 = ORIENTED_EDGE('',*,*,#6054,.T.);
#6085 = ORIENTED_EDGE('',*,*,#6086,.F.);
#6086 = EDGE_CURVE('',#6077,#6055,#6087,.T.);
#6087 = LINE('',#6088,#6089);
#6088 = CARTESIAN_POINT('',(-0.32,0.16,8.54));
#6089 = VECTOR('',#6090,1.);
#6090 = DIRECTION('',(1.,0.,0.));
#6091 = PLANE('',#6092);
#6092 = AXIS2_PLACEMENT_3D('',#6093,#6094,#6095);
#6093 = CARTESIAN_POINT('',(-0.32,0.24,8.46));
#6094 = DIRECTION('',(1.735167508357E-18,0.707106781187,0.707106781187)
  );
#6095 = DIRECTION('',(-1.,1.226948711654E-18,1.226948711654E-18));
#6096 = ADVANCED_FACE('',(#6097),#6108,.F.);
#6097 = FACE_BOUND('',#6098,.F.);
#6098 = EDGE_LOOP('',(#6099,#6100,#6101,#6102));
#6099 = ORIENTED_EDGE('',*,*,#6021,.F.);
#6100 = ORIENTED_EDGE('',*,*,#5719,.T.);
#6101 = ORIENTED_EDGE('',*,*,#6076,.T.);
#6102 = ORIENTED_EDGE('',*,*,#6103,.F.);
#6103 = EDGE_CURVE('',#6022,#6077,#6104,.T.);
#6104 = LINE('',#6105,#6106);
#6105 = CARTESIAN_POINT('',(-0.16,-0.32,8.54));
#6106 = VECTOR('',#6107,1.);
#6107 = DIRECTION('',(0.,1.,0.));
#6108 = PLANE('',#6109);
#6109 = AXIS2_PLACEMENT_3D('',#6110,#6111,#6112);
#6110 = CARTESIAN_POINT('',(-0.24,-0.32,8.46));
#6111 = DIRECTION('',(0.707106781187,1.735167508357E-18,-0.707106781187)
  );
#6112 = DIRECTION('',(-1.226948711654E-18,1.,1.226948711654E-18));
#6113 = ADVANCED_FACE('',(#6114),#6139,.F.);
#6114 = FACE_BOUND('',#6115,.T.);
#6115 = EDGE_LOOP('',(#6116,#6124,#6125,#6133));
#6116 = ORIENTED_EDGE('',*,*,#6117,.F.);
#6117 = EDGE_CURVE('',#5743,#6118,#6120,.T.);
#6118 = VERTEX_POINT('',#6119);
#6119 = CARTESIAN_POINT('',(-0.16,-2.7,8.54));
#6120 = LINE('',#6121,#6122);
#6121 = CARTESIAN_POINT('',(-0.266666666667,-2.806666666667,
    8.433333333333));
#6122 = VECTOR('',#6123,1.);
#6123 = DIRECTION('',(0.57735026919,0.57735026919,0.57735026919));
#6124 = ORIENTED_EDGE('',*,*,#5750,.T.);
#6125 = ORIENTED_EDGE('',*,*,#6126,.T.);
#6126 = EDGE_CURVE('',#5734,#6127,#6129,.T.);
#6127 = VERTEX_POINT('',#6128);
#6128 = CARTESIAN_POINT('',(0.16,-2.7,8.54));
#6129 = LINE('',#6130,#6131);
#6130 = CARTESIAN_POINT('',(0.16,-2.7,8.54));
#6131 = VECTOR('',#6132,1.);
#6132 = DIRECTION('',(-0.57735026919,0.57735026919,0.57735026919));
#6133 = ORIENTED_EDGE('',*,*,#6134,.F.);
#6134 = EDGE_CURVE('',#6118,#6127,#6135,.T.);
#6135 = LINE('',#6136,#6137);
#6136 = CARTESIAN_POINT('',(-0.32,-2.7,8.54));
#6137 = VECTOR('',#6138,1.);
#6138 = DIRECTION('',(1.,0.,0.));
#6139 = PLANE('',#6140);
#6140 = AXIS2_PLACEMENT_3D('',#6141,#6142,#6143);
#6141 = CARTESIAN_POINT('',(-0.32,-2.78,8.46));
#6142 = DIRECTION('',(-1.735167508357E-18,0.707106781187,-0.707106781187
    ));
#6143 = DIRECTION('',(-1.,-1.226948711654E-18,1.226948711654E-18));
#6144 = ADVANCED_FACE('',(#6145),#6163,.T.);
#6145 = FACE_BOUND('',#6146,.T.);
#6146 = EDGE_LOOP('',(#6147,#6148,#6149,#6157));
#6147 = ORIENTED_EDGE('',*,*,#6126,.F.);
#6148 = ORIENTED_EDGE('',*,*,#5774,.T.);
#6149 = ORIENTED_EDGE('',*,*,#6150,.T.);
#6150 = EDGE_CURVE('',#5767,#6151,#6153,.T.);
#6151 = VERTEX_POINT('',#6152);
#6152 = CARTESIAN_POINT('',(0.16,-2.38,8.54));
#6153 = LINE('',#6154,#6155);
#6154 = CARTESIAN_POINT('',(5.333333333333E-02,-2.486666666667,
    8.646666666667));
#6155 = VECTOR('',#6156,1.);
#6156 = DIRECTION('',(-0.57735026919,-0.57735026919,0.57735026919));
#6157 = ORIENTED_EDGE('',*,*,#6158,.F.);
#6158 = EDGE_CURVE('',#6127,#6151,#6159,.T.);
#6159 = LINE('',#6160,#6161);
#6160 = CARTESIAN_POINT('',(0.16,-2.86,8.54));
#6161 = VECTOR('',#6162,1.);
#6162 = DIRECTION('',(0.,1.,0.));
#6163 = PLANE('',#6164);
#6164 = AXIS2_PLACEMENT_3D('',#6165,#6166,#6167);
#6165 = CARTESIAN_POINT('',(0.24,-2.86,8.46));
#6166 = DIRECTION('',(0.707106781187,-1.735167508357E-18,0.707106781187)
  );
#6167 = DIRECTION('',(1.226948711654E-18,1.,1.226948711654E-18));
#6168 = ADVANCED_FACE('',(#6169),#6187,.T.);
#6169 = FACE_BOUND('',#6170,.F.);
#6170 = EDGE_LOOP('',(#6171,#6179,#6180,#6181));
#6171 = ORIENTED_EDGE('',*,*,#6172,.F.);
#6172 = EDGE_CURVE('',#5791,#6173,#6175,.T.);
#6173 = VERTEX_POINT('',#6174);
#6174 = CARTESIAN_POINT('',(-0.16,-2.38,8.54));
#6175 = LINE('',#6176,#6177);
#6176 = CARTESIAN_POINT('',(-0.16,-2.38,8.54));
#6177 = VECTOR('',#6178,1.);
#6178 = DIRECTION('',(0.57735026919,-0.57735026919,0.57735026919));
#6179 = ORIENTED_EDGE('',*,*,#5798,.T.);
#6180 = ORIENTED_EDGE('',*,*,#6150,.T.);
#6181 = ORIENTED_EDGE('',*,*,#6182,.F.);
#6182 = EDGE_CURVE('',#6173,#6151,#6183,.T.);
#6183 = LINE('',#6184,#6185);
#6184 = CARTESIAN_POINT('',(-0.32,-2.38,8.54));
#6185 = VECTOR('',#6186,1.);
#6186 = DIRECTION('',(1.,0.,0.));
#6187 = PLANE('',#6188);
#6188 = AXIS2_PLACEMENT_3D('',#6189,#6190,#6191);
#6189 = CARTESIAN_POINT('',(-0.32,-2.3,8.46));
#6190 = DIRECTION('',(1.735167508357E-18,0.707106781187,0.707106781187)
  );
#6191 = DIRECTION('',(-1.,1.226948711654E-18,1.226948711654E-18));
#6192 = ADVANCED_FACE('',(#6193),#6204,.F.);
#6193 = FACE_BOUND('',#6194,.F.);
#6194 = EDGE_LOOP('',(#6195,#6196,#6197,#6198));
#6195 = ORIENTED_EDGE('',*,*,#6117,.F.);
#6196 = ORIENTED_EDGE('',*,*,#5815,.T.);
#6197 = ORIENTED_EDGE('',*,*,#6172,.T.);
#6198 = ORIENTED_EDGE('',*,*,#6199,.F.);
#6199 = EDGE_CURVE('',#6118,#6173,#6200,.T.);
#6200 = LINE('',#6201,#6202);
#6201 = CARTESIAN_POINT('',(-0.16,-2.86,8.54));
#6202 = VECTOR('',#6203,1.);
#6203 = DIRECTION('',(0.,1.,0.));
#6204 = PLANE('',#6205);
#6205 = AXIS2_PLACEMENT_3D('',#6206,#6207,#6208);
#6206 = CARTESIAN_POINT('',(-0.24,-2.86,8.46));
#6207 = DIRECTION('',(0.707106781187,1.735167508357E-18,-0.707106781187)
  );
#6208 = DIRECTION('',(-1.226948711654E-18,1.,1.226948711654E-18));
#6209 = ADVANCED_FACE('',(#6210),#6216,.F.);
#6210 = FACE_BOUND('',#6211,.F.);
#6211 = EDGE_LOOP('',(#6212,#6213,#6214,#6215));
#6212 = ORIENTED_EDGE('',*,*,#5911,.F.);
#6213 = ORIENTED_EDGE('',*,*,#5846,.T.);
#6214 = ORIENTED_EDGE('',*,*,#5870,.T.);
#6215 = ORIENTED_EDGE('',*,*,#5894,.F.);
#6216 = PLANE('',#6217);
#6217 = AXIS2_PLACEMENT_3D('',#6218,#6219,#6220);
#6218 = CARTESIAN_POINT('',(-0.32,-0.32,-3.));
#6219 = DIRECTION('',(0.,0.,1.));
#6220 = DIRECTION('',(1.,0.,-0.));
#6221 = ADVANCED_FACE('',(#6222),#6228,.F.);
#6222 = FACE_BOUND('',#6223,.F.);
#6223 = EDGE_LOOP('',(#6224,#6225,#6226,#6227));
#6224 = ORIENTED_EDGE('',*,*,#6007,.F.);
#6225 = ORIENTED_EDGE('',*,*,#5942,.T.);
#6226 = ORIENTED_EDGE('',*,*,#5966,.T.);
#6227 = ORIENTED_EDGE('',*,*,#5990,.F.);
#6228 = PLANE('',#6229);
#6229 = AXIS2_PLACEMENT_3D('',#6230,#6231,#6232);
#6230 = CARTESIAN_POINT('',(-0.32,-2.86,-3.));
#6231 = DIRECTION('',(0.,0.,1.));
#6232 = DIRECTION('',(1.,0.,-0.));
#6233 = ADVANCED_FACE('',(#6234),#6240,.T.);
#6234 = FACE_BOUND('',#6235,.T.);
#6235 = EDGE_LOOP('',(#6236,#6237,#6238,#6239));
#6236 = ORIENTED_EDGE('',*,*,#6086,.F.);
#6237 = ORIENTED_EDGE('',*,*,#6103,.F.);
#6238 = ORIENTED_EDGE('',*,*,#6038,.T.);
#6239 = ORIENTED_EDGE('',*,*,#6062,.T.);
#6240 = PLANE('',#6241);
#6241 = AXIS2_PLACEMENT_3D('',#6242,#6243,#6244);
#6242 = CARTESIAN_POINT('',(-0.32,-0.32,8.54));
#6243 = DIRECTION('',(0.,0.,1.));
#6244 = DIRECTION('',(1.,0.,-0.));
#6245 = ADVANCED_FACE('',(#6246),#6252,.T.);
#6246 = FACE_BOUND('',#6247,.T.);
#6247 = EDGE_LOOP('',(#6248,#6249,#6250,#6251));
#6248 = ORIENTED_EDGE('',*,*,#6182,.F.);
#6249 = ORIENTED_EDGE('',*,*,#6199,.F.);
#6250 = ORIENTED_EDGE('',*,*,#6134,.T.);
#6251 = ORIENTED_EDGE('',*,*,#6158,.T.);
#6252 = PLANE('',#6253);
#6253 = AXIS2_PLACEMENT_3D('',#6254,#6255,#6256);
#6254 = CARTESIAN_POINT('',(-0.32,-2.86,8.54));
#6255 = DIRECTION('',(0.,0.,1.));
#6256 = DIRECTION('',(1.,0.,-0.));
#6257 = ( GEOMETRIC_REPRESENTATION_CONTEXT(3) 
GLOBAL_UNCERTAINTY_ASSIGNED_CONTEXT((#6261)) 
GLOBAL_UNIT_ASSIGNED_CONTEXT((#6258,#6259,#6260)) REPRESENTATION_CONTEXT
('Context #1','3D Context with UNIT and UNCERTAINTY') );
#6258 = ( LENGTH_UNIT() NAMED_UNIT(*) SI_UNIT(.MILLI.,.METRE.) );
#6259 = ( NAMED_UNIT(*) PLANE_ANGLE_UNIT() SI_UNIT($,.RADIAN.) );
#6260 = ( NAMED_UNIT(*) SI_UNIT($,.STERADIAN.) SOLID_ANGLE_UNIT() );
#6261 = UNCERTAINTY_MEASURE_WITH_UNIT(LENGTH_MEASURE(1.E-07),#6258,
  'distance_accuracy_value','confusion accuracy');
#6262 = CONTEXT_DEPENDENT_SHAPE_REPRESENTATION(#6263,#6265);
#6263 = ( REPRESENTATION_RELATIONSHIP('','',#4824,#4801) 
REPRESENTATION_RELATIONSHIP_WITH_TRANSFORMATION(#6264) 
SHAPE_REPRESENTATION_RELATIONSHIP() );
#6264 = ITEM_DEFINED_TRANSFORMATION('','',#11,#4802);
#6265 = PRODUCT_DEFINITION_SHAPE('Placement','Placement of an item',
  #6266);
#6266 = NEXT_ASSEMBLY_USAGE_OCCURRENCE('13','=>[0:1:1:9]','',#4796,#4819
  ,$);
#6267 = PRODUCT_RELATED_PRODUCT_CATEGORY('part',$,(#4821));
#6268 = SHAPE_DEFINITION_REPRESENTATION(#6269,#6275);
#6269 = PRODUCT_DEFINITION_SHAPE('','',#6270);
#6270 = PRODUCT_DEFINITION('design','',#6271,#6274);
#6271 = PRODUCT_DEFINITION_FORMATION('','',#6272);
#6272 = PRODUCT('HackPad-unsaved-export-QuULDD_PCB',
  'HackPad-unsaved-export-QuULDD_PCB','',(#6273));
#6273 = PRODUCT_CONTEXT('',#2,'mechanical');
#6274 = PRODUCT_DEFINITION_CONTEXT('part definition',#2,'design');
#6275 = ADVANCED_BREP_SHAPE_REPRESENTATION('',(#11,#6276),#8851);
#6276 = MANIFOLD_SOLID_BREP('',#6277);
#6277 = CLOSED_SHELL('',(#6278,#6318,#6349,#6380,#7074,#7768,#7780,#7797
    ,#7814,#7831,#7848,#7865,#7882,#7899,#7916,#7933,#7950,#7967,#7984,
    #8001,#8018,#8035,#8052,#8069,#8086,#8103,#8120,#8137,#8154,#8171,
    #8188,#8205,#8222,#8239,#8256,#8273,#8290,#8307,#8329,#8346,#8363,
    #8375,#8392,#8409,#8426,#8443,#8460,#8477,#8494,#8511,#8528,#8545,
    #8562,#8579,#8596,#8613,#8630,#8647,#8664,#8681,#8698,#8715,#8732,
    #8749,#8771,#8788,#8805,#8817,#8834));
#6278 = ADVANCED_FACE('',(#6279),#6313,.T.);
#6279 = FACE_BOUND('',#6280,.T.);
#6280 = EDGE_LOOP('',(#6281,#6291,#6299,#6307));
#6281 = ORIENTED_EDGE('',*,*,#6282,.T.);
#6282 = EDGE_CURVE('',#6283,#6285,#6287,.T.);
#6283 = VERTEX_POINT('',#6284);
#6284 = CARTESIAN_POINT('',(128.016,-95.758,0.));
#6285 = VERTEX_POINT('',#6286);
#6286 = CARTESIAN_POINT('',(128.016,-95.758,1.51));
#6287 = LINE('',#6288,#6289);
#6288 = CARTESIAN_POINT('',(128.016,-95.758,0.));
#6289 = VECTOR('',#6290,1.);
#6290 = DIRECTION('',(0.,0.,1.));
#6291 = ORIENTED_EDGE('',*,*,#6292,.T.);
#6292 = EDGE_CURVE('',#6285,#6293,#6295,.T.);
#6293 = VERTEX_POINT('',#6294);
#6294 = CARTESIAN_POINT('',(45.466,-95.758,1.51));
#6295 = LINE('',#6296,#6297);
#6296 = CARTESIAN_POINT('',(128.016,-95.758,1.51));
#6297 = VECTOR('',#6298,1.);
#6298 = DIRECTION('',(-1.,0.,0.));
#6299 = ORIENTED_EDGE('',*,*,#6300,.F.);
#6300 = EDGE_CURVE('',#6301,#6293,#6303,.T.);
#6301 = VERTEX_POINT('',#6302);
#6302 = CARTESIAN_POINT('',(45.466,-95.758,0.));
#6303 = LINE('',#6304,#6305);
#6304 = CARTESIAN_POINT('',(45.466,-95.758,0.));
#6305 = VECTOR('',#6306,1.);
#6306 = DIRECTION('',(0.,0.,1.));
#6307 = ORIENTED_EDGE('',*,*,#6308,.F.);
#6308 = EDGE_CURVE('',#6283,#6301,#6309,.T.);
#6309 = LINE('',#6310,#6311);
#6310 = CARTESIAN_POINT('',(128.016,-95.758,0.));
#6311 = VECTOR('',#6312,1.);
#6312 = DIRECTION('',(-1.,0.,0.));
#6313 = PLANE('',#6314);
#6314 = AXIS2_PLACEMENT_3D('',#6315,#6316,#6317);
#6315 = CARTESIAN_POINT('',(128.016,-95.758,0.));
#6316 = DIRECTION('',(0.,-1.,0.));
#6317 = DIRECTION('',(-1.,0.,0.));
#6318 = ADVANCED_FACE('',(#6319),#6344,.T.);
#6319 = FACE_BOUND('',#6320,.T.);
#6320 = EDGE_LOOP('',(#6321,#6331,#6337,#6338));
#6321 = ORIENTED_EDGE('',*,*,#6322,.T.);
#6322 = EDGE_CURVE('',#6323,#6325,#6327,.T.);
#6323 = VERTEX_POINT('',#6324);
#6324 = CARTESIAN_POINT('',(128.016,-45.2882,0.));
#6325 = VERTEX_POINT('',#6326);
#6326 = CARTESIAN_POINT('',(128.016,-45.2882,1.51));
#6327 = LINE('',#6328,#6329);
#6328 = CARTESIAN_POINT('',(128.016,-45.2882,0.));
#6329 = VECTOR('',#6330,1.);
#6330 = DIRECTION('',(0.,0.,1.));
#6331 = ORIENTED_EDGE('',*,*,#6332,.T.);
#6332 = EDGE_CURVE('',#6325,#6285,#6333,.T.);
#6333 = LINE('',#6334,#6335);
#6334 = CARTESIAN_POINT('',(128.016,-45.2882,1.51));
#6335 = VECTOR('',#6336,1.);
#6336 = DIRECTION('',(0.,-1.,0.));
#6337 = ORIENTED_EDGE('',*,*,#6282,.F.);
#6338 = ORIENTED_EDGE('',*,*,#6339,.F.);
#6339 = EDGE_CURVE('',#6323,#6283,#6340,.T.);
#6340 = LINE('',#6341,#6342);
#6341 = CARTESIAN_POINT('',(128.016,-45.2882,0.));
#6342 = VECTOR('',#6343,1.);
#6343 = DIRECTION('',(0.,-1.,0.));
#6344 = PLANE('',#6345);
#6345 = AXIS2_PLACEMENT_3D('',#6346,#6347,#6348);
#6346 = CARTESIAN_POINT('',(128.016,-45.2882,0.));
#6347 = DIRECTION('',(1.,0.,-0.));
#6348 = DIRECTION('',(0.,-1.,0.));
#6349 = ADVANCED_FACE('',(#6350),#6375,.T.);
#6350 = FACE_BOUND('',#6351,.T.);
#6351 = EDGE_LOOP('',(#6352,#6353,#6361,#6369));
#6352 = ORIENTED_EDGE('',*,*,#6300,.T.);
#6353 = ORIENTED_EDGE('',*,*,#6354,.T.);
#6354 = EDGE_CURVE('',#6293,#6355,#6357,.T.);
#6355 = VERTEX_POINT('',#6356);
#6356 = CARTESIAN_POINT('',(45.466,-45.2882,1.51));
#6357 = LINE('',#6358,#6359);
#6358 = CARTESIAN_POINT('',(45.466,-95.758,1.51));
#6359 = VECTOR('',#6360,1.);
#6360 = DIRECTION('',(0.,1.,0.));
#6361 = ORIENTED_EDGE('',*,*,#6362,.F.);
#6362 = EDGE_CURVE('',#6363,#6355,#6365,.T.);
#6363 = VERTEX_POINT('',#6364);
#6364 = CARTESIAN_POINT('',(45.466,-45.2882,0.));
#6365 = LINE('',#6366,#6367);
#6366 = CARTESIAN_POINT('',(45.466,-45.2882,0.));
#6367 = VECTOR('',#6368,1.);
#6368 = DIRECTION('',(0.,0.,1.));
#6369 = ORIENTED_EDGE('',*,*,#6370,.F.);
#6370 = EDGE_CURVE('',#6301,#6363,#6371,.T.);
#6371 = LINE('',#6372,#6373);
#6372 = CARTESIAN_POINT('',(45.466,-95.758,0.));
#6373 = VECTOR('',#6374,1.);
#6374 = DIRECTION('',(0.,1.,0.));
#6375 = PLANE('',#6376);
#6376 = AXIS2_PLACEMENT_3D('',#6377,#6378,#6379);
#6377 = CARTESIAN_POINT('',(45.466,-95.758,0.));
#6378 = DIRECTION('',(-1.,0.,0.));
#6379 = DIRECTION('',(0.,1.,0.));
#6380 = ADVANCED_FACE('',(#6381,#6392,#6403,#6414,#6425,#6436,#6447,
    #6458,#6469,#6480,#6491,#6502,#6513,#6524,#6535,#6546,#6557,#6568,
    #6579,#6590,#6601,#6612,#6623,#6634,#6645,#6656,#6667,#6678,#6689,
    #6700,#6711,#6722,#6733,#6769,#6780,#6791,#6802,#6813,#6824,#6835,
    #6846,#6857,#6868,#6879,#6890,#6901,#6912,#6923,#6934,#6945,#6956,
    #6967,#6978,#6989,#7000,#7011,#7047,#7058),#7069,.F.);
#6381 = FACE_BOUND('',#6382,.F.);
#6382 = EDGE_LOOP('',(#6383,#6384,#6385,#6391));
#6383 = ORIENTED_EDGE('',*,*,#6308,.F.);
#6384 = ORIENTED_EDGE('',*,*,#6339,.F.);
#6385 = ORIENTED_EDGE('',*,*,#6386,.F.);
#6386 = EDGE_CURVE('',#6363,#6323,#6387,.T.);
#6387 = LINE('',#6388,#6389);
#6388 = CARTESIAN_POINT('',(45.466,-45.2882,0.));
#6389 = VECTOR('',#6390,1.);
#6390 = DIRECTION('',(1.,0.,0.));
#6391 = ORIENTED_EDGE('',*,*,#6370,.F.);
#6392 = FACE_BOUND('',#6393,.F.);
#6393 = EDGE_LOOP('',(#6394));
#6394 = ORIENTED_EDGE('',*,*,#6395,.T.);
#6395 = EDGE_CURVE('',#6396,#6396,#6398,.T.);
#6396 = VERTEX_POINT('',#6397);
#6397 = CARTESIAN_POINT('',(51.096,-84.307,0.));
#6398 = CIRCLE('',#6399,0.4);
#6399 = AXIS2_PLACEMENT_3D('',#6400,#6401,#6402);
#6400 = CARTESIAN_POINT('',(51.096,-83.907,0.));
#6401 = DIRECTION('',(-0.,0.,-1.));
#6402 = DIRECTION('',(-1.7763568394E-14,-1.,0.));
#6403 = FACE_BOUND('',#6404,.F.);
#6404 = EDGE_LOOP('',(#6405));
#6405 = ORIENTED_EDGE('',*,*,#6406,.T.);
#6406 = EDGE_CURVE('',#6407,#6407,#6409,.T.);
#6407 = VERTEX_POINT('',#6408);
#6408 = CARTESIAN_POINT('',(55.146,-84.307,0.));
#6409 = CIRCLE('',#6410,0.4);
#6410 = AXIS2_PLACEMENT_3D('',#6411,#6412,#6413);
#6411 = CARTESIAN_POINT('',(55.146,-83.907,0.));
#6412 = DIRECTION('',(-0.,0.,-1.));
#6413 = DIRECTION('',(-0.,-1.,0.));
#6414 = FACE_BOUND('',#6415,.F.);
#6415 = EDGE_LOOP('',(#6416));
#6416 = ORIENTED_EDGE('',*,*,#6417,.T.);
#6417 = EDGE_CURVE('',#6418,#6418,#6420,.T.);
#6418 = VERTEX_POINT('',#6419);
#6419 = CARTESIAN_POINT('',(59.196,-84.307,0.));
#6420 = CIRCLE('',#6421,0.4);
#6421 = AXIS2_PLACEMENT_3D('',#6422,#6423,#6424);
#6422 = CARTESIAN_POINT('',(59.196,-83.907,0.));
#6423 = DIRECTION('',(-0.,0.,-1.));
#6424 = DIRECTION('',(-0.,-1.,0.));
#6425 = FACE_BOUND('',#6426,.F.);
#6426 = EDGE_LOOP('',(#6427));
#6427 = ORIENTED_EDGE('',*,*,#6428,.T.);
#6428 = EDGE_CURVE('',#6429,#6429,#6431,.T.);
#6429 = VERTEX_POINT('',#6430);
#6430 = CARTESIAN_POINT('',(63.246,-84.307,0.));
#6431 = CIRCLE('',#6432,0.4);
#6432 = AXIS2_PLACEMENT_3D('',#6433,#6434,#6435);
#6433 = CARTESIAN_POINT('',(63.246,-83.907,0.));
#6434 = DIRECTION('',(-0.,0.,-1.));
#6435 = DIRECTION('',(1.7763568394E-14,-1.,-0.));
#6436 = FACE_BOUND('',#6437,.F.);
#6437 = EDGE_LOOP('',(#6438));
#6438 = ORIENTED_EDGE('',*,*,#6439,.T.);
#6439 = EDGE_CURVE('',#6440,#6440,#6442,.T.);
#6440 = VERTEX_POINT('',#6441);
#6441 = CARTESIAN_POINT('',(51.096,-81.807,0.));
#6442 = CIRCLE('',#6443,0.4);
#6443 = AXIS2_PLACEMENT_3D('',#6444,#6445,#6446);
#6444 = CARTESIAN_POINT('',(51.096,-81.407,0.));
#6445 = DIRECTION('',(-0.,0.,-1.));
#6446 = DIRECTION('',(-1.7763568394E-14,-1.,0.));
#6447 = FACE_BOUND('',#6448,.F.);
#6448 = EDGE_LOOP('',(#6449));
#6449 = ORIENTED_EDGE('',*,*,#6450,.T.);
#6450 = EDGE_CURVE('',#6451,#6451,#6453,.T.);
#6451 = VERTEX_POINT('',#6452);
#6452 = CARTESIAN_POINT('',(55.146,-81.807,0.));
#6453 = CIRCLE('',#6454,0.4);
#6454 = AXIS2_PLACEMENT_3D('',#6455,#6456,#6457);
#6455 = CARTESIAN_POINT('',(55.146,-81.407,0.));
#6456 = DIRECTION('',(-0.,0.,-1.));
#6457 = DIRECTION('',(-0.,-1.,0.));
#6458 = FACE_BOUND('',#6459,.F.);
#6459 = EDGE_LOOP('',(#6460));
#6460 = ORIENTED_EDGE('',*,*,#6461,.T.);
#6461 = EDGE_CURVE('',#6462,#6462,#6464,.T.);
#6462 = VERTEX_POINT('',#6463);
#6463 = CARTESIAN_POINT('',(50.955,-78.124,0.));
#6464 = CIRCLE('',#6465,0.4);
#6465 = AXIS2_PLACEMENT_3D('',#6466,#6467,#6468);
#6466 = CARTESIAN_POINT('',(50.955,-77.724,0.));
#6467 = DIRECTION('',(-0.,0.,-1.));
#6468 = DIRECTION('',(-0.,-1.,0.));
#6469 = FACE_BOUND('',#6470,.F.);
#6470 = EDGE_LOOP('',(#6471));
#6471 = ORIENTED_EDGE('',*,*,#6472,.T.);
#6472 = EDGE_CURVE('',#6473,#6473,#6475,.T.);
#6473 = VERTEX_POINT('',#6474);
#6474 = CARTESIAN_POINT('',(55.005,-78.124,0.));
#6475 = CIRCLE('',#6476,0.4);
#6476 = AXIS2_PLACEMENT_3D('',#6477,#6478,#6479);
#6477 = CARTESIAN_POINT('',(55.005,-77.724,0.));
#6478 = DIRECTION('',(-0.,0.,-1.));
#6479 = DIRECTION('',(1.7763568394E-14,-1.,-0.));
#6480 = FACE_BOUND('',#6481,.F.);
#6481 = EDGE_LOOP('',(#6482));
#6482 = ORIENTED_EDGE('',*,*,#6483,.T.);
#6483 = EDGE_CURVE('',#6484,#6484,#6486,.T.);
#6484 = VERTEX_POINT('',#6485);
#6485 = CARTESIAN_POINT('',(59.196,-81.807,0.));
#6486 = CIRCLE('',#6487,0.4);
#6487 = AXIS2_PLACEMENT_3D('',#6488,#6489,#6490);
#6488 = CARTESIAN_POINT('',(59.196,-81.407,0.));
#6489 = DIRECTION('',(-0.,0.,-1.));
#6490 = DIRECTION('',(-0.,-1.,0.));
#6491 = FACE_BOUND('',#6492,.F.);
#6492 = EDGE_LOOP('',(#6493));
#6493 = ORIENTED_EDGE('',*,*,#6494,.T.);
#6494 = EDGE_CURVE('',#6495,#6495,#6497,.T.);
#6495 = VERTEX_POINT('',#6496);
#6496 = CARTESIAN_POINT('',(63.246,-81.807,0.));
#6497 = CIRCLE('',#6498,0.4);
#6498 = AXIS2_PLACEMENT_3D('',#6499,#6500,#6501);
#6499 = CARTESIAN_POINT('',(63.246,-81.407,0.));
#6500 = DIRECTION('',(-0.,0.,-1.));
#6501 = DIRECTION('',(1.7763568394E-14,-1.,-0.));
#6502 = FACE_BOUND('',#6503,.F.);
#6503 = EDGE_LOOP('',(#6504));
#6504 = ORIENTED_EDGE('',*,*,#6505,.T.);
#6505 = EDGE_CURVE('',#6506,#6506,#6508,.T.);
#6506 = VERTEX_POINT('',#6507);
#6507 = CARTESIAN_POINT('',(59.055,-78.124,0.));
#6508 = CIRCLE('',#6509,0.4);
#6509 = AXIS2_PLACEMENT_3D('',#6510,#6511,#6512);
#6510 = CARTESIAN_POINT('',(59.055,-77.724,0.));
#6511 = DIRECTION('',(-0.,0.,-1.));
#6512 = DIRECTION('',(-0.,-1.,0.));
#6513 = FACE_BOUND('',#6514,.F.);
#6514 = EDGE_LOOP('',(#6515));
#6515 = ORIENTED_EDGE('',*,*,#6516,.T.);
#6516 = EDGE_CURVE('',#6517,#6517,#6519,.T.);
#6517 = VERTEX_POINT('',#6518);
#6518 = CARTESIAN_POINT('',(63.105,-78.124,0.));
#6519 = CIRCLE('',#6520,0.4);
#6520 = AXIS2_PLACEMENT_3D('',#6521,#6522,#6523);
#6521 = CARTESIAN_POINT('',(63.105,-77.724,0.));
#6522 = DIRECTION('',(-0.,0.,-1.));
#6523 = DIRECTION('',(-1.7763568394E-14,-1.,0.));
#6524 = FACE_BOUND('',#6525,.F.);
#6525 = EDGE_LOOP('',(#6526));
#6526 = ORIENTED_EDGE('',*,*,#6527,.T.);
#6527 = EDGE_CURVE('',#6528,#6528,#6530,.T.);
#6528 = VERTEX_POINT('',#6529);
#6529 = CARTESIAN_POINT('',(74.295,-86.067,0.));
#6530 = CIRCLE('',#6531,0.85);
#6531 = AXIS2_PLACEMENT_3D('',#6532,#6533,#6534);
#6532 = CARTESIAN_POINT('',(74.295,-85.217,0.));
#6533 = DIRECTION('',(-0.,0.,-1.));
#6534 = DIRECTION('',(1.671865260612E-14,-1.,-0.));
#6535 = FACE_BOUND('',#6536,.F.);
#6536 = EDGE_LOOP('',(#6537));
#6537 = ORIENTED_EDGE('',*,*,#6538,.T.);
#6538 = EDGE_CURVE('',#6539,#6539,#6541,.T.);
#6539 = VERTEX_POINT('',#6540);
#6540 = CARTESIAN_POINT('',(75.565,-83.427,0.));
#6541 = CIRCLE('',#6542,0.75);
#6542 = AXIS2_PLACEMENT_3D('',#6543,#6544,#6545);
#6543 = CARTESIAN_POINT('',(75.565,-82.677,0.));
#6544 = DIRECTION('',(-0.,0.,-1.));
#6545 = DIRECTION('',(-0.,-1.,0.));
#6546 = FACE_BOUND('',#6547,.F.);
#6547 = EDGE_LOOP('',(#6548));
#6548 = ORIENTED_EDGE('',*,*,#6549,.T.);
#6549 = EDGE_CURVE('',#6550,#6550,#6552,.T.);
#6550 = VERTEX_POINT('',#6551);
#6551 = CARTESIAN_POINT('',(79.375,-87.217,0.));
#6552 = CIRCLE('',#6553,2.);
#6553 = AXIS2_PLACEMENT_3D('',#6554,#6555,#6556);
#6554 = CARTESIAN_POINT('',(79.375,-85.217,0.));
#6555 = DIRECTION('',(-0.,0.,-1.));
#6556 = DIRECTION('',(-0.,-1.,0.));
#6557 = FACE_BOUND('',#6558,.F.);
#6558 = EDGE_LOOP('',(#6559));
#6559 = ORIENTED_EDGE('',*,*,#6560,.T.);
#6560 = EDGE_CURVE('',#6561,#6561,#6563,.T.);
#6561 = VERTEX_POINT('',#6562);
#6562 = CARTESIAN_POINT('',(84.455,-86.067,0.));
#6563 = CIRCLE('',#6564,0.85);
#6564 = AXIS2_PLACEMENT_3D('',#6565,#6566,#6567);
#6565 = CARTESIAN_POINT('',(84.455,-85.217,0.));
#6566 = DIRECTION('',(-0.,0.,-1.));
#6567 = DIRECTION('',(-1.671865260612E-14,-1.,0.));
#6568 = FACE_BOUND('',#6569,.F.);
#6569 = EDGE_LOOP('',(#6570));
#6570 = ORIENTED_EDGE('',*,*,#6571,.T.);
#6571 = EDGE_CURVE('',#6572,#6572,#6574,.T.);
#6572 = VERTEX_POINT('',#6573);
#6573 = CARTESIAN_POINT('',(81.915,-80.887,0.));
#6574 = CIRCLE('',#6575,0.75);
#6575 = AXIS2_PLACEMENT_3D('',#6576,#6577,#6578);
#6576 = CARTESIAN_POINT('',(81.915,-80.137,0.));
#6577 = DIRECTION('',(-0.,0.,-1.));
#6578 = DIRECTION('',(-0.,-1.,0.));
#6579 = FACE_BOUND('',#6580,.F.);
#6580 = EDGE_LOOP('',(#6581));
#6581 = ORIENTED_EDGE('',*,*,#6582,.T.);
#6582 = EDGE_CURVE('',#6583,#6583,#6585,.T.);
#6583 = VERTEX_POINT('',#6584);
#6584 = CARTESIAN_POINT('',(50.955,-70.504,0.));
#6585 = CIRCLE('',#6586,0.4);
#6586 = AXIS2_PLACEMENT_3D('',#6587,#6588,#6589);
#6587 = CARTESIAN_POINT('',(50.955,-70.104,0.));
#6588 = DIRECTION('',(-0.,0.,-1.));
#6589 = DIRECTION('',(-0.,-1.,0.));
#6590 = FACE_BOUND('',#6591,.F.);
#6591 = EDGE_LOOP('',(#6592));
#6592 = ORIENTED_EDGE('',*,*,#6593,.T.);
#6593 = EDGE_CURVE('',#6594,#6594,#6596,.T.);
#6594 = VERTEX_POINT('',#6595);
#6595 = CARTESIAN_POINT('',(55.005,-70.504,0.));
#6596 = CIRCLE('',#6597,0.4);
#6597 = AXIS2_PLACEMENT_3D('',#6598,#6599,#6600);
#6598 = CARTESIAN_POINT('',(55.005,-70.104,0.));
#6599 = DIRECTION('',(-0.,0.,-1.));
#6600 = DIRECTION('',(1.7763568394E-14,-1.,-0.));
#6601 = FACE_BOUND('',#6602,.F.);
#6602 = EDGE_LOOP('',(#6603));
#6603 = ORIENTED_EDGE('',*,*,#6604,.T.);
#6604 = EDGE_CURVE('',#6605,#6605,#6607,.T.);
#6605 = VERTEX_POINT('',#6606);
#6606 = CARTESIAN_POINT('',(59.055,-70.504,0.));
#6607 = CIRCLE('',#6608,0.4);
#6608 = AXIS2_PLACEMENT_3D('',#6609,#6610,#6611);
#6609 = CARTESIAN_POINT('',(59.055,-70.104,0.));
#6610 = DIRECTION('',(-0.,0.,-1.));
#6611 = DIRECTION('',(-0.,-1.,0.));
#6612 = FACE_BOUND('',#6613,.F.);
#6613 = EDGE_LOOP('',(#6614));
#6614 = ORIENTED_EDGE('',*,*,#6615,.T.);
#6615 = EDGE_CURVE('',#6616,#6616,#6618,.T.);
#6616 = VERTEX_POINT('',#6617);
#6617 = CARTESIAN_POINT('',(63.105,-70.504,0.));
#6618 = CIRCLE('',#6619,0.4);
#6619 = AXIS2_PLACEMENT_3D('',#6620,#6621,#6622);
#6620 = CARTESIAN_POINT('',(63.105,-70.104,0.));
#6621 = DIRECTION('',(-0.,0.,-1.));
#6622 = DIRECTION('',(-1.7763568394E-14,-1.,0.));
#6623 = FACE_BOUND('',#6624,.F.);
#6624 = EDGE_LOOP('',(#6625));
#6625 = ORIENTED_EDGE('',*,*,#6626,.T.);
#6626 = EDGE_CURVE('',#6627,#6627,#6629,.T.);
#6627 = VERTEX_POINT('',#6628);
#6628 = CARTESIAN_POINT('',(93.345,-86.067,0.));
#6629 = CIRCLE('',#6630,0.85);
#6630 = AXIS2_PLACEMENT_3D('',#6631,#6632,#6633);
#6631 = CARTESIAN_POINT('',(93.345,-85.217,0.));
#6632 = DIRECTION('',(-0.,0.,-1.));
#6633 = DIRECTION('',(-0.,-1.,0.));
#6634 = FACE_BOUND('',#6635,.F.);
#6635 = EDGE_LOOP('',(#6636));
#6636 = ORIENTED_EDGE('',*,*,#6637,.T.);
#6637 = EDGE_CURVE('',#6638,#6638,#6640,.T.);
#6638 = VERTEX_POINT('',#6639);
#6639 = CARTESIAN_POINT('',(94.615,-83.427,0.));
#6640 = CIRCLE('',#6641,0.75);
#6641 = AXIS2_PLACEMENT_3D('',#6642,#6643,#6644);
#6642 = CARTESIAN_POINT('',(94.615,-82.677,0.));
#6643 = DIRECTION('',(-0.,0.,-1.));
#6644 = DIRECTION('',(-0.,-1.,0.));
#6645 = FACE_BOUND('',#6646,.F.);
#6646 = EDGE_LOOP('',(#6647));
#6647 = ORIENTED_EDGE('',*,*,#6648,.T.);
#6648 = EDGE_CURVE('',#6649,#6649,#6651,.T.);
#6649 = VERTEX_POINT('',#6650);
#6650 = CARTESIAN_POINT('',(98.425,-87.217,0.));
#6651 = CIRCLE('',#6652,2.);
#6652 = AXIS2_PLACEMENT_3D('',#6653,#6654,#6655);
#6653 = CARTESIAN_POINT('',(98.425,-85.217,0.));
#6654 = DIRECTION('',(-0.,0.,-1.));
#6655 = DIRECTION('',(-0.,-1.,0.));
#6656 = FACE_BOUND('',#6657,.F.);
#6657 = EDGE_LOOP('',(#6658));
#6658 = ORIENTED_EDGE('',*,*,#6659,.T.);
#6659 = EDGE_CURVE('',#6660,#6660,#6662,.T.);
#6660 = VERTEX_POINT('',#6661);
#6661 = CARTESIAN_POINT('',(103.505,-86.067,0.));
#6662 = CIRCLE('',#6663,0.85);
#6663 = AXIS2_PLACEMENT_3D('',#6664,#6665,#6666);
#6664 = CARTESIAN_POINT('',(103.505,-85.217,0.));
#6665 = DIRECTION('',(-0.,0.,-1.));
#6666 = DIRECTION('',(-0.,-1.,0.));
#6667 = FACE_BOUND('',#6668,.F.);
#6668 = EDGE_LOOP('',(#6669));
#6669 = ORIENTED_EDGE('',*,*,#6670,.T.);
#6670 = EDGE_CURVE('',#6671,#6671,#6673,.T.);
#6671 = VERTEX_POINT('',#6672);
#6672 = CARTESIAN_POINT('',(100.965,-80.887,0.));
#6673 = CIRCLE('',#6674,0.75);
#6674 = AXIS2_PLACEMENT_3D('',#6675,#6676,#6677);
#6675 = CARTESIAN_POINT('',(100.965,-80.137,0.));
#6676 = DIRECTION('',(-0.,0.,-1.));
#6677 = DIRECTION('',(-0.,-1.,0.));
#6678 = FACE_BOUND('',#6679,.F.);
#6679 = EDGE_LOOP('',(#6680));
#6680 = ORIENTED_EDGE('',*,*,#6681,.T.);
#6681 = EDGE_CURVE('',#6682,#6682,#6684,.T.);
#6682 = VERTEX_POINT('',#6683);
#6683 = CARTESIAN_POINT('',(112.395,-86.067,0.));
#6684 = CIRCLE('',#6685,0.85);
#6685 = AXIS2_PLACEMENT_3D('',#6686,#6687,#6688);
#6686 = CARTESIAN_POINT('',(112.395,-85.217,0.));
#6687 = DIRECTION('',(-0.,0.,-1.));
#6688 = DIRECTION('',(-1.671865260612E-14,-1.,0.));
#6689 = FACE_BOUND('',#6690,.F.);
#6690 = EDGE_LOOP('',(#6691));
#6691 = ORIENTED_EDGE('',*,*,#6692,.T.);
#6692 = EDGE_CURVE('',#6693,#6693,#6695,.T.);
#6693 = VERTEX_POINT('',#6694);
#6694 = CARTESIAN_POINT('',(113.665,-83.427,0.));
#6695 = CIRCLE('',#6696,0.75);
#6696 = AXIS2_PLACEMENT_3D('',#6697,#6698,#6699);
#6697 = CARTESIAN_POINT('',(113.665,-82.677,0.));
#6698 = DIRECTION('',(-0.,0.,-1.));
#6699 = DIRECTION('',(-0.,-1.,0.));
#6700 = FACE_BOUND('',#6701,.F.);
#6701 = EDGE_LOOP('',(#6702));
#6702 = ORIENTED_EDGE('',*,*,#6703,.T.);
#6703 = EDGE_CURVE('',#6704,#6704,#6706,.T.);
#6704 = VERTEX_POINT('',#6705);
#6705 = CARTESIAN_POINT('',(117.475,-87.217,0.));
#6706 = CIRCLE('',#6707,2.);
#6707 = AXIS2_PLACEMENT_3D('',#6708,#6709,#6710);
#6708 = CARTESIAN_POINT('',(117.475,-85.217,0.));
#6709 = DIRECTION('',(-0.,0.,-1.));
#6710 = DIRECTION('',(-0.,-1.,0.));
#6711 = FACE_BOUND('',#6712,.F.);
#6712 = EDGE_LOOP('',(#6713));
#6713 = ORIENTED_EDGE('',*,*,#6714,.T.);
#6714 = EDGE_CURVE('',#6715,#6715,#6717,.T.);
#6715 = VERTEX_POINT('',#6716);
#6716 = CARTESIAN_POINT('',(122.555,-86.067,0.));
#6717 = CIRCLE('',#6718,0.85);
#6718 = AXIS2_PLACEMENT_3D('',#6719,#6720,#6721);
#6719 = CARTESIAN_POINT('',(122.555,-85.217,0.));
#6720 = DIRECTION('',(-0.,0.,-1.));
#6721 = DIRECTION('',(-0.,-1.,0.));
#6722 = FACE_BOUND('',#6723,.F.);
#6723 = EDGE_LOOP('',(#6724));
#6724 = ORIENTED_EDGE('',*,*,#6725,.T.);
#6725 = EDGE_CURVE('',#6726,#6726,#6728,.T.);
#6726 = VERTEX_POINT('',#6727);
#6727 = CARTESIAN_POINT('',(120.015,-80.887,0.));
#6728 = CIRCLE('',#6729,0.75);
#6729 = AXIS2_PLACEMENT_3D('',#6730,#6731,#6732);
#6730 = CARTESIAN_POINT('',(120.015,-80.137,0.));
#6731 = DIRECTION('',(-0.,0.,-1.));
#6732 = DIRECTION('',(-0.,-1.,0.));
#6733 = FACE_BOUND('',#6734,.F.);
#6734 = EDGE_LOOP('',(#6735,#6746,#6754,#6763));
#6735 = ORIENTED_EDGE('',*,*,#6736,.T.);
#6736 = EDGE_CURVE('',#6737,#6739,#6741,.T.);
#6737 = VERTEX_POINT('',#6738);
#6738 = CARTESIAN_POINT('',(120.927,-72.379,0.));
#6739 = VERTEX_POINT('',#6740);
#6740 = CARTESIAN_POINT('',(120.927,-74.179,0.));
#6741 = CIRCLE('',#6742,0.9);
#6742 = AXIS2_PLACEMENT_3D('',#6743,#6744,#6745);
#6743 = CARTESIAN_POINT('',(120.927,-73.279,0.));
#6744 = DIRECTION('',(-0.,0.,-1.));
#6745 = DIRECTION('',(-0.,-1.,0.));
#6746 = ORIENTED_EDGE('',*,*,#6747,.T.);
#6747 = EDGE_CURVE('',#6739,#6748,#6750,.T.);
#6748 = VERTEX_POINT('',#6749);
#6749 = CARTESIAN_POINT('',(120.627,-74.179,0.));
#6750 = LINE('',#6751,#6752);
#6751 = CARTESIAN_POINT('',(60.3135,-74.179,0.));
#6752 = VECTOR('',#6753,1.);
#6753 = DIRECTION('',(-1.,0.,0.));
#6754 = ORIENTED_EDGE('',*,*,#6755,.T.);
#6755 = EDGE_CURVE('',#6748,#6756,#6758,.T.);
#6756 = VERTEX_POINT('',#6757);
#6757 = CARTESIAN_POINT('',(120.627,-72.379,0.));
#6758 = CIRCLE('',#6759,0.9);
#6759 = AXIS2_PLACEMENT_3D('',#6760,#6761,#6762);
#6760 = CARTESIAN_POINT('',(120.627,-73.279,0.));
#6761 = DIRECTION('',(-0.,0.,-1.));
#6762 = DIRECTION('',(0.,1.,0.));
#6763 = ORIENTED_EDGE('',*,*,#6764,.T.);
#6764 = EDGE_CURVE('',#6756,#6737,#6765,.T.);
#6765 = LINE('',#6766,#6767);
#6766 = CARTESIAN_POINT('',(60.4635,-72.379,0.));
#6767 = VECTOR('',#6768,1.);
#6768 = DIRECTION('',(1.,0.,-0.));
#6769 = FACE_BOUND('',#6770,.F.);
#6770 = EDGE_LOOP('',(#6771));
#6771 = ORIENTED_EDGE('',*,*,#6772,.T.);
#6772 = EDGE_CURVE('',#6773,#6773,#6775,.T.);
#6773 = VERTEX_POINT('',#6774);
#6774 = CARTESIAN_POINT('',(113.777,-71.879,0.));
#6775 = CIRCLE('',#6776,0.5);
#6776 = AXIS2_PLACEMENT_3D('',#6777,#6778,#6779);
#6777 = CARTESIAN_POINT('',(113.777,-71.379,0.));
#6778 = DIRECTION('',(-0.,0.,-1.));
#6779 = DIRECTION('',(-0.,-1.,0.));
#6780 = FACE_BOUND('',#6781,.F.);
#6781 = EDGE_LOOP('',(#6782));
#6782 = ORIENTED_EDGE('',*,*,#6783,.T.);
#6783 = EDGE_CURVE('',#6784,#6784,#6786,.T.);
#6784 = VERTEX_POINT('',#6785);
#6785 = CARTESIAN_POINT('',(113.777,-69.379,0.));
#6786 = CIRCLE('',#6787,0.5);
#6787 = AXIS2_PLACEMENT_3D('',#6788,#6789,#6790);
#6788 = CARTESIAN_POINT('',(113.777,-68.879,0.));
#6789 = DIRECTION('',(-0.,0.,-1.));
#6790 = DIRECTION('',(-0.,-1.,0.));
#6791 = FACE_BOUND('',#6792,.F.);
#6792 = EDGE_LOOP('',(#6793));
#6793 = ORIENTED_EDGE('',*,*,#6794,.T.);
#6794 = EDGE_CURVE('',#6795,#6795,#6797,.T.);
#6795 = VERTEX_POINT('',#6796);
#6796 = CARTESIAN_POINT('',(49.398,-64.,0.));
#6797 = CIRCLE('',#6798,0.5);
#6798 = AXIS2_PLACEMENT_3D('',#6799,#6800,#6801);
#6799 = CARTESIAN_POINT('',(49.398,-63.5,0.));
#6800 = DIRECTION('',(-0.,0.,-1.));
#6801 = DIRECTION('',(-0.,-1.,0.));
#6802 = FACE_BOUND('',#6803,.F.);
#6803 = EDGE_LOOP('',(#6804));
#6804 = ORIENTED_EDGE('',*,*,#6805,.T.);
#6805 = EDGE_CURVE('',#6806,#6806,#6808,.T.);
#6806 = VERTEX_POINT('',#6807);
#6807 = CARTESIAN_POINT('',(64.648,-64.,0.));
#6808 = CIRCLE('',#6809,0.5);
#6809 = AXIS2_PLACEMENT_3D('',#6810,#6811,#6812);
#6810 = CARTESIAN_POINT('',(64.648,-63.5,0.));
#6811 = DIRECTION('',(-0.,0.,-1.));
#6812 = DIRECTION('',(-0.,-1.,0.));
#6813 = FACE_BOUND('',#6814,.F.);
#6814 = EDGE_LOOP('',(#6815));
#6815 = ORIENTED_EDGE('',*,*,#6816,.T.);
#6816 = EDGE_CURVE('',#6817,#6817,#6819,.T.);
#6817 = VERTEX_POINT('',#6818);
#6818 = CARTESIAN_POINT('',(49.398,-61.46,0.));
#6819 = CIRCLE('',#6820,0.5);
#6820 = AXIS2_PLACEMENT_3D('',#6821,#6822,#6823);
#6821 = CARTESIAN_POINT('',(49.398,-60.96,0.));
#6822 = DIRECTION('',(-0.,0.,-1.));
#6823 = DIRECTION('',(-0.,-1.,0.));
#6824 = FACE_BOUND('',#6825,.F.);
#6825 = EDGE_LOOP('',(#6826));
#6826 = ORIENTED_EDGE('',*,*,#6827,.T.);
#6827 = EDGE_CURVE('',#6828,#6828,#6830,.T.);
#6828 = VERTEX_POINT('',#6829);
#6829 = CARTESIAN_POINT('',(49.398,-58.92,0.));
#6830 = CIRCLE('',#6831,0.5);
#6831 = AXIS2_PLACEMENT_3D('',#6832,#6833,#6834);
#6832 = CARTESIAN_POINT('',(49.398,-58.42,0.));
#6833 = DIRECTION('',(-0.,0.,-1.));
#6834 = DIRECTION('',(-0.,-1.,0.));
#6835 = FACE_BOUND('',#6836,.F.);
#6836 = EDGE_LOOP('',(#6837));
#6837 = ORIENTED_EDGE('',*,*,#6838,.T.);
#6838 = EDGE_CURVE('',#6839,#6839,#6841,.T.);
#6839 = VERTEX_POINT('',#6840);
#6840 = CARTESIAN_POINT('',(64.648,-61.46,0.));
#6841 = CIRCLE('',#6842,0.5);
#6842 = AXIS2_PLACEMENT_3D('',#6843,#6844,#6845);
#6843 = CARTESIAN_POINT('',(64.648,-60.96,0.));
#6844 = DIRECTION('',(-0.,0.,-1.));
#6845 = DIRECTION('',(-0.,-1.,0.));
#6846 = FACE_BOUND('',#6847,.F.);
#6847 = EDGE_LOOP('',(#6848));
#6848 = ORIENTED_EDGE('',*,*,#6849,.T.);
#6849 = EDGE_CURVE('',#6850,#6850,#6852,.T.);
#6850 = VERTEX_POINT('',#6851);
#6851 = CARTESIAN_POINT('',(64.648,-58.92,0.));
#6852 = CIRCLE('',#6853,0.5);
#6853 = AXIS2_PLACEMENT_3D('',#6854,#6855,#6856);
#6854 = CARTESIAN_POINT('',(64.648,-58.42,0.));
#6855 = DIRECTION('',(-0.,0.,-1.));
#6856 = DIRECTION('',(-0.,-1.,0.));
#6857 = FACE_BOUND('',#6858,.F.);
#6858 = EDGE_LOOP('',(#6859));
#6859 = ORIENTED_EDGE('',*,*,#6860,.T.);
#6860 = EDGE_CURVE('',#6861,#6861,#6863,.T.);
#6861 = VERTEX_POINT('',#6862);
#6862 = CARTESIAN_POINT('',(49.398,-56.38,0.));
#6863 = CIRCLE('',#6864,0.5);
#6864 = AXIS2_PLACEMENT_3D('',#6865,#6866,#6867);
#6865 = CARTESIAN_POINT('',(49.398,-55.88,0.));
#6866 = DIRECTION('',(-0.,0.,-1.));
#6867 = DIRECTION('',(-0.,-1.,0.));
#6868 = FACE_BOUND('',#6869,.F.);
#6869 = EDGE_LOOP('',(#6870));
#6870 = ORIENTED_EDGE('',*,*,#6871,.T.);
#6871 = EDGE_CURVE('',#6872,#6872,#6874,.T.);
#6872 = VERTEX_POINT('',#6873);
#6873 = CARTESIAN_POINT('',(49.398,-53.84,0.));
#6874 = CIRCLE('',#6875,0.5);
#6875 = AXIS2_PLACEMENT_3D('',#6876,#6877,#6878);
#6876 = CARTESIAN_POINT('',(49.398,-53.34,0.));
#6877 = DIRECTION('',(-0.,0.,-1.));
#6878 = DIRECTION('',(-0.,-1.,0.));
#6879 = FACE_BOUND('',#6880,.F.);
#6880 = EDGE_LOOP('',(#6881));
#6881 = ORIENTED_EDGE('',*,*,#6882,.T.);
#6882 = EDGE_CURVE('',#6883,#6883,#6885,.T.);
#6883 = VERTEX_POINT('',#6884);
#6884 = CARTESIAN_POINT('',(64.648,-56.38,0.));
#6885 = CIRCLE('',#6886,0.5);
#6886 = AXIS2_PLACEMENT_3D('',#6887,#6888,#6889);
#6887 = CARTESIAN_POINT('',(64.648,-55.88,0.));
#6888 = DIRECTION('',(-0.,0.,-1.));
#6889 = DIRECTION('',(-0.,-1.,0.));
#6890 = FACE_BOUND('',#6891,.F.);
#6891 = EDGE_LOOP('',(#6892));
#6892 = ORIENTED_EDGE('',*,*,#6893,.T.);
#6893 = EDGE_CURVE('',#6894,#6894,#6896,.T.);
#6894 = VERTEX_POINT('',#6895);
#6895 = CARTESIAN_POINT('',(64.648,-53.84,0.));
#6896 = CIRCLE('',#6897,0.5);
#6897 = AXIS2_PLACEMENT_3D('',#6898,#6899,#6900);
#6898 = CARTESIAN_POINT('',(64.648,-53.34,0.));
#6899 = DIRECTION('',(-0.,0.,-1.));
#6900 = DIRECTION('',(-0.,-1.,0.));
#6901 = FACE_BOUND('',#6902,.F.);
#6902 = EDGE_LOOP('',(#6903));
#6903 = ORIENTED_EDGE('',*,*,#6904,.T.);
#6904 = EDGE_CURVE('',#6905,#6905,#6907,.T.);
#6905 = VERTEX_POINT('',#6906);
#6906 = CARTESIAN_POINT('',(49.398,-51.3,0.));
#6907 = CIRCLE('',#6908,0.5);
#6908 = AXIS2_PLACEMENT_3D('',#6909,#6910,#6911);
#6909 = CARTESIAN_POINT('',(49.398,-50.8,0.));
#6910 = DIRECTION('',(-0.,0.,-1.));
#6911 = DIRECTION('',(-0.,-1.,0.));
#6912 = FACE_BOUND('',#6913,.F.);
#6913 = EDGE_LOOP('',(#6914));
#6914 = ORIENTED_EDGE('',*,*,#6915,.T.);
#6915 = EDGE_CURVE('',#6916,#6916,#6918,.T.);
#6916 = VERTEX_POINT('',#6917);
#6917 = CARTESIAN_POINT('',(49.398,-48.76,0.));
#6918 = CIRCLE('',#6919,0.5);
#6919 = AXIS2_PLACEMENT_3D('',#6920,#6921,#6922);
#6920 = CARTESIAN_POINT('',(49.398,-48.26,0.));
#6921 = DIRECTION('',(-0.,0.,-1.));
#6922 = DIRECTION('',(-0.,-1.,0.));
#6923 = FACE_BOUND('',#6924,.F.);
#6924 = EDGE_LOOP('',(#6925));
#6925 = ORIENTED_EDGE('',*,*,#6926,.T.);
#6926 = EDGE_CURVE('',#6927,#6927,#6929,.T.);
#6927 = VERTEX_POINT('',#6928);
#6928 = CARTESIAN_POINT('',(64.648,-51.3,0.));
#6929 = CIRCLE('',#6930,0.5);
#6930 = AXIS2_PLACEMENT_3D('',#6931,#6932,#6933);
#6931 = CARTESIAN_POINT('',(64.648,-50.8,0.));
#6932 = DIRECTION('',(-0.,0.,-1.));
#6933 = DIRECTION('',(-0.,-1.,0.));
#6934 = FACE_BOUND('',#6935,.F.);
#6935 = EDGE_LOOP('',(#6936));
#6936 = ORIENTED_EDGE('',*,*,#6937,.T.);
#6937 = EDGE_CURVE('',#6938,#6938,#6940,.T.);
#6938 = VERTEX_POINT('',#6939);
#6939 = CARTESIAN_POINT('',(64.648,-48.76,0.));
#6940 = CIRCLE('',#6941,0.5);
#6941 = AXIS2_PLACEMENT_3D('',#6942,#6943,#6944);
#6942 = CARTESIAN_POINT('',(64.648,-48.26,0.));
#6943 = DIRECTION('',(-0.,0.,-1.));
#6944 = DIRECTION('',(-0.,-1.,0.));
#6945 = FACE_BOUND('',#6946,.F.);
#6946 = EDGE_LOOP('',(#6947));
#6947 = ORIENTED_EDGE('',*,*,#6948,.T.);
#6948 = EDGE_CURVE('',#6949,#6949,#6951,.T.);
#6949 = VERTEX_POINT('',#6950);
#6950 = CARTESIAN_POINT('',(93.345,-67.017,0.));
#6951 = CIRCLE('',#6952,0.85);
#6952 = AXIS2_PLACEMENT_3D('',#6953,#6954,#6955);
#6953 = CARTESIAN_POINT('',(93.345,-66.167,0.));
#6954 = DIRECTION('',(-0.,0.,-1.));
#6955 = DIRECTION('',(-0.,-1.,0.));
#6956 = FACE_BOUND('',#6957,.F.);
#6957 = EDGE_LOOP('',(#6958));
#6958 = ORIENTED_EDGE('',*,*,#6959,.T.);
#6959 = EDGE_CURVE('',#6960,#6960,#6962,.T.);
#6960 = VERTEX_POINT('',#6961);
#6961 = CARTESIAN_POINT('',(94.615,-64.377,0.));
#6962 = CIRCLE('',#6963,0.75);
#6963 = AXIS2_PLACEMENT_3D('',#6964,#6965,#6966);
#6964 = CARTESIAN_POINT('',(94.615,-63.627,0.));
#6965 = DIRECTION('',(-0.,0.,-1.));
#6966 = DIRECTION('',(-0.,-1.,0.));
#6967 = FACE_BOUND('',#6968,.F.);
#6968 = EDGE_LOOP('',(#6969));
#6969 = ORIENTED_EDGE('',*,*,#6970,.T.);
#6970 = EDGE_CURVE('',#6971,#6971,#6973,.T.);
#6971 = VERTEX_POINT('',#6972);
#6972 = CARTESIAN_POINT('',(98.425,-68.167,0.));
#6973 = CIRCLE('',#6974,2.);
#6974 = AXIS2_PLACEMENT_3D('',#6975,#6976,#6977);
#6975 = CARTESIAN_POINT('',(98.425,-66.167,0.));
#6976 = DIRECTION('',(-0.,0.,-1.));
#6977 = DIRECTION('',(-0.,-1.,0.));
#6978 = FACE_BOUND('',#6979,.F.);
#6979 = EDGE_LOOP('',(#6980));
#6980 = ORIENTED_EDGE('',*,*,#6981,.T.);
#6981 = EDGE_CURVE('',#6982,#6982,#6984,.T.);
#6982 = VERTEX_POINT('',#6983);
#6983 = CARTESIAN_POINT('',(103.505,-67.017,0.));
#6984 = CIRCLE('',#6985,0.85);
#6985 = AXIS2_PLACEMENT_3D('',#6986,#6987,#6988);
#6986 = CARTESIAN_POINT('',(103.505,-66.167,0.));
#6987 = DIRECTION('',(-0.,0.,-1.));
#6988 = DIRECTION('',(-0.,-1.,0.));
#6989 = FACE_BOUND('',#6990,.F.);
#6990 = EDGE_LOOP('',(#6991));
#6991 = ORIENTED_EDGE('',*,*,#6992,.T.);
#6992 = EDGE_CURVE('',#6993,#6993,#6995,.T.);
#6993 = VERTEX_POINT('',#6994);
#6994 = CARTESIAN_POINT('',(100.965,-61.837,0.));
#6995 = CIRCLE('',#6996,0.75);
#6996 = AXIS2_PLACEMENT_3D('',#6997,#6998,#6999);
#6997 = CARTESIAN_POINT('',(100.965,-61.087,0.));
#6998 = DIRECTION('',(-0.,0.,-1.));
#6999 = DIRECTION('',(-0.,-1.,0.));
#7000 = FACE_BOUND('',#7001,.F.);
#7001 = EDGE_LOOP('',(#7002));
#7002 = ORIENTED_EDGE('',*,*,#7003,.T.);
#7003 = EDGE_CURVE('',#7004,#7004,#7006,.T.);
#7004 = VERTEX_POINT('',#7005);
#7005 = CARTESIAN_POINT('',(113.777,-66.879,0.));
#7006 = CIRCLE('',#7007,0.5);
#7007 = AXIS2_PLACEMENT_3D('',#7008,#7009,#7010);
#7008 = CARTESIAN_POINT('',(113.777,-66.379,0.));
#7009 = DIRECTION('',(-0.,0.,-1.));
#7010 = DIRECTION('',(-0.,-1.,0.));
#7011 = FACE_BOUND('',#7012,.F.);
#7012 = EDGE_LOOP('',(#7013,#7024,#7032,#7041));
#7013 = ORIENTED_EDGE('',*,*,#7014,.T.);
#7014 = EDGE_CURVE('',#7015,#7017,#7019,.T.);
#7015 = VERTEX_POINT('',#7016);
#7016 = CARTESIAN_POINT('',(120.927,-63.579,0.));
#7017 = VERTEX_POINT('',#7018);
#7018 = CARTESIAN_POINT('',(120.927,-65.379,0.));
#7019 = CIRCLE('',#7020,0.9);
#7020 = AXIS2_PLACEMENT_3D('',#7021,#7022,#7023);
#7021 = CARTESIAN_POINT('',(120.927,-64.479,0.));
#7022 = DIRECTION('',(-0.,0.,-1.));
#7023 = DIRECTION('',(-0.,-1.,0.));
#7024 = ORIENTED_EDGE('',*,*,#7025,.T.);
#7025 = EDGE_CURVE('',#7017,#7026,#7028,.T.);
#7026 = VERTEX_POINT('',#7027);
#7027 = CARTESIAN_POINT('',(120.627,-65.379,0.));
#7028 = LINE('',#7029,#7030);
#7029 = CARTESIAN_POINT('',(60.3135,-65.379,0.));
#7030 = VECTOR('',#7031,1.);
#7031 = DIRECTION('',(-1.,0.,0.));
#7032 = ORIENTED_EDGE('',*,*,#7033,.T.);
#7033 = EDGE_CURVE('',#7026,#7034,#7036,.T.);
#7034 = VERTEX_POINT('',#7035);
#7035 = CARTESIAN_POINT('',(120.627,-63.579,0.));
#7036 = CIRCLE('',#7037,0.9);
#7037 = AXIS2_PLACEMENT_3D('',#7038,#7039,#7040);
#7038 = CARTESIAN_POINT('',(120.627,-64.479,0.));
#7039 = DIRECTION('',(-0.,0.,-1.));
#7040 = DIRECTION('',(0.,1.,0.));
#7041 = ORIENTED_EDGE('',*,*,#7042,.T.);
#7042 = EDGE_CURVE('',#7034,#7015,#7043,.T.);
#7043 = LINE('',#7044,#7045);
#7044 = CARTESIAN_POINT('',(60.4635,-63.579,0.));
#7045 = VECTOR('',#7046,1.);
#7046 = DIRECTION('',(1.,0.,-0.));
#7047 = FACE_BOUND('',#7048,.F.);
#7048 = EDGE_LOOP('',(#7049));
#7049 = ORIENTED_EDGE('',*,*,#7050,.T.);
#7050 = EDGE_CURVE('',#7051,#7051,#7053,.T.);
#7051 = VERTEX_POINT('',#7052);
#7052 = CARTESIAN_POINT('',(118.9686,-52.2144,0.));
#7053 = CIRCLE('',#7054,0.5);
#7054 = AXIS2_PLACEMENT_3D('',#7055,#7056,#7057);
#7055 = CARTESIAN_POINT('',(118.9686,-51.7144,0.));
#7056 = DIRECTION('',(-0.,0.,-1.));
#7057 = DIRECTION('',(-0.,-1.,0.));
#7058 = FACE_BOUND('',#7059,.F.);
#7059 = EDGE_LOOP('',(#7060));
#7060 = ORIENTED_EDGE('',*,*,#7061,.T.);
#7061 = EDGE_CURVE('',#7062,#7062,#7064,.T.);
#7062 = VERTEX_POINT('',#7063);
#7063 = CARTESIAN_POINT('',(121.5086,-52.2144,0.));
#7064 = CIRCLE('',#7065,0.5);
#7065 = AXIS2_PLACEMENT_3D('',#7066,#7067,#7068);
#7066 = CARTESIAN_POINT('',(121.5086,-51.7144,0.));
#7067 = DIRECTION('',(-0.,0.,-1.));
#7068 = DIRECTION('',(-0.,-1.,0.));
#7069 = PLANE('',#7070);
#7070 = AXIS2_PLACEMENT_3D('',#7071,#7072,#7073);
#7071 = CARTESIAN_POINT('',(0.,0.,0.));
#7072 = DIRECTION('',(0.,0.,1.));
#7073 = DIRECTION('',(1.,0.,-0.));
#7074 = ADVANCED_FACE('',(#7075,#7086,#7097,#7108,#7119,#7130,#7141,
    #7152,#7163,#7174,#7185,#7196,#7207,#7218,#7229,#7240,#7251,#7262,
    #7273,#7284,#7295,#7306,#7317,#7328,#7339,#7350,#7361,#7372,#7383,
    #7394,#7405,#7416,#7427,#7463,#7474,#7485,#7496,#7507,#7518,#7529,
    #7540,#7551,#7562,#7573,#7584,#7595,#7606,#7617,#7628,#7639,#7650,
    #7661,#7672,#7683,#7694,#7705,#7741,#7752),#7763,.T.);
#7075 = FACE_BOUND('',#7076,.T.);
#7076 = EDGE_LOOP('',(#7077,#7078,#7079,#7085));
#7077 = ORIENTED_EDGE('',*,*,#6292,.F.);
#7078 = ORIENTED_EDGE('',*,*,#6332,.F.);
#7079 = ORIENTED_EDGE('',*,*,#7080,.F.);
#7080 = EDGE_CURVE('',#6355,#6325,#7081,.T.);
#7081 = LINE('',#7082,#7083);
#7082 = CARTESIAN_POINT('',(45.466,-45.2882,1.51));
#7083 = VECTOR('',#7084,1.);
#7084 = DIRECTION('',(1.,0.,0.));
#7085 = ORIENTED_EDGE('',*,*,#6354,.F.);
#7086 = FACE_BOUND('',#7087,.T.);
#7087 = EDGE_LOOP('',(#7088));
#7088 = ORIENTED_EDGE('',*,*,#7089,.T.);
#7089 = EDGE_CURVE('',#7090,#7090,#7092,.T.);
#7090 = VERTEX_POINT('',#7091);
#7091 = CARTESIAN_POINT('',(51.096,-84.307,1.51));
#7092 = CIRCLE('',#7093,0.4);
#7093 = AXIS2_PLACEMENT_3D('',#7094,#7095,#7096);
#7094 = CARTESIAN_POINT('',(51.096,-83.907,1.51));
#7095 = DIRECTION('',(-0.,0.,-1.));
#7096 = DIRECTION('',(-1.7763568394E-14,-1.,0.));
#7097 = FACE_BOUND('',#7098,.T.);
#7098 = EDGE_LOOP('',(#7099));
#7099 = ORIENTED_EDGE('',*,*,#7100,.T.);
#7100 = EDGE_CURVE('',#7101,#7101,#7103,.T.);
#7101 = VERTEX_POINT('',#7102);
#7102 = CARTESIAN_POINT('',(55.146,-84.307,1.51));
#7103 = CIRCLE('',#7104,0.4);
#7104 = AXIS2_PLACEMENT_3D('',#7105,#7106,#7107);
#7105 = CARTESIAN_POINT('',(55.146,-83.907,1.51));
#7106 = DIRECTION('',(-0.,0.,-1.));
#7107 = DIRECTION('',(-0.,-1.,0.));
#7108 = FACE_BOUND('',#7109,.T.);
#7109 = EDGE_LOOP('',(#7110));
#7110 = ORIENTED_EDGE('',*,*,#7111,.T.);
#7111 = EDGE_CURVE('',#7112,#7112,#7114,.T.);
#7112 = VERTEX_POINT('',#7113);
#7113 = CARTESIAN_POINT('',(59.196,-84.307,1.51));
#7114 = CIRCLE('',#7115,0.4);
#7115 = AXIS2_PLACEMENT_3D('',#7116,#7117,#7118);
#7116 = CARTESIAN_POINT('',(59.196,-83.907,1.51));
#7117 = DIRECTION('',(-0.,0.,-1.));
#7118 = DIRECTION('',(-0.,-1.,0.));
#7119 = FACE_BOUND('',#7120,.T.);
#7120 = EDGE_LOOP('',(#7121));
#7121 = ORIENTED_EDGE('',*,*,#7122,.T.);
#7122 = EDGE_CURVE('',#7123,#7123,#7125,.T.);
#7123 = VERTEX_POINT('',#7124);
#7124 = CARTESIAN_POINT('',(63.246,-84.307,1.51));
#7125 = CIRCLE('',#7126,0.4);
#7126 = AXIS2_PLACEMENT_3D('',#7127,#7128,#7129);
#7127 = CARTESIAN_POINT('',(63.246,-83.907,1.51));
#7128 = DIRECTION('',(-0.,0.,-1.));
#7129 = DIRECTION('',(1.7763568394E-14,-1.,-0.));
#7130 = FACE_BOUND('',#7131,.T.);
#7131 = EDGE_LOOP('',(#7132));
#7132 = ORIENTED_EDGE('',*,*,#7133,.T.);
#7133 = EDGE_CURVE('',#7134,#7134,#7136,.T.);
#7134 = VERTEX_POINT('',#7135);
#7135 = CARTESIAN_POINT('',(51.096,-81.807,1.51));
#7136 = CIRCLE('',#7137,0.4);
#7137 = AXIS2_PLACEMENT_3D('',#7138,#7139,#7140);
#7138 = CARTESIAN_POINT('',(51.096,-81.407,1.51));
#7139 = DIRECTION('',(-0.,0.,-1.));
#7140 = DIRECTION('',(-1.7763568394E-14,-1.,0.));
#7141 = FACE_BOUND('',#7142,.T.);
#7142 = EDGE_LOOP('',(#7143));
#7143 = ORIENTED_EDGE('',*,*,#7144,.T.);
#7144 = EDGE_CURVE('',#7145,#7145,#7147,.T.);
#7145 = VERTEX_POINT('',#7146);
#7146 = CARTESIAN_POINT('',(55.146,-81.807,1.51));
#7147 = CIRCLE('',#7148,0.4);
#7148 = AXIS2_PLACEMENT_3D('',#7149,#7150,#7151);
#7149 = CARTESIAN_POINT('',(55.146,-81.407,1.51));
#7150 = DIRECTION('',(-0.,0.,-1.));
#7151 = DIRECTION('',(-0.,-1.,0.));
#7152 = FACE_BOUND('',#7153,.T.);
#7153 = EDGE_LOOP('',(#7154));
#7154 = ORIENTED_EDGE('',*,*,#7155,.T.);
#7155 = EDGE_CURVE('',#7156,#7156,#7158,.T.);
#7156 = VERTEX_POINT('',#7157);
#7157 = CARTESIAN_POINT('',(50.955,-78.124,1.51));
#7158 = CIRCLE('',#7159,0.4);
#7159 = AXIS2_PLACEMENT_3D('',#7160,#7161,#7162);
#7160 = CARTESIAN_POINT('',(50.955,-77.724,1.51));
#7161 = DIRECTION('',(-0.,0.,-1.));
#7162 = DIRECTION('',(-0.,-1.,0.));
#7163 = FACE_BOUND('',#7164,.T.);
#7164 = EDGE_LOOP('',(#7165));
#7165 = ORIENTED_EDGE('',*,*,#7166,.T.);
#7166 = EDGE_CURVE('',#7167,#7167,#7169,.T.);
#7167 = VERTEX_POINT('',#7168);
#7168 = CARTESIAN_POINT('',(55.005,-78.124,1.51));
#7169 = CIRCLE('',#7170,0.4);
#7170 = AXIS2_PLACEMENT_3D('',#7171,#7172,#7173);
#7171 = CARTESIAN_POINT('',(55.005,-77.724,1.51));
#7172 = DIRECTION('',(-0.,0.,-1.));
#7173 = DIRECTION('',(1.7763568394E-14,-1.,-0.));
#7174 = FACE_BOUND('',#7175,.T.);
#7175 = EDGE_LOOP('',(#7176));
#7176 = ORIENTED_EDGE('',*,*,#7177,.T.);
#7177 = EDGE_CURVE('',#7178,#7178,#7180,.T.);
#7178 = VERTEX_POINT('',#7179);
#7179 = CARTESIAN_POINT('',(59.196,-81.807,1.51));
#7180 = CIRCLE('',#7181,0.4);
#7181 = AXIS2_PLACEMENT_3D('',#7182,#7183,#7184);
#7182 = CARTESIAN_POINT('',(59.196,-81.407,1.51));
#7183 = DIRECTION('',(-0.,0.,-1.));
#7184 = DIRECTION('',(-0.,-1.,0.));
#7185 = FACE_BOUND('',#7186,.T.);
#7186 = EDGE_LOOP('',(#7187));
#7187 = ORIENTED_EDGE('',*,*,#7188,.T.);
#7188 = EDGE_CURVE('',#7189,#7189,#7191,.T.);
#7189 = VERTEX_POINT('',#7190);
#7190 = CARTESIAN_POINT('',(63.246,-81.807,1.51));
#7191 = CIRCLE('',#7192,0.4);
#7192 = AXIS2_PLACEMENT_3D('',#7193,#7194,#7195);
#7193 = CARTESIAN_POINT('',(63.246,-81.407,1.51));
#7194 = DIRECTION('',(-0.,0.,-1.));
#7195 = DIRECTION('',(1.7763568394E-14,-1.,-0.));
#7196 = FACE_BOUND('',#7197,.T.);
#7197 = EDGE_LOOP('',(#7198));
#7198 = ORIENTED_EDGE('',*,*,#7199,.T.);
#7199 = EDGE_CURVE('',#7200,#7200,#7202,.T.);
#7200 = VERTEX_POINT('',#7201);
#7201 = CARTESIAN_POINT('',(59.055,-78.124,1.51));
#7202 = CIRCLE('',#7203,0.4);
#7203 = AXIS2_PLACEMENT_3D('',#7204,#7205,#7206);
#7204 = CARTESIAN_POINT('',(59.055,-77.724,1.51));
#7205 = DIRECTION('',(-0.,0.,-1.));
#7206 = DIRECTION('',(-0.,-1.,0.));
#7207 = FACE_BOUND('',#7208,.T.);
#7208 = EDGE_LOOP('',(#7209));
#7209 = ORIENTED_EDGE('',*,*,#7210,.T.);
#7210 = EDGE_CURVE('',#7211,#7211,#7213,.T.);
#7211 = VERTEX_POINT('',#7212);
#7212 = CARTESIAN_POINT('',(63.105,-78.124,1.51));
#7213 = CIRCLE('',#7214,0.4);
#7214 = AXIS2_PLACEMENT_3D('',#7215,#7216,#7217);
#7215 = CARTESIAN_POINT('',(63.105,-77.724,1.51));
#7216 = DIRECTION('',(-0.,0.,-1.));
#7217 = DIRECTION('',(-1.7763568394E-14,-1.,0.));
#7218 = FACE_BOUND('',#7219,.T.);
#7219 = EDGE_LOOP('',(#7220));
#7220 = ORIENTED_EDGE('',*,*,#7221,.T.);
#7221 = EDGE_CURVE('',#7222,#7222,#7224,.T.);
#7222 = VERTEX_POINT('',#7223);
#7223 = CARTESIAN_POINT('',(74.295,-86.067,1.51));
#7224 = CIRCLE('',#7225,0.85);
#7225 = AXIS2_PLACEMENT_3D('',#7226,#7227,#7228);
#7226 = CARTESIAN_POINT('',(74.295,-85.217,1.51));
#7227 = DIRECTION('',(-0.,0.,-1.));
#7228 = DIRECTION('',(1.671865260612E-14,-1.,-0.));
#7229 = FACE_BOUND('',#7230,.T.);
#7230 = EDGE_LOOP('',(#7231));
#7231 = ORIENTED_EDGE('',*,*,#7232,.T.);
#7232 = EDGE_CURVE('',#7233,#7233,#7235,.T.);
#7233 = VERTEX_POINT('',#7234);
#7234 = CARTESIAN_POINT('',(75.565,-83.427,1.51));
#7235 = CIRCLE('',#7236,0.75);
#7236 = AXIS2_PLACEMENT_3D('',#7237,#7238,#7239);
#7237 = CARTESIAN_POINT('',(75.565,-82.677,1.51));
#7238 = DIRECTION('',(-0.,0.,-1.));
#7239 = DIRECTION('',(-0.,-1.,0.));
#7240 = FACE_BOUND('',#7241,.T.);
#7241 = EDGE_LOOP('',(#7242));
#7242 = ORIENTED_EDGE('',*,*,#7243,.T.);
#7243 = EDGE_CURVE('',#7244,#7244,#7246,.T.);
#7244 = VERTEX_POINT('',#7245);
#7245 = CARTESIAN_POINT('',(79.375,-87.217,1.51));
#7246 = CIRCLE('',#7247,2.);
#7247 = AXIS2_PLACEMENT_3D('',#7248,#7249,#7250);
#7248 = CARTESIAN_POINT('',(79.375,-85.217,1.51));
#7249 = DIRECTION('',(-0.,0.,-1.));
#7250 = DIRECTION('',(-0.,-1.,0.));
#7251 = FACE_BOUND('',#7252,.T.);
#7252 = EDGE_LOOP('',(#7253));
#7253 = ORIENTED_EDGE('',*,*,#7254,.T.);
#7254 = EDGE_CURVE('',#7255,#7255,#7257,.T.);
#7255 = VERTEX_POINT('',#7256);
#7256 = CARTESIAN_POINT('',(84.455,-86.067,1.51));
#7257 = CIRCLE('',#7258,0.85);
#7258 = AXIS2_PLACEMENT_3D('',#7259,#7260,#7261);
#7259 = CARTESIAN_POINT('',(84.455,-85.217,1.51));
#7260 = DIRECTION('',(-0.,0.,-1.));
#7261 = DIRECTION('',(-1.671865260612E-14,-1.,0.));
#7262 = FACE_BOUND('',#7263,.T.);
#7263 = EDGE_LOOP('',(#7264));
#7264 = ORIENTED_EDGE('',*,*,#7265,.T.);
#7265 = EDGE_CURVE('',#7266,#7266,#7268,.T.);
#7266 = VERTEX_POINT('',#7267);
#7267 = CARTESIAN_POINT('',(81.915,-80.887,1.51));
#7268 = CIRCLE('',#7269,0.75);
#7269 = AXIS2_PLACEMENT_3D('',#7270,#7271,#7272);
#7270 = CARTESIAN_POINT('',(81.915,-80.137,1.51));
#7271 = DIRECTION('',(-0.,0.,-1.));
#7272 = DIRECTION('',(-0.,-1.,0.));
#7273 = FACE_BOUND('',#7274,.T.);
#7274 = EDGE_LOOP('',(#7275));
#7275 = ORIENTED_EDGE('',*,*,#7276,.T.);
#7276 = EDGE_CURVE('',#7277,#7277,#7279,.T.);
#7277 = VERTEX_POINT('',#7278);
#7278 = CARTESIAN_POINT('',(50.955,-70.504,1.51));
#7279 = CIRCLE('',#7280,0.4);
#7280 = AXIS2_PLACEMENT_3D('',#7281,#7282,#7283);
#7281 = CARTESIAN_POINT('',(50.955,-70.104,1.51));
#7282 = DIRECTION('',(-0.,0.,-1.));
#7283 = DIRECTION('',(-0.,-1.,0.));
#7284 = FACE_BOUND('',#7285,.T.);
#7285 = EDGE_LOOP('',(#7286));
#7286 = ORIENTED_EDGE('',*,*,#7287,.T.);
#7287 = EDGE_CURVE('',#7288,#7288,#7290,.T.);
#7288 = VERTEX_POINT('',#7289);
#7289 = CARTESIAN_POINT('',(55.005,-70.504,1.51));
#7290 = CIRCLE('',#7291,0.4);
#7291 = AXIS2_PLACEMENT_3D('',#7292,#7293,#7294);
#7292 = CARTESIAN_POINT('',(55.005,-70.104,1.51));
#7293 = DIRECTION('',(-0.,0.,-1.));
#7294 = DIRECTION('',(1.7763568394E-14,-1.,-0.));
#7295 = FACE_BOUND('',#7296,.T.);
#7296 = EDGE_LOOP('',(#7297));
#7297 = ORIENTED_EDGE('',*,*,#7298,.T.);
#7298 = EDGE_CURVE('',#7299,#7299,#7301,.T.);
#7299 = VERTEX_POINT('',#7300);
#7300 = CARTESIAN_POINT('',(59.055,-70.504,1.51));
#7301 = CIRCLE('',#7302,0.4);
#7302 = AXIS2_PLACEMENT_3D('',#7303,#7304,#7305);
#7303 = CARTESIAN_POINT('',(59.055,-70.104,1.51));
#7304 = DIRECTION('',(-0.,0.,-1.));
#7305 = DIRECTION('',(-0.,-1.,0.));
#7306 = FACE_BOUND('',#7307,.T.);
#7307 = EDGE_LOOP('',(#7308));
#7308 = ORIENTED_EDGE('',*,*,#7309,.T.);
#7309 = EDGE_CURVE('',#7310,#7310,#7312,.T.);
#7310 = VERTEX_POINT('',#7311);
#7311 = CARTESIAN_POINT('',(63.105,-70.504,1.51));
#7312 = CIRCLE('',#7313,0.4);
#7313 = AXIS2_PLACEMENT_3D('',#7314,#7315,#7316);
#7314 = CARTESIAN_POINT('',(63.105,-70.104,1.51));
#7315 = DIRECTION('',(-0.,0.,-1.));
#7316 = DIRECTION('',(-1.7763568394E-14,-1.,0.));
#7317 = FACE_BOUND('',#7318,.T.);
#7318 = EDGE_LOOP('',(#7319));
#7319 = ORIENTED_EDGE('',*,*,#7320,.T.);
#7320 = EDGE_CURVE('',#7321,#7321,#7323,.T.);
#7321 = VERTEX_POINT('',#7322);
#7322 = CARTESIAN_POINT('',(93.345,-86.067,1.51));
#7323 = CIRCLE('',#7324,0.85);
#7324 = AXIS2_PLACEMENT_3D('',#7325,#7326,#7327);
#7325 = CARTESIAN_POINT('',(93.345,-85.217,1.51));
#7326 = DIRECTION('',(-0.,0.,-1.));
#7327 = DIRECTION('',(-0.,-1.,0.));
#7328 = FACE_BOUND('',#7329,.T.);
#7329 = EDGE_LOOP('',(#7330));
#7330 = ORIENTED_EDGE('',*,*,#7331,.T.);
#7331 = EDGE_CURVE('',#7332,#7332,#7334,.T.);
#7332 = VERTEX_POINT('',#7333);
#7333 = CARTESIAN_POINT('',(94.615,-83.427,1.51));
#7334 = CIRCLE('',#7335,0.75);
#7335 = AXIS2_PLACEMENT_3D('',#7336,#7337,#7338);
#7336 = CARTESIAN_POINT('',(94.615,-82.677,1.51));
#7337 = DIRECTION('',(-0.,0.,-1.));
#7338 = DIRECTION('',(-0.,-1.,0.));
#7339 = FACE_BOUND('',#7340,.T.);
#7340 = EDGE_LOOP('',(#7341));
#7341 = ORIENTED_EDGE('',*,*,#7342,.T.);
#7342 = EDGE_CURVE('',#7343,#7343,#7345,.T.);
#7343 = VERTEX_POINT('',#7344);
#7344 = CARTESIAN_POINT('',(98.425,-87.217,1.51));
#7345 = CIRCLE('',#7346,2.);
#7346 = AXIS2_PLACEMENT_3D('',#7347,#7348,#7349);
#7347 = CARTESIAN_POINT('',(98.425,-85.217,1.51));
#7348 = DIRECTION('',(-0.,0.,-1.));
#7349 = DIRECTION('',(-0.,-1.,0.));
#7350 = FACE_BOUND('',#7351,.T.);
#7351 = EDGE_LOOP('',(#7352));
#7352 = ORIENTED_EDGE('',*,*,#7353,.T.);
#7353 = EDGE_CURVE('',#7354,#7354,#7356,.T.);
#7354 = VERTEX_POINT('',#7355);
#7355 = CARTESIAN_POINT('',(103.505,-86.067,1.51));
#7356 = CIRCLE('',#7357,0.85);
#7357 = AXIS2_PLACEMENT_3D('',#7358,#7359,#7360);
#7358 = CARTESIAN_POINT('',(103.505,-85.217,1.51));
#7359 = DIRECTION('',(-0.,0.,-1.));
#7360 = DIRECTION('',(-0.,-1.,0.));
#7361 = FACE_BOUND('',#7362,.T.);
#7362 = EDGE_LOOP('',(#7363));
#7363 = ORIENTED_EDGE('',*,*,#7364,.T.);
#7364 = EDGE_CURVE('',#7365,#7365,#7367,.T.);
#7365 = VERTEX_POINT('',#7366);
#7366 = CARTESIAN_POINT('',(100.965,-80.887,1.51));
#7367 = CIRCLE('',#7368,0.75);
#7368 = AXIS2_PLACEMENT_3D('',#7369,#7370,#7371);
#7369 = CARTESIAN_POINT('',(100.965,-80.137,1.51));
#7370 = DIRECTION('',(-0.,0.,-1.));
#7371 = DIRECTION('',(-0.,-1.,0.));
#7372 = FACE_BOUND('',#7373,.T.);
#7373 = EDGE_LOOP('',(#7374));
#7374 = ORIENTED_EDGE('',*,*,#7375,.T.);
#7375 = EDGE_CURVE('',#7376,#7376,#7378,.T.);
#7376 = VERTEX_POINT('',#7377);
#7377 = CARTESIAN_POINT('',(112.395,-86.067,1.51));
#7378 = CIRCLE('',#7379,0.85);
#7379 = AXIS2_PLACEMENT_3D('',#7380,#7381,#7382);
#7380 = CARTESIAN_POINT('',(112.395,-85.217,1.51));
#7381 = DIRECTION('',(-0.,0.,-1.));
#7382 = DIRECTION('',(-1.671865260612E-14,-1.,0.));
#7383 = FACE_BOUND('',#7384,.T.);
#7384 = EDGE_LOOP('',(#7385));
#7385 = ORIENTED_EDGE('',*,*,#7386,.T.);
#7386 = EDGE_CURVE('',#7387,#7387,#7389,.T.);
#7387 = VERTEX_POINT('',#7388);
#7388 = CARTESIAN_POINT('',(113.665,-83.427,1.51));
#7389 = CIRCLE('',#7390,0.75);
#7390 = AXIS2_PLACEMENT_3D('',#7391,#7392,#7393);
#7391 = CARTESIAN_POINT('',(113.665,-82.677,1.51));
#7392 = DIRECTION('',(-0.,0.,-1.));
#7393 = DIRECTION('',(-0.,-1.,0.));
#7394 = FACE_BOUND('',#7395,.T.);
#7395 = EDGE_LOOP('',(#7396));
#7396 = ORIENTED_EDGE('',*,*,#7397,.T.);
#7397 = EDGE_CURVE('',#7398,#7398,#7400,.T.);
#7398 = VERTEX_POINT('',#7399);
#7399 = CARTESIAN_POINT('',(117.475,-87.217,1.51));
#7400 = CIRCLE('',#7401,2.);
#7401 = AXIS2_PLACEMENT_3D('',#7402,#7403,#7404);
#7402 = CARTESIAN_POINT('',(117.475,-85.217,1.51));
#7403 = DIRECTION('',(-0.,0.,-1.));
#7404 = DIRECTION('',(-0.,-1.,0.));
#7405 = FACE_BOUND('',#7406,.T.);
#7406 = EDGE_LOOP('',(#7407));
#7407 = ORIENTED_EDGE('',*,*,#7408,.T.);
#7408 = EDGE_CURVE('',#7409,#7409,#7411,.T.);
#7409 = VERTEX_POINT('',#7410);
#7410 = CARTESIAN_POINT('',(122.555,-86.067,1.51));
#7411 = CIRCLE('',#7412,0.85);
#7412 = AXIS2_PLACEMENT_3D('',#7413,#7414,#7415);
#7413 = CARTESIAN_POINT('',(122.555,-85.217,1.51));
#7414 = DIRECTION('',(-0.,0.,-1.));
#7415 = DIRECTION('',(-0.,-1.,0.));
#7416 = FACE_BOUND('',#7417,.T.);
#7417 = EDGE_LOOP('',(#7418));
#7418 = ORIENTED_EDGE('',*,*,#7419,.T.);
#7419 = EDGE_CURVE('',#7420,#7420,#7422,.T.);
#7420 = VERTEX_POINT('',#7421);
#7421 = CARTESIAN_POINT('',(120.015,-80.887,1.51));
#7422 = CIRCLE('',#7423,0.75);
#7423 = AXIS2_PLACEMENT_3D('',#7424,#7425,#7426);
#7424 = CARTESIAN_POINT('',(120.015,-80.137,1.51));
#7425 = DIRECTION('',(-0.,0.,-1.));
#7426 = DIRECTION('',(-0.,-1.,0.));
#7427 = FACE_BOUND('',#7428,.T.);
#7428 = EDGE_LOOP('',(#7429,#7440,#7448,#7457));
#7429 = ORIENTED_EDGE('',*,*,#7430,.T.);
#7430 = EDGE_CURVE('',#7431,#7433,#7435,.T.);
#7431 = VERTEX_POINT('',#7432);
#7432 = CARTESIAN_POINT('',(120.927,-72.379,1.51));
#7433 = VERTEX_POINT('',#7434);
#7434 = CARTESIAN_POINT('',(120.927,-74.179,1.51));
#7435 = CIRCLE('',#7436,0.9);
#7436 = AXIS2_PLACEMENT_3D('',#7437,#7438,#7439);
#7437 = CARTESIAN_POINT('',(120.927,-73.279,1.51));
#7438 = DIRECTION('',(-0.,0.,-1.));
#7439 = DIRECTION('',(-0.,-1.,0.));
#7440 = ORIENTED_EDGE('',*,*,#7441,.T.);
#7441 = EDGE_CURVE('',#7433,#7442,#7444,.T.);
#7442 = VERTEX_POINT('',#7443);
#7443 = CARTESIAN_POINT('',(120.627,-74.179,1.51));
#7444 = LINE('',#7445,#7446);
#7445 = CARTESIAN_POINT('',(60.3135,-74.179,1.51));
#7446 = VECTOR('',#7447,1.);
#7447 = DIRECTION('',(-1.,0.,0.));
#7448 = ORIENTED_EDGE('',*,*,#7449,.T.);
#7449 = EDGE_CURVE('',#7442,#7450,#7452,.T.);
#7450 = VERTEX_POINT('',#7451);
#7451 = CARTESIAN_POINT('',(120.627,-72.379,1.51));
#7452 = CIRCLE('',#7453,0.9);
#7453 = AXIS2_PLACEMENT_3D('',#7454,#7455,#7456);
#7454 = CARTESIAN_POINT('',(120.627,-73.279,1.51));
#7455 = DIRECTION('',(-0.,0.,-1.));
#7456 = DIRECTION('',(0.,1.,0.));
#7457 = ORIENTED_EDGE('',*,*,#7458,.T.);
#7458 = EDGE_CURVE('',#7450,#7431,#7459,.T.);
#7459 = LINE('',#7460,#7461);
#7460 = CARTESIAN_POINT('',(60.4635,-72.379,1.51));
#7461 = VECTOR('',#7462,1.);
#7462 = DIRECTION('',(1.,0.,-0.));
#7463 = FACE_BOUND('',#7464,.T.);
#7464 = EDGE_LOOP('',(#7465));
#7465 = ORIENTED_EDGE('',*,*,#7466,.T.);
#7466 = EDGE_CURVE('',#7467,#7467,#7469,.T.);
#7467 = VERTEX_POINT('',#7468);
#7468 = CARTESIAN_POINT('',(113.777,-71.879,1.51));
#7469 = CIRCLE('',#7470,0.5);
#7470 = AXIS2_PLACEMENT_3D('',#7471,#7472,#7473);
#7471 = CARTESIAN_POINT('',(113.777,-71.379,1.51));
#7472 = DIRECTION('',(-0.,0.,-1.));
#7473 = DIRECTION('',(-0.,-1.,0.));
#7474 = FACE_BOUND('',#7475,.T.);
#7475 = EDGE_LOOP('',(#7476));
#7476 = ORIENTED_EDGE('',*,*,#7477,.T.);
#7477 = EDGE_CURVE('',#7478,#7478,#7480,.T.);
#7478 = VERTEX_POINT('',#7479);
#7479 = CARTESIAN_POINT('',(113.777,-69.379,1.51));
#7480 = CIRCLE('',#7481,0.5);
#7481 = AXIS2_PLACEMENT_3D('',#7482,#7483,#7484);
#7482 = CARTESIAN_POINT('',(113.777,-68.879,1.51));
#7483 = DIRECTION('',(-0.,0.,-1.));
#7484 = DIRECTION('',(-0.,-1.,0.));
#7485 = FACE_BOUND('',#7486,.T.);
#7486 = EDGE_LOOP('',(#7487));
#7487 = ORIENTED_EDGE('',*,*,#7488,.T.);
#7488 = EDGE_CURVE('',#7489,#7489,#7491,.T.);
#7489 = VERTEX_POINT('',#7490);
#7490 = CARTESIAN_POINT('',(49.398,-64.,1.51));
#7491 = CIRCLE('',#7492,0.5);
#7492 = AXIS2_PLACEMENT_3D('',#7493,#7494,#7495);
#7493 = CARTESIAN_POINT('',(49.398,-63.5,1.51));
#7494 = DIRECTION('',(-0.,0.,-1.));
#7495 = DIRECTION('',(-0.,-1.,0.));
#7496 = FACE_BOUND('',#7497,.T.);
#7497 = EDGE_LOOP('',(#7498));
#7498 = ORIENTED_EDGE('',*,*,#7499,.T.);
#7499 = EDGE_CURVE('',#7500,#7500,#7502,.T.);
#7500 = VERTEX_POINT('',#7501);
#7501 = CARTESIAN_POINT('',(64.648,-64.,1.51));
#7502 = CIRCLE('',#7503,0.5);
#7503 = AXIS2_PLACEMENT_3D('',#7504,#7505,#7506);
#7504 = CARTESIAN_POINT('',(64.648,-63.5,1.51));
#7505 = DIRECTION('',(-0.,0.,-1.));
#7506 = DIRECTION('',(-0.,-1.,0.));
#7507 = FACE_BOUND('',#7508,.T.);
#7508 = EDGE_LOOP('',(#7509));
#7509 = ORIENTED_EDGE('',*,*,#7510,.T.);
#7510 = EDGE_CURVE('',#7511,#7511,#7513,.T.);
#7511 = VERTEX_POINT('',#7512);
#7512 = CARTESIAN_POINT('',(49.398,-61.46,1.51));
#7513 = CIRCLE('',#7514,0.5);
#7514 = AXIS2_PLACEMENT_3D('',#7515,#7516,#7517);
#7515 = CARTESIAN_POINT('',(49.398,-60.96,1.51));
#7516 = DIRECTION('',(-0.,0.,-1.));
#7517 = DIRECTION('',(-0.,-1.,0.));
#7518 = FACE_BOUND('',#7519,.T.);
#7519 = EDGE_LOOP('',(#7520));
#7520 = ORIENTED_EDGE('',*,*,#7521,.T.);
#7521 = EDGE_CURVE('',#7522,#7522,#7524,.T.);
#7522 = VERTEX_POINT('',#7523);
#7523 = CARTESIAN_POINT('',(49.398,-58.92,1.51));
#7524 = CIRCLE('',#7525,0.5);
#7525 = AXIS2_PLACEMENT_3D('',#7526,#7527,#7528);
#7526 = CARTESIAN_POINT('',(49.398,-58.42,1.51));
#7527 = DIRECTION('',(-0.,0.,-1.));
#7528 = DIRECTION('',(-0.,-1.,0.));
#7529 = FACE_BOUND('',#7530,.T.);
#7530 = EDGE_LOOP('',(#7531));
#7531 = ORIENTED_EDGE('',*,*,#7532,.T.);
#7532 = EDGE_CURVE('',#7533,#7533,#7535,.T.);
#7533 = VERTEX_POINT('',#7534);
#7534 = CARTESIAN_POINT('',(64.648,-61.46,1.51));
#7535 = CIRCLE('',#7536,0.5);
#7536 = AXIS2_PLACEMENT_3D('',#7537,#7538,#7539);
#7537 = CARTESIAN_POINT('',(64.648,-60.96,1.51));
#7538 = DIRECTION('',(-0.,0.,-1.));
#7539 = DIRECTION('',(-0.,-1.,0.));
#7540 = FACE_BOUND('',#7541,.T.);
#7541 = EDGE_LOOP('',(#7542));
#7542 = ORIENTED_EDGE('',*,*,#7543,.T.);
#7543 = EDGE_CURVE('',#7544,#7544,#7546,.T.);
#7544 = VERTEX_POINT('',#7545);
#7545 = CARTESIAN_POINT('',(64.648,-58.92,1.51));
#7546 = CIRCLE('',#7547,0.5);
#7547 = AXIS2_PLACEMENT_3D('',#7548,#7549,#7550);
#7548 = CARTESIAN_POINT('',(64.648,-58.42,1.51));
#7549 = DIRECTION('',(-0.,0.,-1.));
#7550 = DIRECTION('',(-0.,-1.,0.));
#7551 = FACE_BOUND('',#7552,.T.);
#7552 = EDGE_LOOP('',(#7553));
#7553 = ORIENTED_EDGE('',*,*,#7554,.T.);
#7554 = EDGE_CURVE('',#7555,#7555,#7557,.T.);
#7555 = VERTEX_POINT('',#7556);
#7556 = CARTESIAN_POINT('',(49.398,-56.38,1.51));
#7557 = CIRCLE('',#7558,0.5);
#7558 = AXIS2_PLACEMENT_3D('',#7559,#7560,#7561);
#7559 = CARTESIAN_POINT('',(49.398,-55.88,1.51));
#7560 = DIRECTION('',(-0.,0.,-1.));
#7561 = DIRECTION('',(-0.,-1.,0.));
#7562 = FACE_BOUND('',#7563,.T.);
#7563 = EDGE_LOOP('',(#7564));
#7564 = ORIENTED_EDGE('',*,*,#7565,.T.);
#7565 = EDGE_CURVE('',#7566,#7566,#7568,.T.);
#7566 = VERTEX_POINT('',#7567);
#7567 = CARTESIAN_POINT('',(49.398,-53.84,1.51));
#7568 = CIRCLE('',#7569,0.5);
#7569 = AXIS2_PLACEMENT_3D('',#7570,#7571,#7572);
#7570 = CARTESIAN_POINT('',(49.398,-53.34,1.51));
#7571 = DIRECTION('',(-0.,0.,-1.));
#7572 = DIRECTION('',(-0.,-1.,0.));
#7573 = FACE_BOUND('',#7574,.T.);
#7574 = EDGE_LOOP('',(#7575));
#7575 = ORIENTED_EDGE('',*,*,#7576,.T.);
#7576 = EDGE_CURVE('',#7577,#7577,#7579,.T.);
#7577 = VERTEX_POINT('',#7578);
#7578 = CARTESIAN_POINT('',(64.648,-56.38,1.51));
#7579 = CIRCLE('',#7580,0.5);
#7580 = AXIS2_PLACEMENT_3D('',#7581,#7582,#7583);
#7581 = CARTESIAN_POINT('',(64.648,-55.88,1.51));
#7582 = DIRECTION('',(-0.,0.,-1.));
#7583 = DIRECTION('',(-0.,-1.,0.));
#7584 = FACE_BOUND('',#7585,.T.);
#7585 = EDGE_LOOP('',(#7586));
#7586 = ORIENTED_EDGE('',*,*,#7587,.T.);
#7587 = EDGE_CURVE('',#7588,#7588,#7590,.T.);
#7588 = VERTEX_POINT('',#7589);
#7589 = CARTESIAN_POINT('',(64.648,-53.84,1.51));
#7590 = CIRCLE('',#7591,0.5);
#7591 = AXIS2_PLACEMENT_3D('',#7592,#7593,#7594);
#7592 = CARTESIAN_POINT('',(64.648,-53.34,1.51));
#7593 = DIRECTION('',(-0.,0.,-1.));
#7594 = DIRECTION('',(-0.,-1.,0.));
#7595 = FACE_BOUND('',#7596,.T.);
#7596 = EDGE_LOOP('',(#7597));
#7597 = ORIENTED_EDGE('',*,*,#7598,.T.);
#7598 = EDGE_CURVE('',#7599,#7599,#7601,.T.);
#7599 = VERTEX_POINT('',#7600);
#7600 = CARTESIAN_POINT('',(49.398,-51.3,1.51));
#7601 = CIRCLE('',#7602,0.5);
#7602 = AXIS2_PLACEMENT_3D('',#7603,#7604,#7605);
#7603 = CARTESIAN_POINT('',(49.398,-50.8,1.51));
#7604 = DIRECTION('',(-0.,0.,-1.));
#7605 = DIRECTION('',(-0.,-1.,0.));
#7606 = FACE_BOUND('',#7607,.T.);
#7607 = EDGE_LOOP('',(#7608));
#7608 = ORIENTED_EDGE('',*,*,#7609,.T.);
#7609 = EDGE_CURVE('',#7610,#7610,#7612,.T.);
#7610 = VERTEX_POINT('',#7611);
#7611 = CARTESIAN_POINT('',(49.398,-48.76,1.51));
#7612 = CIRCLE('',#7613,0.5);
#7613 = AXIS2_PLACEMENT_3D('',#7614,#7615,#7616);
#7614 = CARTESIAN_POINT('',(49.398,-48.26,1.51));
#7615 = DIRECTION('',(-0.,0.,-1.));
#7616 = DIRECTION('',(-0.,-1.,0.));
#7617 = FACE_BOUND('',#7618,.T.);
#7618 = EDGE_LOOP('',(#7619));
#7619 = ORIENTED_EDGE('',*,*,#7620,.T.);
#7620 = EDGE_CURVE('',#7621,#7621,#7623,.T.);
#7621 = VERTEX_POINT('',#7622);
#7622 = CARTESIAN_POINT('',(64.648,-51.3,1.51));
#7623 = CIRCLE('',#7624,0.5);
#7624 = AXIS2_PLACEMENT_3D('',#7625,#7626,#7627);
#7625 = CARTESIAN_POINT('',(64.648,-50.8,1.51));
#7626 = DIRECTION('',(-0.,0.,-1.));
#7627 = DIRECTION('',(-0.,-1.,0.));
#7628 = FACE_BOUND('',#7629,.T.);
#7629 = EDGE_LOOP('',(#7630));
#7630 = ORIENTED_EDGE('',*,*,#7631,.T.);
#7631 = EDGE_CURVE('',#7632,#7632,#7634,.T.);
#7632 = VERTEX_POINT('',#7633);
#7633 = CARTESIAN_POINT('',(64.648,-48.76,1.51));
#7634 = CIRCLE('',#7635,0.5);
#7635 = AXIS2_PLACEMENT_3D('',#7636,#7637,#7638);
#7636 = CARTESIAN_POINT('',(64.648,-48.26,1.51));
#7637 = DIRECTION('',(-0.,0.,-1.));
#7638 = DIRECTION('',(-0.,-1.,0.));
#7639 = FACE_BOUND('',#7640,.T.);
#7640 = EDGE_LOOP('',(#7641));
#7641 = ORIENTED_EDGE('',*,*,#7642,.T.);
#7642 = EDGE_CURVE('',#7643,#7643,#7645,.T.);
#7643 = VERTEX_POINT('',#7644);
#7644 = CARTESIAN_POINT('',(93.345,-67.017,1.51));
#7645 = CIRCLE('',#7646,0.85);
#7646 = AXIS2_PLACEMENT_3D('',#7647,#7648,#7649);
#7647 = CARTESIAN_POINT('',(93.345,-66.167,1.51));
#7648 = DIRECTION('',(-0.,0.,-1.));
#7649 = DIRECTION('',(-0.,-1.,0.));
#7650 = FACE_BOUND('',#7651,.T.);
#7651 = EDGE_LOOP('',(#7652));
#7652 = ORIENTED_EDGE('',*,*,#7653,.T.);
#7653 = EDGE_CURVE('',#7654,#7654,#7656,.T.);
#7654 = VERTEX_POINT('',#7655);
#7655 = CARTESIAN_POINT('',(94.615,-64.377,1.51));
#7656 = CIRCLE('',#7657,0.75);
#7657 = AXIS2_PLACEMENT_3D('',#7658,#7659,#7660);
#7658 = CARTESIAN_POINT('',(94.615,-63.627,1.51));
#7659 = DIRECTION('',(-0.,0.,-1.));
#7660 = DIRECTION('',(-0.,-1.,0.));
#7661 = FACE_BOUND('',#7662,.T.);
#7662 = EDGE_LOOP('',(#7663));
#7663 = ORIENTED_EDGE('',*,*,#7664,.T.);
#7664 = EDGE_CURVE('',#7665,#7665,#7667,.T.);
#7665 = VERTEX_POINT('',#7666);
#7666 = CARTESIAN_POINT('',(98.425,-68.167,1.51));
#7667 = CIRCLE('',#7668,2.);
#7668 = AXIS2_PLACEMENT_3D('',#7669,#7670,#7671);
#7669 = CARTESIAN_POINT('',(98.425,-66.167,1.51));
#7670 = DIRECTION('',(-0.,0.,-1.));
#7671 = DIRECTION('',(-0.,-1.,0.));
#7672 = FACE_BOUND('',#7673,.T.);
#7673 = EDGE_LOOP('',(#7674));
#7674 = ORIENTED_EDGE('',*,*,#7675,.T.);
#7675 = EDGE_CURVE('',#7676,#7676,#7678,.T.);
#7676 = VERTEX_POINT('',#7677);
#7677 = CARTESIAN_POINT('',(103.505,-67.017,1.51));
#7678 = CIRCLE('',#7679,0.85);
#7679 = AXIS2_PLACEMENT_3D('',#7680,#7681,#7682);
#7680 = CARTESIAN_POINT('',(103.505,-66.167,1.51));
#7681 = DIRECTION('',(-0.,0.,-1.));
#7682 = DIRECTION('',(-0.,-1.,0.));
#7683 = FACE_BOUND('',#7684,.T.);
#7684 = EDGE_LOOP('',(#7685));
#7685 = ORIENTED_EDGE('',*,*,#7686,.T.);
#7686 = EDGE_CURVE('',#7687,#7687,#7689,.T.);
#7687 = VERTEX_POINT('',#7688);
#7688 = CARTESIAN_POINT('',(100.965,-61.837,1.51));
#7689 = CIRCLE('',#7690,0.75);
#7690 = AXIS2_PLACEMENT_3D('',#7691,#7692,#7693);
#7691 = CARTESIAN_POINT('',(100.965,-61.087,1.51));
#7692 = DIRECTION('',(-0.,0.,-1.));
#7693 = DIRECTION('',(-0.,-1.,0.));
#7694 = FACE_BOUND('',#7695,.T.);
#7695 = EDGE_LOOP('',(#7696));
#7696 = ORIENTED_EDGE('',*,*,#7697,.T.);
#7697 = EDGE_CURVE('',#7698,#7698,#7700,.T.);
#7698 = VERTEX_POINT('',#7699);
#7699 = CARTESIAN_POINT('',(113.777,-66.879,1.51));
#7700 = CIRCLE('',#7701,0.5);
#7701 = AXIS2_PLACEMENT_3D('',#7702,#7703,#7704);
#7702 = CARTESIAN_POINT('',(113.777,-66.379,1.51));
#7703 = DIRECTION('',(-0.,0.,-1.));
#7704 = DIRECTION('',(-0.,-1.,0.));
#7705 = FACE_BOUND('',#7706,.T.);
#7706 = EDGE_LOOP('',(#7707,#7718,#7726,#7735));
#7707 = ORIENTED_EDGE('',*,*,#7708,.T.);
#7708 = EDGE_CURVE('',#7709,#7711,#7713,.T.);
#7709 = VERTEX_POINT('',#7710);
#7710 = CARTESIAN_POINT('',(120.927,-63.579,1.51));
#7711 = VERTEX_POINT('',#7712);
#7712 = CARTESIAN_POINT('',(120.927,-65.379,1.51));
#7713 = CIRCLE('',#7714,0.9);
#7714 = AXIS2_PLACEMENT_3D('',#7715,#7716,#7717);
#7715 = CARTESIAN_POINT('',(120.927,-64.479,1.51));
#7716 = DIRECTION('',(-0.,0.,-1.));
#7717 = DIRECTION('',(-0.,-1.,0.));
#7718 = ORIENTED_EDGE('',*,*,#7719,.T.);
#7719 = EDGE_CURVE('',#7711,#7720,#7722,.T.);
#7720 = VERTEX_POINT('',#7721);
#7721 = CARTESIAN_POINT('',(120.627,-65.379,1.51));
#7722 = LINE('',#7723,#7724);
#7723 = CARTESIAN_POINT('',(60.3135,-65.379,1.51));
#7724 = VECTOR('',#7725,1.);
#7725 = DIRECTION('',(-1.,0.,0.));
#7726 = ORIENTED_EDGE('',*,*,#7727,.T.);
#7727 = EDGE_CURVE('',#7720,#7728,#7730,.T.);
#7728 = VERTEX_POINT('',#7729);
#7729 = CARTESIAN_POINT('',(120.627,-63.579,1.51));
#7730 = CIRCLE('',#7731,0.9);
#7731 = AXIS2_PLACEMENT_3D('',#7732,#7733,#7734);
#7732 = CARTESIAN_POINT('',(120.627,-64.479,1.51));
#7733 = DIRECTION('',(-0.,0.,-1.));
#7734 = DIRECTION('',(0.,1.,0.));
#7735 = ORIENTED_EDGE('',*,*,#7736,.T.);
#7736 = EDGE_CURVE('',#7728,#7709,#7737,.T.);
#7737 = LINE('',#7738,#7739);
#7738 = CARTESIAN_POINT('',(60.4635,-63.579,1.51));
#7739 = VECTOR('',#7740,1.);
#7740 = DIRECTION('',(1.,0.,-0.));
#7741 = FACE_BOUND('',#7742,.T.);
#7742 = EDGE_LOOP('',(#7743));
#7743 = ORIENTED_EDGE('',*,*,#7744,.T.);
#7744 = EDGE_CURVE('',#7745,#7745,#7747,.T.);
#7745 = VERTEX_POINT('',#7746);
#7746 = CARTESIAN_POINT('',(118.9686,-52.2144,1.51));
#7747 = CIRCLE('',#7748,0.5);
#7748 = AXIS2_PLACEMENT_3D('',#7749,#7750,#7751);
#7749 = CARTESIAN_POINT('',(118.9686,-51.7144,1.51));
#7750 = DIRECTION('',(-0.,0.,-1.));
#7751 = DIRECTION('',(-0.,-1.,0.));
#7752 = FACE_BOUND('',#7753,.T.);
#7753 = EDGE_LOOP('',(#7754));
#7754 = ORIENTED_EDGE('',*,*,#7755,.T.);
#7755 = EDGE_CURVE('',#7756,#7756,#7758,.T.);
#7756 = VERTEX_POINT('',#7757);
#7757 = CARTESIAN_POINT('',(121.5086,-52.2144,1.51));
#7758 = CIRCLE('',#7759,0.5);
#7759 = AXIS2_PLACEMENT_3D('',#7760,#7761,#7762);
#7760 = CARTESIAN_POINT('',(121.5086,-51.7144,1.51));
#7761 = DIRECTION('',(-0.,0.,-1.));
#7762 = DIRECTION('',(-0.,-1.,0.));
#7763 = PLANE('',#7764);
#7764 = AXIS2_PLACEMENT_3D('',#7765,#7766,#7767);
#7765 = CARTESIAN_POINT('',(0.,0.,1.51));
#7766 = DIRECTION('',(0.,0.,1.));
#7767 = DIRECTION('',(1.,0.,-0.));
#7768 = ADVANCED_FACE('',(#7769),#7775,.T.);
#7769 = FACE_BOUND('',#7770,.T.);
#7770 = EDGE_LOOP('',(#7771,#7772,#7773,#7774));
#7771 = ORIENTED_EDGE('',*,*,#6362,.T.);
#7772 = ORIENTED_EDGE('',*,*,#7080,.T.);
#7773 = ORIENTED_EDGE('',*,*,#6322,.F.);
#7774 = ORIENTED_EDGE('',*,*,#6386,.F.);
#7775 = PLANE('',#7776);
#7776 = AXIS2_PLACEMENT_3D('',#7777,#7778,#7779);
#7777 = CARTESIAN_POINT('',(45.466,-45.2882,0.));
#7778 = DIRECTION('',(0.,1.,0.));
#7779 = DIRECTION('',(1.,0.,0.));
#7780 = ADVANCED_FACE('',(#7781),#7792,.F.);
#7781 = FACE_BOUND('',#7782,.T.);
#7782 = EDGE_LOOP('',(#7783,#7784,#7790,#7791));
#7783 = ORIENTED_EDGE('',*,*,#6395,.T.);
#7784 = ORIENTED_EDGE('',*,*,#7785,.T.);
#7785 = EDGE_CURVE('',#6396,#7090,#7786,.T.);
#7786 = LINE('',#7787,#7788);
#7787 = CARTESIAN_POINT('',(51.096,-84.307,-4.6E-02));
#7788 = VECTOR('',#7789,1.);
#7789 = DIRECTION('',(0.,0.,1.));
#7790 = ORIENTED_EDGE('',*,*,#7089,.F.);
#7791 = ORIENTED_EDGE('',*,*,#7785,.F.);
#7792 = CYLINDRICAL_SURFACE('',#7793,0.4);
#7793 = AXIS2_PLACEMENT_3D('',#7794,#7795,#7796);
#7794 = CARTESIAN_POINT('',(51.096,-83.907,-4.6E-02));
#7795 = DIRECTION('',(-0.,-0.,-1.));
#7796 = DIRECTION('',(-1.7763568394E-14,-1.,0.));
#7797 = ADVANCED_FACE('',(#7798),#7809,.F.);
#7798 = FACE_BOUND('',#7799,.T.);
#7799 = EDGE_LOOP('',(#7800,#7801,#7807,#7808));
#7800 = ORIENTED_EDGE('',*,*,#6406,.T.);
#7801 = ORIENTED_EDGE('',*,*,#7802,.T.);
#7802 = EDGE_CURVE('',#6407,#7101,#7803,.T.);
#7803 = LINE('',#7804,#7805);
#7804 = CARTESIAN_POINT('',(55.146,-84.307,-4.6E-02));
#7805 = VECTOR('',#7806,1.);
#7806 = DIRECTION('',(0.,0.,1.));
#7807 = ORIENTED_EDGE('',*,*,#7100,.F.);
#7808 = ORIENTED_EDGE('',*,*,#7802,.F.);
#7809 = CYLINDRICAL_SURFACE('',#7810,0.4);
#7810 = AXIS2_PLACEMENT_3D('',#7811,#7812,#7813);
#7811 = CARTESIAN_POINT('',(55.146,-83.907,-4.6E-02));
#7812 = DIRECTION('',(-0.,-0.,-1.));
#7813 = DIRECTION('',(-0.,-1.,0.));
#7814 = ADVANCED_FACE('',(#7815),#7826,.F.);
#7815 = FACE_BOUND('',#7816,.T.);
#7816 = EDGE_LOOP('',(#7817,#7818,#7824,#7825));
#7817 = ORIENTED_EDGE('',*,*,#6417,.T.);
#7818 = ORIENTED_EDGE('',*,*,#7819,.T.);
#7819 = EDGE_CURVE('',#6418,#7112,#7820,.T.);
#7820 = LINE('',#7821,#7822);
#7821 = CARTESIAN_POINT('',(59.196,-84.307,-4.6E-02));
#7822 = VECTOR('',#7823,1.);
#7823 = DIRECTION('',(0.,0.,1.));
#7824 = ORIENTED_EDGE('',*,*,#7111,.F.);
#7825 = ORIENTED_EDGE('',*,*,#7819,.F.);
#7826 = CYLINDRICAL_SURFACE('',#7827,0.4);
#7827 = AXIS2_PLACEMENT_3D('',#7828,#7829,#7830);
#7828 = CARTESIAN_POINT('',(59.196,-83.907,-4.6E-02));
#7829 = DIRECTION('',(-0.,-0.,-1.));
#7830 = DIRECTION('',(-0.,-1.,0.));
#7831 = ADVANCED_FACE('',(#7832),#7843,.F.);
#7832 = FACE_BOUND('',#7833,.T.);
#7833 = EDGE_LOOP('',(#7834,#7835,#7841,#7842));
#7834 = ORIENTED_EDGE('',*,*,#6428,.T.);
#7835 = ORIENTED_EDGE('',*,*,#7836,.T.);
#7836 = EDGE_CURVE('',#6429,#7123,#7837,.T.);
#7837 = LINE('',#7838,#7839);
#7838 = CARTESIAN_POINT('',(63.246,-84.307,-4.6E-02));
#7839 = VECTOR('',#7840,1.);
#7840 = DIRECTION('',(0.,0.,1.));
#7841 = ORIENTED_EDGE('',*,*,#7122,.F.);
#7842 = ORIENTED_EDGE('',*,*,#7836,.F.);
#7843 = CYLINDRICAL_SURFACE('',#7844,0.4);
#7844 = AXIS2_PLACEMENT_3D('',#7845,#7846,#7847);
#7845 = CARTESIAN_POINT('',(63.246,-83.907,-4.6E-02));
#7846 = DIRECTION('',(-0.,0.,-1.));
#7847 = DIRECTION('',(1.7763568394E-14,-1.,-0.));
#7848 = ADVANCED_FACE('',(#7849),#7860,.F.);
#7849 = FACE_BOUND('',#7850,.T.);
#7850 = EDGE_LOOP('',(#7851,#7852,#7858,#7859));
#7851 = ORIENTED_EDGE('',*,*,#6439,.T.);
#7852 = ORIENTED_EDGE('',*,*,#7853,.T.);
#7853 = EDGE_CURVE('',#6440,#7134,#7854,.T.);
#7854 = LINE('',#7855,#7856);
#7855 = CARTESIAN_POINT('',(51.096,-81.807,-4.6E-02));
#7856 = VECTOR('',#7857,1.);
#7857 = DIRECTION('',(0.,0.,1.));
#7858 = ORIENTED_EDGE('',*,*,#7133,.F.);
#7859 = ORIENTED_EDGE('',*,*,#7853,.F.);
#7860 = CYLINDRICAL_SURFACE('',#7861,0.4);
#7861 = AXIS2_PLACEMENT_3D('',#7862,#7863,#7864);
#7862 = CARTESIAN_POINT('',(51.096,-81.407,-4.6E-02));
#7863 = DIRECTION('',(-0.,-0.,-1.));
#7864 = DIRECTION('',(-1.7763568394E-14,-1.,0.));
#7865 = ADVANCED_FACE('',(#7866),#7877,.F.);
#7866 = FACE_BOUND('',#7867,.T.);
#7867 = EDGE_LOOP('',(#7868,#7869,#7875,#7876));
#7868 = ORIENTED_EDGE('',*,*,#6450,.T.);
#7869 = ORIENTED_EDGE('',*,*,#7870,.T.);
#7870 = EDGE_CURVE('',#6451,#7145,#7871,.T.);
#7871 = LINE('',#7872,#7873);
#7872 = CARTESIAN_POINT('',(55.146,-81.807,-4.6E-02));
#7873 = VECTOR('',#7874,1.);
#7874 = DIRECTION('',(0.,0.,1.));
#7875 = ORIENTED_EDGE('',*,*,#7144,.F.);
#7876 = ORIENTED_EDGE('',*,*,#7870,.F.);
#7877 = CYLINDRICAL_SURFACE('',#7878,0.4);
#7878 = AXIS2_PLACEMENT_3D('',#7879,#7880,#7881);
#7879 = CARTESIAN_POINT('',(55.146,-81.407,-4.6E-02));
#7880 = DIRECTION('',(-0.,-0.,-1.));
#7881 = DIRECTION('',(-0.,-1.,0.));
#7882 = ADVANCED_FACE('',(#7883),#7894,.F.);
#7883 = FACE_BOUND('',#7884,.T.);
#7884 = EDGE_LOOP('',(#7885,#7886,#7892,#7893));
#7885 = ORIENTED_EDGE('',*,*,#6461,.T.);
#7886 = ORIENTED_EDGE('',*,*,#7887,.T.);
#7887 = EDGE_CURVE('',#6462,#7156,#7888,.T.);
#7888 = LINE('',#7889,#7890);
#7889 = CARTESIAN_POINT('',(50.955,-78.124,-4.6E-02));
#7890 = VECTOR('',#7891,1.);
#7891 = DIRECTION('',(0.,0.,1.));
#7892 = ORIENTED_EDGE('',*,*,#7155,.F.);
#7893 = ORIENTED_EDGE('',*,*,#7887,.F.);
#7894 = CYLINDRICAL_SURFACE('',#7895,0.4);
#7895 = AXIS2_PLACEMENT_3D('',#7896,#7897,#7898);
#7896 = CARTESIAN_POINT('',(50.955,-77.724,-4.6E-02));
#7897 = DIRECTION('',(-0.,-0.,-1.));
#7898 = DIRECTION('',(-0.,-1.,0.));
#7899 = ADVANCED_FACE('',(#7900),#7911,.F.);
#7900 = FACE_BOUND('',#7901,.T.);
#7901 = EDGE_LOOP('',(#7902,#7903,#7909,#7910));
#7902 = ORIENTED_EDGE('',*,*,#6472,.T.);
#7903 = ORIENTED_EDGE('',*,*,#7904,.T.);
#7904 = EDGE_CURVE('',#6473,#7167,#7905,.T.);
#7905 = LINE('',#7906,#7907);
#7906 = CARTESIAN_POINT('',(55.005,-78.124,-4.6E-02));
#7907 = VECTOR('',#7908,1.);
#7908 = DIRECTION('',(0.,0.,1.));
#7909 = ORIENTED_EDGE('',*,*,#7166,.F.);
#7910 = ORIENTED_EDGE('',*,*,#7904,.F.);
#7911 = CYLINDRICAL_SURFACE('',#7912,0.4);
#7912 = AXIS2_PLACEMENT_3D('',#7913,#7914,#7915);
#7913 = CARTESIAN_POINT('',(55.005,-77.724,-4.6E-02));
#7914 = DIRECTION('',(-0.,0.,-1.));
#7915 = DIRECTION('',(1.7763568394E-14,-1.,-0.));
#7916 = ADVANCED_FACE('',(#7917),#7928,.F.);
#7917 = FACE_BOUND('',#7918,.T.);
#7918 = EDGE_LOOP('',(#7919,#7920,#7926,#7927));
#7919 = ORIENTED_EDGE('',*,*,#6483,.T.);
#7920 = ORIENTED_EDGE('',*,*,#7921,.T.);
#7921 = EDGE_CURVE('',#6484,#7178,#7922,.T.);
#7922 = LINE('',#7923,#7924);
#7923 = CARTESIAN_POINT('',(59.196,-81.807,-4.6E-02));
#7924 = VECTOR('',#7925,1.);
#7925 = DIRECTION('',(0.,0.,1.));
#7926 = ORIENTED_EDGE('',*,*,#7177,.F.);
#7927 = ORIENTED_EDGE('',*,*,#7921,.F.);
#7928 = CYLINDRICAL_SURFACE('',#7929,0.4);
#7929 = AXIS2_PLACEMENT_3D('',#7930,#7931,#7932);
#7930 = CARTESIAN_POINT('',(59.196,-81.407,-4.6E-02));
#7931 = DIRECTION('',(-0.,-0.,-1.));
#7932 = DIRECTION('',(-0.,-1.,0.));
#7933 = ADVANCED_FACE('',(#7934),#7945,.F.);
#7934 = FACE_BOUND('',#7935,.T.);
#7935 = EDGE_LOOP('',(#7936,#7937,#7943,#7944));
#7936 = ORIENTED_EDGE('',*,*,#6494,.T.);
#7937 = ORIENTED_EDGE('',*,*,#7938,.T.);
#7938 = EDGE_CURVE('',#6495,#7189,#7939,.T.);
#7939 = LINE('',#7940,#7941);
#7940 = CARTESIAN_POINT('',(63.246,-81.807,-4.6E-02));
#7941 = VECTOR('',#7942,1.);
#7942 = DIRECTION('',(0.,0.,1.));
#7943 = ORIENTED_EDGE('',*,*,#7188,.F.);
#7944 = ORIENTED_EDGE('',*,*,#7938,.F.);
#7945 = CYLINDRICAL_SURFACE('',#7946,0.4);
#7946 = AXIS2_PLACEMENT_3D('',#7947,#7948,#7949);
#7947 = CARTESIAN_POINT('',(63.246,-81.407,-4.6E-02));
#7948 = DIRECTION('',(-0.,0.,-1.));
#7949 = DIRECTION('',(1.7763568394E-14,-1.,-0.));
#7950 = ADVANCED_FACE('',(#7951),#7962,.F.);
#7951 = FACE_BOUND('',#7952,.T.);
#7952 = EDGE_LOOP('',(#7953,#7954,#7960,#7961));
#7953 = ORIENTED_EDGE('',*,*,#6505,.T.);
#7954 = ORIENTED_EDGE('',*,*,#7955,.T.);
#7955 = EDGE_CURVE('',#6506,#7200,#7956,.T.);
#7956 = LINE('',#7957,#7958);
#7957 = CARTESIAN_POINT('',(59.055,-78.124,-4.6E-02));
#7958 = VECTOR('',#7959,1.);
#7959 = DIRECTION('',(0.,0.,1.));
#7960 = ORIENTED_EDGE('',*,*,#7199,.F.);
#7961 = ORIENTED_EDGE('',*,*,#7955,.F.);
#7962 = CYLINDRICAL_SURFACE('',#7963,0.4);
#7963 = AXIS2_PLACEMENT_3D('',#7964,#7965,#7966);
#7964 = CARTESIAN_POINT('',(59.055,-77.724,-4.6E-02));
#7965 = DIRECTION('',(-0.,-0.,-1.));
#7966 = DIRECTION('',(-0.,-1.,0.));
#7967 = ADVANCED_FACE('',(#7968),#7979,.F.);
#7968 = FACE_BOUND('',#7969,.T.);
#7969 = EDGE_LOOP('',(#7970,#7971,#7977,#7978));
#7970 = ORIENTED_EDGE('',*,*,#6516,.T.);
#7971 = ORIENTED_EDGE('',*,*,#7972,.T.);
#7972 = EDGE_CURVE('',#6517,#7211,#7973,.T.);
#7973 = LINE('',#7974,#7975);
#7974 = CARTESIAN_POINT('',(63.105,-78.124,-4.6E-02));
#7975 = VECTOR('',#7976,1.);
#7976 = DIRECTION('',(0.,0.,1.));
#7977 = ORIENTED_EDGE('',*,*,#7210,.F.);
#7978 = ORIENTED_EDGE('',*,*,#7972,.F.);
#7979 = CYLINDRICAL_SURFACE('',#7980,0.4);
#7980 = AXIS2_PLACEMENT_3D('',#7981,#7982,#7983);
#7981 = CARTESIAN_POINT('',(63.105,-77.724,-4.6E-02));
#7982 = DIRECTION('',(-0.,-0.,-1.));
#7983 = DIRECTION('',(-1.7763568394E-14,-1.,0.));
#7984 = ADVANCED_FACE('',(#7985),#7996,.F.);
#7985 = FACE_BOUND('',#7986,.T.);
#7986 = EDGE_LOOP('',(#7987,#7988,#7994,#7995));
#7987 = ORIENTED_EDGE('',*,*,#6527,.T.);
#7988 = ORIENTED_EDGE('',*,*,#7989,.T.);
#7989 = EDGE_CURVE('',#6528,#7222,#7990,.T.);
#7990 = LINE('',#7991,#7992);
#7991 = CARTESIAN_POINT('',(74.295,-86.067,-4.6E-02));
#7992 = VECTOR('',#7993,1.);
#7993 = DIRECTION('',(0.,0.,1.));
#7994 = ORIENTED_EDGE('',*,*,#7221,.F.);
#7995 = ORIENTED_EDGE('',*,*,#7989,.F.);
#7996 = CYLINDRICAL_SURFACE('',#7997,0.85);
#7997 = AXIS2_PLACEMENT_3D('',#7998,#7999,#8000);
#7998 = CARTESIAN_POINT('',(74.295,-85.217,-4.6E-02));
#7999 = DIRECTION('',(-0.,0.,-1.));
#8000 = DIRECTION('',(1.671865260612E-14,-1.,-0.));
#8001 = ADVANCED_FACE('',(#8002),#8013,.F.);
#8002 = FACE_BOUND('',#8003,.T.);
#8003 = EDGE_LOOP('',(#8004,#8005,#8011,#8012));
#8004 = ORIENTED_EDGE('',*,*,#6538,.T.);
#8005 = ORIENTED_EDGE('',*,*,#8006,.T.);
#8006 = EDGE_CURVE('',#6539,#7233,#8007,.T.);
#8007 = LINE('',#8008,#8009);
#8008 = CARTESIAN_POINT('',(75.565,-83.427,-4.6E-02));
#8009 = VECTOR('',#8010,1.);
#8010 = DIRECTION('',(0.,0.,1.));
#8011 = ORIENTED_EDGE('',*,*,#7232,.F.);
#8012 = ORIENTED_EDGE('',*,*,#8006,.F.);
#8013 = CYLINDRICAL_SURFACE('',#8014,0.75);
#8014 = AXIS2_PLACEMENT_3D('',#8015,#8016,#8017);
#8015 = CARTESIAN_POINT('',(75.565,-82.677,-4.6E-02));
#8016 = DIRECTION('',(-0.,-0.,-1.));
#8017 = DIRECTION('',(-0.,-1.,0.));
#8018 = ADVANCED_FACE('',(#8019),#8030,.F.);
#8019 = FACE_BOUND('',#8020,.T.);
#8020 = EDGE_LOOP('',(#8021,#8022,#8028,#8029));
#8021 = ORIENTED_EDGE('',*,*,#6549,.T.);
#8022 = ORIENTED_EDGE('',*,*,#8023,.T.);
#8023 = EDGE_CURVE('',#6550,#7244,#8024,.T.);
#8024 = LINE('',#8025,#8026);
#8025 = CARTESIAN_POINT('',(79.375,-87.217,-4.6E-02));
#8026 = VECTOR('',#8027,1.);
#8027 = DIRECTION('',(0.,0.,1.));
#8028 = ORIENTED_EDGE('',*,*,#7243,.F.);
#8029 = ORIENTED_EDGE('',*,*,#8023,.F.);
#8030 = CYLINDRICAL_SURFACE('',#8031,2.);
#8031 = AXIS2_PLACEMENT_3D('',#8032,#8033,#8034);
#8032 = CARTESIAN_POINT('',(79.375,-85.217,-4.6E-02));
#8033 = DIRECTION('',(-0.,-0.,-1.));
#8034 = DIRECTION('',(-0.,-1.,0.));
#8035 = ADVANCED_FACE('',(#8036),#8047,.F.);
#8036 = FACE_BOUND('',#8037,.T.);
#8037 = EDGE_LOOP('',(#8038,#8039,#8045,#8046));
#8038 = ORIENTED_EDGE('',*,*,#6560,.T.);
#8039 = ORIENTED_EDGE('',*,*,#8040,.T.);
#8040 = EDGE_CURVE('',#6561,#7255,#8041,.T.);
#8041 = LINE('',#8042,#8043);
#8042 = CARTESIAN_POINT('',(84.455,-86.067,-4.6E-02));
#8043 = VECTOR('',#8044,1.);
#8044 = DIRECTION('',(0.,0.,1.));
#8045 = ORIENTED_EDGE('',*,*,#7254,.F.);
#8046 = ORIENTED_EDGE('',*,*,#8040,.F.);
#8047 = CYLINDRICAL_SURFACE('',#8048,0.85);
#8048 = AXIS2_PLACEMENT_3D('',#8049,#8050,#8051);
#8049 = CARTESIAN_POINT('',(84.455,-85.217,-4.6E-02));
#8050 = DIRECTION('',(-0.,-0.,-1.));
#8051 = DIRECTION('',(-1.671865260612E-14,-1.,0.));
#8052 = ADVANCED_FACE('',(#8053),#8064,.F.);
#8053 = FACE_BOUND('',#8054,.T.);
#8054 = EDGE_LOOP('',(#8055,#8056,#8062,#8063));
#8055 = ORIENTED_EDGE('',*,*,#6571,.T.);
#8056 = ORIENTED_EDGE('',*,*,#8057,.T.);
#8057 = EDGE_CURVE('',#6572,#7266,#8058,.T.);
#8058 = LINE('',#8059,#8060);
#8059 = CARTESIAN_POINT('',(81.915,-80.887,-4.6E-02));
#8060 = VECTOR('',#8061,1.);
#8061 = DIRECTION('',(0.,0.,1.));
#8062 = ORIENTED_EDGE('',*,*,#7265,.F.);
#8063 = ORIENTED_EDGE('',*,*,#8057,.F.);
#8064 = CYLINDRICAL_SURFACE('',#8065,0.75);
#8065 = AXIS2_PLACEMENT_3D('',#8066,#8067,#8068);
#8066 = CARTESIAN_POINT('',(81.915,-80.137,-4.6E-02));
#8067 = DIRECTION('',(-0.,-0.,-1.));
#8068 = DIRECTION('',(-0.,-1.,0.));
#8069 = ADVANCED_FACE('',(#8070),#8081,.F.);
#8070 = FACE_BOUND('',#8071,.T.);
#8071 = EDGE_LOOP('',(#8072,#8073,#8079,#8080));
#8072 = ORIENTED_EDGE('',*,*,#6582,.T.);
#8073 = ORIENTED_EDGE('',*,*,#8074,.T.);
#8074 = EDGE_CURVE('',#6583,#7277,#8075,.T.);
#8075 = LINE('',#8076,#8077);
#8076 = CARTESIAN_POINT('',(50.955,-70.504,-4.6E-02));
#8077 = VECTOR('',#8078,1.);
#8078 = DIRECTION('',(0.,0.,1.));
#8079 = ORIENTED_EDGE('',*,*,#7276,.F.);
#8080 = ORIENTED_EDGE('',*,*,#8074,.F.);
#8081 = CYLINDRICAL_SURFACE('',#8082,0.4);
#8082 = AXIS2_PLACEMENT_3D('',#8083,#8084,#8085);
#8083 = CARTESIAN_POINT('',(50.955,-70.104,-4.6E-02));
#8084 = DIRECTION('',(-0.,-0.,-1.));
#8085 = DIRECTION('',(-0.,-1.,0.));
#8086 = ADVANCED_FACE('',(#8087),#8098,.F.);
#8087 = FACE_BOUND('',#8088,.T.);
#8088 = EDGE_LOOP('',(#8089,#8090,#8096,#8097));
#8089 = ORIENTED_EDGE('',*,*,#6593,.T.);
#8090 = ORIENTED_EDGE('',*,*,#8091,.T.);
#8091 = EDGE_CURVE('',#6594,#7288,#8092,.T.);
#8092 = LINE('',#8093,#8094);
#8093 = CARTESIAN_POINT('',(55.005,-70.504,-4.6E-02));
#8094 = VECTOR('',#8095,1.);
#8095 = DIRECTION('',(0.,0.,1.));
#8096 = ORIENTED_EDGE('',*,*,#7287,.F.);
#8097 = ORIENTED_EDGE('',*,*,#8091,.F.);
#8098 = CYLINDRICAL_SURFACE('',#8099,0.4);
#8099 = AXIS2_PLACEMENT_3D('',#8100,#8101,#8102);
#8100 = CARTESIAN_POINT('',(55.005,-70.104,-4.6E-02));
#8101 = DIRECTION('',(-0.,0.,-1.));
#8102 = DIRECTION('',(1.7763568394E-14,-1.,-0.));
#8103 = ADVANCED_FACE('',(#8104),#8115,.F.);
#8104 = FACE_BOUND('',#8105,.T.);
#8105 = EDGE_LOOP('',(#8106,#8107,#8113,#8114));
#8106 = ORIENTED_EDGE('',*,*,#6604,.T.);
#8107 = ORIENTED_EDGE('',*,*,#8108,.T.);
#8108 = EDGE_CURVE('',#6605,#7299,#8109,.T.);
#8109 = LINE('',#8110,#8111);
#8110 = CARTESIAN_POINT('',(59.055,-70.504,-4.6E-02));
#8111 = VECTOR('',#8112,1.);
#8112 = DIRECTION('',(0.,0.,1.));
#8113 = ORIENTED_EDGE('',*,*,#7298,.F.);
#8114 = ORIENTED_EDGE('',*,*,#8108,.F.);
#8115 = CYLINDRICAL_SURFACE('',#8116,0.4);
#8116 = AXIS2_PLACEMENT_3D('',#8117,#8118,#8119);
#8117 = CARTESIAN_POINT('',(59.055,-70.104,-4.6E-02));
#8118 = DIRECTION('',(-0.,-0.,-1.));
#8119 = DIRECTION('',(-0.,-1.,0.));
#8120 = ADVANCED_FACE('',(#8121),#8132,.F.);
#8121 = FACE_BOUND('',#8122,.T.);
#8122 = EDGE_LOOP('',(#8123,#8124,#8130,#8131));
#8123 = ORIENTED_EDGE('',*,*,#6615,.T.);
#8124 = ORIENTED_EDGE('',*,*,#8125,.T.);
#8125 = EDGE_CURVE('',#6616,#7310,#8126,.T.);
#8126 = LINE('',#8127,#8128);
#8127 = CARTESIAN_POINT('',(63.105,-70.504,-4.6E-02));
#8128 = VECTOR('',#8129,1.);
#8129 = DIRECTION('',(0.,0.,1.));
#8130 = ORIENTED_EDGE('',*,*,#7309,.F.);
#8131 = ORIENTED_EDGE('',*,*,#8125,.F.);
#8132 = CYLINDRICAL_SURFACE('',#8133,0.4);
#8133 = AXIS2_PLACEMENT_3D('',#8134,#8135,#8136);
#8134 = CARTESIAN_POINT('',(63.105,-70.104,-4.6E-02));
#8135 = DIRECTION('',(-0.,-0.,-1.));
#8136 = DIRECTION('',(-1.7763568394E-14,-1.,0.));
#8137 = ADVANCED_FACE('',(#8138),#8149,.F.);
#8138 = FACE_BOUND('',#8139,.T.);
#8139 = EDGE_LOOP('',(#8140,#8141,#8147,#8148));
#8140 = ORIENTED_EDGE('',*,*,#6626,.T.);
#8141 = ORIENTED_EDGE('',*,*,#8142,.T.);
#8142 = EDGE_CURVE('',#6627,#7321,#8143,.T.);
#8143 = LINE('',#8144,#8145);
#8144 = CARTESIAN_POINT('',(93.345,-86.067,-4.6E-02));
#8145 = VECTOR('',#8146,1.);
#8146 = DIRECTION('',(0.,0.,1.));
#8147 = ORIENTED_EDGE('',*,*,#7320,.F.);
#8148 = ORIENTED_EDGE('',*,*,#8142,.F.);
#8149 = CYLINDRICAL_SURFACE('',#8150,0.85);
#8150 = AXIS2_PLACEMENT_3D('',#8151,#8152,#8153);
#8151 = CARTESIAN_POINT('',(93.345,-85.217,-4.6E-02));
#8152 = DIRECTION('',(-0.,-0.,-1.));
#8153 = DIRECTION('',(-0.,-1.,0.));
#8154 = ADVANCED_FACE('',(#8155),#8166,.F.);
#8155 = FACE_BOUND('',#8156,.T.);
#8156 = EDGE_LOOP('',(#8157,#8158,#8164,#8165));
#8157 = ORIENTED_EDGE('',*,*,#6637,.T.);
#8158 = ORIENTED_EDGE('',*,*,#8159,.T.);
#8159 = EDGE_CURVE('',#6638,#7332,#8160,.T.);
#8160 = LINE('',#8161,#8162);
#8161 = CARTESIAN_POINT('',(94.615,-83.427,-4.6E-02));
#8162 = VECTOR('',#8163,1.);
#8163 = DIRECTION('',(0.,0.,1.));
#8164 = ORIENTED_EDGE('',*,*,#7331,.F.);
#8165 = ORIENTED_EDGE('',*,*,#8159,.F.);
#8166 = CYLINDRICAL_SURFACE('',#8167,0.75);
#8167 = AXIS2_PLACEMENT_3D('',#8168,#8169,#8170);
#8168 = CARTESIAN_POINT('',(94.615,-82.677,-4.6E-02));
#8169 = DIRECTION('',(-0.,-0.,-1.));
#8170 = DIRECTION('',(-0.,-1.,0.));
#8171 = ADVANCED_FACE('',(#8172),#8183,.F.);
#8172 = FACE_BOUND('',#8173,.T.);
#8173 = EDGE_LOOP('',(#8174,#8175,#8181,#8182));
#8174 = ORIENTED_EDGE('',*,*,#6648,.T.);
#8175 = ORIENTED_EDGE('',*,*,#8176,.T.);
#8176 = EDGE_CURVE('',#6649,#7343,#8177,.T.);
#8177 = LINE('',#8178,#8179);
#8178 = CARTESIAN_POINT('',(98.425,-87.217,-4.6E-02));
#8179 = VECTOR('',#8180,1.);
#8180 = DIRECTION('',(0.,0.,1.));
#8181 = ORIENTED_EDGE('',*,*,#7342,.F.);
#8182 = ORIENTED_EDGE('',*,*,#8176,.F.);
#8183 = CYLINDRICAL_SURFACE('',#8184,2.);
#8184 = AXIS2_PLACEMENT_3D('',#8185,#8186,#8187);
#8185 = CARTESIAN_POINT('',(98.425,-85.217,-4.6E-02));
#8186 = DIRECTION('',(-0.,-0.,-1.));
#8187 = DIRECTION('',(-0.,-1.,0.));
#8188 = ADVANCED_FACE('',(#8189),#8200,.F.);
#8189 = FACE_BOUND('',#8190,.T.);
#8190 = EDGE_LOOP('',(#8191,#8192,#8198,#8199));
#8191 = ORIENTED_EDGE('',*,*,#6659,.T.);
#8192 = ORIENTED_EDGE('',*,*,#8193,.T.);
#8193 = EDGE_CURVE('',#6660,#7354,#8194,.T.);
#8194 = LINE('',#8195,#8196);
#8195 = CARTESIAN_POINT('',(103.505,-86.067,-4.6E-02));
#8196 = VECTOR('',#8197,1.);
#8197 = DIRECTION('',(0.,0.,1.));
#8198 = ORIENTED_EDGE('',*,*,#7353,.F.);
#8199 = ORIENTED_EDGE('',*,*,#8193,.F.);
#8200 = CYLINDRICAL_SURFACE('',#8201,0.85);
#8201 = AXIS2_PLACEMENT_3D('',#8202,#8203,#8204);
#8202 = CARTESIAN_POINT('',(103.505,-85.217,-4.6E-02));
#8203 = DIRECTION('',(-0.,-0.,-1.));
#8204 = DIRECTION('',(-0.,-1.,0.));
#8205 = ADVANCED_FACE('',(#8206),#8217,.F.);
#8206 = FACE_BOUND('',#8207,.T.);
#8207 = EDGE_LOOP('',(#8208,#8209,#8215,#8216));
#8208 = ORIENTED_EDGE('',*,*,#6670,.T.);
#8209 = ORIENTED_EDGE('',*,*,#8210,.T.);
#8210 = EDGE_CURVE('',#6671,#7365,#8211,.T.);
#8211 = LINE('',#8212,#8213);
#8212 = CARTESIAN_POINT('',(100.965,-80.887,-4.6E-02));
#8213 = VECTOR('',#8214,1.);
#8214 = DIRECTION('',(0.,0.,1.));
#8215 = ORIENTED_EDGE('',*,*,#7364,.F.);
#8216 = ORIENTED_EDGE('',*,*,#8210,.F.);
#8217 = CYLINDRICAL_SURFACE('',#8218,0.75);
#8218 = AXIS2_PLACEMENT_3D('',#8219,#8220,#8221);
#8219 = CARTESIAN_POINT('',(100.965,-80.137,-4.6E-02));
#8220 = DIRECTION('',(-0.,-0.,-1.));
#8221 = DIRECTION('',(-0.,-1.,0.));
#8222 = ADVANCED_FACE('',(#8223),#8234,.F.);
#8223 = FACE_BOUND('',#8224,.T.);
#8224 = EDGE_LOOP('',(#8225,#8226,#8232,#8233));
#8225 = ORIENTED_EDGE('',*,*,#6681,.T.);
#8226 = ORIENTED_EDGE('',*,*,#8227,.T.);
#8227 = EDGE_CURVE('',#6682,#7376,#8228,.T.);
#8228 = LINE('',#8229,#8230);
#8229 = CARTESIAN_POINT('',(112.395,-86.067,-4.6E-02));
#8230 = VECTOR('',#8231,1.);
#8231 = DIRECTION('',(0.,0.,1.));
#8232 = ORIENTED_EDGE('',*,*,#7375,.F.);
#8233 = ORIENTED_EDGE('',*,*,#8227,.F.);
#8234 = CYLINDRICAL_SURFACE('',#8235,0.85);
#8235 = AXIS2_PLACEMENT_3D('',#8236,#8237,#8238);
#8236 = CARTESIAN_POINT('',(112.395,-85.217,-4.6E-02));
#8237 = DIRECTION('',(-0.,-0.,-1.));
#8238 = DIRECTION('',(-1.671865260612E-14,-1.,0.));
#8239 = ADVANCED_FACE('',(#8240),#8251,.F.);
#8240 = FACE_BOUND('',#8241,.T.);
#8241 = EDGE_LOOP('',(#8242,#8243,#8249,#8250));
#8242 = ORIENTED_EDGE('',*,*,#6692,.T.);
#8243 = ORIENTED_EDGE('',*,*,#8244,.T.);
#8244 = EDGE_CURVE('',#6693,#7387,#8245,.T.);
#8245 = LINE('',#8246,#8247);
#8246 = CARTESIAN_POINT('',(113.665,-83.427,-4.6E-02));
#8247 = VECTOR('',#8248,1.);
#8248 = DIRECTION('',(0.,0.,1.));
#8249 = ORIENTED_EDGE('',*,*,#7386,.F.);
#8250 = ORIENTED_EDGE('',*,*,#8244,.F.);
#8251 = CYLINDRICAL_SURFACE('',#8252,0.75);
#8252 = AXIS2_PLACEMENT_3D('',#8253,#8254,#8255);
#8253 = CARTESIAN_POINT('',(113.665,-82.677,-4.6E-02));
#8254 = DIRECTION('',(-0.,-0.,-1.));
#8255 = DIRECTION('',(-0.,-1.,0.));
#8256 = ADVANCED_FACE('',(#8257),#8268,.F.);
#8257 = FACE_BOUND('',#8258,.T.);
#8258 = EDGE_LOOP('',(#8259,#8260,#8266,#8267));
#8259 = ORIENTED_EDGE('',*,*,#6703,.T.);
#8260 = ORIENTED_EDGE('',*,*,#8261,.T.);
#8261 = EDGE_CURVE('',#6704,#7398,#8262,.T.);
#8262 = LINE('',#8263,#8264);
#8263 = CARTESIAN_POINT('',(117.475,-87.217,-4.6E-02));
#8264 = VECTOR('',#8265,1.);
#8265 = DIRECTION('',(0.,0.,1.));
#8266 = ORIENTED_EDGE('',*,*,#7397,.F.);
#8267 = ORIENTED_EDGE('',*,*,#8261,.F.);
#8268 = CYLINDRICAL_SURFACE('',#8269,2.);
#8269 = AXIS2_PLACEMENT_3D('',#8270,#8271,#8272);
#8270 = CARTESIAN_POINT('',(117.475,-85.217,-4.6E-02));
#8271 = DIRECTION('',(-0.,-0.,-1.));
#8272 = DIRECTION('',(-0.,-1.,0.));
#8273 = ADVANCED_FACE('',(#8274),#8285,.F.);
#8274 = FACE_BOUND('',#8275,.T.);
#8275 = EDGE_LOOP('',(#8276,#8277,#8283,#8284));
#8276 = ORIENTED_EDGE('',*,*,#6714,.T.);
#8277 = ORIENTED_EDGE('',*,*,#8278,.T.);
#8278 = EDGE_CURVE('',#6715,#7409,#8279,.T.);
#8279 = LINE('',#8280,#8281);
#8280 = CARTESIAN_POINT('',(122.555,-86.067,-4.6E-02));
#8281 = VECTOR('',#8282,1.);
#8282 = DIRECTION('',(0.,0.,1.));
#8283 = ORIENTED_EDGE('',*,*,#7408,.F.);
#8284 = ORIENTED_EDGE('',*,*,#8278,.F.);
#8285 = CYLINDRICAL_SURFACE('',#8286,0.85);
#8286 = AXIS2_PLACEMENT_3D('',#8287,#8288,#8289);
#8287 = CARTESIAN_POINT('',(122.555,-85.217,-4.6E-02));
#8288 = DIRECTION('',(-0.,-0.,-1.));
#8289 = DIRECTION('',(-0.,-1.,0.));
#8290 = ADVANCED_FACE('',(#8291),#8302,.F.);
#8291 = FACE_BOUND('',#8292,.T.);
#8292 = EDGE_LOOP('',(#8293,#8294,#8300,#8301));
#8293 = ORIENTED_EDGE('',*,*,#6725,.T.);
#8294 = ORIENTED_EDGE('',*,*,#8295,.T.);
#8295 = EDGE_CURVE('',#6726,#7420,#8296,.T.);
#8296 = LINE('',#8297,#8298);
#8297 = CARTESIAN_POINT('',(120.015,-80.887,-4.6E-02));
#8298 = VECTOR('',#8299,1.);
#8299 = DIRECTION('',(0.,0.,1.));
#8300 = ORIENTED_EDGE('',*,*,#7419,.F.);
#8301 = ORIENTED_EDGE('',*,*,#8295,.F.);
#8302 = CYLINDRICAL_SURFACE('',#8303,0.75);
#8303 = AXIS2_PLACEMENT_3D('',#8304,#8305,#8306);
#8304 = CARTESIAN_POINT('',(120.015,-80.137,-4.6E-02));
#8305 = DIRECTION('',(-0.,-0.,-1.));
#8306 = DIRECTION('',(-0.,-1.,0.));
#8307 = ADVANCED_FACE('',(#8308),#8324,.F.);
#8308 = FACE_BOUND('',#8309,.T.);
#8309 = EDGE_LOOP('',(#8310,#8311,#8317,#8318));
#8310 = ORIENTED_EDGE('',*,*,#6736,.T.);
#8311 = ORIENTED_EDGE('',*,*,#8312,.T.);
#8312 = EDGE_CURVE('',#6739,#7433,#8313,.T.);
#8313 = LINE('',#8314,#8315);
#8314 = CARTESIAN_POINT('',(120.927,-74.179,-4.6E-02));
#8315 = VECTOR('',#8316,1.);
#8316 = DIRECTION('',(0.,0.,1.));
#8317 = ORIENTED_EDGE('',*,*,#7430,.F.);
#8318 = ORIENTED_EDGE('',*,*,#8319,.F.);
#8319 = EDGE_CURVE('',#6737,#7431,#8320,.T.);
#8320 = LINE('',#8321,#8322);
#8321 = CARTESIAN_POINT('',(120.927,-72.379,-4.6E-02));
#8322 = VECTOR('',#8323,1.);
#8323 = DIRECTION('',(0.,0.,1.));
#8324 = CYLINDRICAL_SURFACE('',#8325,0.9);
#8325 = AXIS2_PLACEMENT_3D('',#8326,#8327,#8328);
#8326 = CARTESIAN_POINT('',(120.927,-73.279,-4.6E-02));
#8327 = DIRECTION('',(-0.,-0.,-1.));
#8328 = DIRECTION('',(-0.,-1.,0.));
#8329 = ADVANCED_FACE('',(#8330),#8341,.T.);
#8330 = FACE_BOUND('',#8331,.T.);
#8331 = EDGE_LOOP('',(#8332,#8333,#8334,#8335));
#8332 = ORIENTED_EDGE('',*,*,#6764,.T.);
#8333 = ORIENTED_EDGE('',*,*,#8319,.T.);
#8334 = ORIENTED_EDGE('',*,*,#7458,.F.);
#8335 = ORIENTED_EDGE('',*,*,#8336,.F.);
#8336 = EDGE_CURVE('',#6756,#7450,#8337,.T.);
#8337 = LINE('',#8338,#8339);
#8338 = CARTESIAN_POINT('',(120.627,-72.379,-4.6E-02));
#8339 = VECTOR('',#8340,1.);
#8340 = DIRECTION('',(0.,0.,1.));
#8341 = PLANE('',#8342);
#8342 = AXIS2_PLACEMENT_3D('',#8343,#8344,#8345);
#8343 = CARTESIAN_POINT('',(120.927,-72.379,-4.6E-02));
#8344 = DIRECTION('',(0.,-1.,0.));
#8345 = DIRECTION('',(-1.,0.,0.));
#8346 = ADVANCED_FACE('',(#8347),#8358,.F.);
#8347 = FACE_BOUND('',#8348,.T.);
#8348 = EDGE_LOOP('',(#8349,#8350,#8351,#8352));
#8349 = ORIENTED_EDGE('',*,*,#6755,.T.);
#8350 = ORIENTED_EDGE('',*,*,#8336,.T.);
#8351 = ORIENTED_EDGE('',*,*,#7449,.F.);
#8352 = ORIENTED_EDGE('',*,*,#8353,.F.);
#8353 = EDGE_CURVE('',#6748,#7442,#8354,.T.);
#8354 = LINE('',#8355,#8356);
#8355 = CARTESIAN_POINT('',(120.627,-74.179,-4.6E-02));
#8356 = VECTOR('',#8357,1.);
#8357 = DIRECTION('',(0.,0.,1.));
#8358 = CYLINDRICAL_SURFACE('',#8359,0.9);
#8359 = AXIS2_PLACEMENT_3D('',#8360,#8361,#8362);
#8360 = CARTESIAN_POINT('',(120.627,-73.279,-4.6E-02));
#8361 = DIRECTION('',(-0.,0.,-1.));
#8362 = DIRECTION('',(0.,1.,0.));
#8363 = ADVANCED_FACE('',(#8364),#8370,.T.);
#8364 = FACE_BOUND('',#8365,.T.);
#8365 = EDGE_LOOP('',(#8366,#8367,#8368,#8369));
#8366 = ORIENTED_EDGE('',*,*,#6747,.T.);
#8367 = ORIENTED_EDGE('',*,*,#8353,.T.);
#8368 = ORIENTED_EDGE('',*,*,#7441,.F.);
#8369 = ORIENTED_EDGE('',*,*,#8312,.F.);
#8370 = PLANE('',#8371);
#8371 = AXIS2_PLACEMENT_3D('',#8372,#8373,#8374);
#8372 = CARTESIAN_POINT('',(120.627,-74.179,-4.6E-02));
#8373 = DIRECTION('',(0.,1.,0.));
#8374 = DIRECTION('',(1.,0.,0.));
#8375 = ADVANCED_FACE('',(#8376),#8387,.F.);
#8376 = FACE_BOUND('',#8377,.T.);
#8377 = EDGE_LOOP('',(#8378,#8379,#8385,#8386));
#8378 = ORIENTED_EDGE('',*,*,#6772,.T.);
#8379 = ORIENTED_EDGE('',*,*,#8380,.T.);
#8380 = EDGE_CURVE('',#6773,#7467,#8381,.T.);
#8381 = LINE('',#8382,#8383);
#8382 = CARTESIAN_POINT('',(113.777,-71.879,-4.6E-02));
#8383 = VECTOR('',#8384,1.);
#8384 = DIRECTION('',(0.,0.,1.));
#8385 = ORIENTED_EDGE('',*,*,#7466,.F.);
#8386 = ORIENTED_EDGE('',*,*,#8380,.F.);
#8387 = CYLINDRICAL_SURFACE('',#8388,0.5);
#8388 = AXIS2_PLACEMENT_3D('',#8389,#8390,#8391);
#8389 = CARTESIAN_POINT('',(113.777,-71.379,-4.6E-02));
#8390 = DIRECTION('',(-0.,-0.,-1.));
#8391 = DIRECTION('',(-0.,-1.,0.));
#8392 = ADVANCED_FACE('',(#8393),#8404,.F.);
#8393 = FACE_BOUND('',#8394,.T.);
#8394 = EDGE_LOOP('',(#8395,#8396,#8402,#8403));
#8395 = ORIENTED_EDGE('',*,*,#6783,.T.);
#8396 = ORIENTED_EDGE('',*,*,#8397,.T.);
#8397 = EDGE_CURVE('',#6784,#7478,#8398,.T.);
#8398 = LINE('',#8399,#8400);
#8399 = CARTESIAN_POINT('',(113.777,-69.379,-4.6E-02));
#8400 = VECTOR('',#8401,1.);
#8401 = DIRECTION('',(0.,0.,1.));
#8402 = ORIENTED_EDGE('',*,*,#7477,.F.);
#8403 = ORIENTED_EDGE('',*,*,#8397,.F.);
#8404 = CYLINDRICAL_SURFACE('',#8405,0.5);
#8405 = AXIS2_PLACEMENT_3D('',#8406,#8407,#8408);
#8406 = CARTESIAN_POINT('',(113.777,-68.879,-4.6E-02));
#8407 = DIRECTION('',(-0.,-0.,-1.));
#8408 = DIRECTION('',(-0.,-1.,0.));
#8409 = ADVANCED_FACE('',(#8410),#8421,.F.);
#8410 = FACE_BOUND('',#8411,.T.);
#8411 = EDGE_LOOP('',(#8412,#8413,#8419,#8420));
#8412 = ORIENTED_EDGE('',*,*,#6794,.T.);
#8413 = ORIENTED_EDGE('',*,*,#8414,.T.);
#8414 = EDGE_CURVE('',#6795,#7489,#8415,.T.);
#8415 = LINE('',#8416,#8417);
#8416 = CARTESIAN_POINT('',(49.398,-64.,-4.6E-02));
#8417 = VECTOR('',#8418,1.);
#8418 = DIRECTION('',(0.,0.,1.));
#8419 = ORIENTED_EDGE('',*,*,#7488,.F.);
#8420 = ORIENTED_EDGE('',*,*,#8414,.F.);
#8421 = CYLINDRICAL_SURFACE('',#8422,0.5);
#8422 = AXIS2_PLACEMENT_3D('',#8423,#8424,#8425);
#8423 = CARTESIAN_POINT('',(49.398,-63.5,-4.6E-02));
#8424 = DIRECTION('',(-0.,-0.,-1.));
#8425 = DIRECTION('',(-0.,-1.,0.));
#8426 = ADVANCED_FACE('',(#8427),#8438,.F.);
#8427 = FACE_BOUND('',#8428,.T.);
#8428 = EDGE_LOOP('',(#8429,#8430,#8436,#8437));
#8429 = ORIENTED_EDGE('',*,*,#6805,.T.);
#8430 = ORIENTED_EDGE('',*,*,#8431,.T.);
#8431 = EDGE_CURVE('',#6806,#7500,#8432,.T.);
#8432 = LINE('',#8433,#8434);
#8433 = CARTESIAN_POINT('',(64.648,-64.,-4.6E-02));
#8434 = VECTOR('',#8435,1.);
#8435 = DIRECTION('',(0.,0.,1.));
#8436 = ORIENTED_EDGE('',*,*,#7499,.F.);
#8437 = ORIENTED_EDGE('',*,*,#8431,.F.);
#8438 = CYLINDRICAL_SURFACE('',#8439,0.5);
#8439 = AXIS2_PLACEMENT_3D('',#8440,#8441,#8442);
#8440 = CARTESIAN_POINT('',(64.648,-63.5,-4.6E-02));
#8441 = DIRECTION('',(-0.,-0.,-1.));
#8442 = DIRECTION('',(-0.,-1.,0.));
#8443 = ADVANCED_FACE('',(#8444),#8455,.F.);
#8444 = FACE_BOUND('',#8445,.T.);
#8445 = EDGE_LOOP('',(#8446,#8447,#8453,#8454));
#8446 = ORIENTED_EDGE('',*,*,#6816,.T.);
#8447 = ORIENTED_EDGE('',*,*,#8448,.T.);
#8448 = EDGE_CURVE('',#6817,#7511,#8449,.T.);
#8449 = LINE('',#8450,#8451);
#8450 = CARTESIAN_POINT('',(49.398,-61.46,-4.6E-02));
#8451 = VECTOR('',#8452,1.);
#8452 = DIRECTION('',(0.,0.,1.));
#8453 = ORIENTED_EDGE('',*,*,#7510,.F.);
#8454 = ORIENTED_EDGE('',*,*,#8448,.F.);
#8455 = CYLINDRICAL_SURFACE('',#8456,0.5);
#8456 = AXIS2_PLACEMENT_3D('',#8457,#8458,#8459);
#8457 = CARTESIAN_POINT('',(49.398,-60.96,-4.6E-02));
#8458 = DIRECTION('',(-0.,-0.,-1.));
#8459 = DIRECTION('',(-0.,-1.,0.));
#8460 = ADVANCED_FACE('',(#8461),#8472,.F.);
#8461 = FACE_BOUND('',#8462,.T.);
#8462 = EDGE_LOOP('',(#8463,#8464,#8470,#8471));
#8463 = ORIENTED_EDGE('',*,*,#6827,.T.);
#8464 = ORIENTED_EDGE('',*,*,#8465,.T.);
#8465 = EDGE_CURVE('',#6828,#7522,#8466,.T.);
#8466 = LINE('',#8467,#8468);
#8467 = CARTESIAN_POINT('',(49.398,-58.92,-4.6E-02));
#8468 = VECTOR('',#8469,1.);
#8469 = DIRECTION('',(0.,0.,1.));
#8470 = ORIENTED_EDGE('',*,*,#7521,.F.);
#8471 = ORIENTED_EDGE('',*,*,#8465,.F.);
#8472 = CYLINDRICAL_SURFACE('',#8473,0.5);
#8473 = AXIS2_PLACEMENT_3D('',#8474,#8475,#8476);
#8474 = CARTESIAN_POINT('',(49.398,-58.42,-4.6E-02));
#8475 = DIRECTION('',(-0.,-0.,-1.));
#8476 = DIRECTION('',(-0.,-1.,0.));
#8477 = ADVANCED_FACE('',(#8478),#8489,.F.);
#8478 = FACE_BOUND('',#8479,.T.);
#8479 = EDGE_LOOP('',(#8480,#8481,#8487,#8488));
#8480 = ORIENTED_EDGE('',*,*,#6838,.T.);
#8481 = ORIENTED_EDGE('',*,*,#8482,.T.);
#8482 = EDGE_CURVE('',#6839,#7533,#8483,.T.);
#8483 = LINE('',#8484,#8485);
#8484 = CARTESIAN_POINT('',(64.648,-61.46,-4.6E-02));
#8485 = VECTOR('',#8486,1.);
#8486 = DIRECTION('',(0.,0.,1.));
#8487 = ORIENTED_EDGE('',*,*,#7532,.F.);
#8488 = ORIENTED_EDGE('',*,*,#8482,.F.);
#8489 = CYLINDRICAL_SURFACE('',#8490,0.5);
#8490 = AXIS2_PLACEMENT_3D('',#8491,#8492,#8493);
#8491 = CARTESIAN_POINT('',(64.648,-60.96,-4.6E-02));
#8492 = DIRECTION('',(-0.,-0.,-1.));
#8493 = DIRECTION('',(-0.,-1.,0.));
#8494 = ADVANCED_FACE('',(#8495),#8506,.F.);
#8495 = FACE_BOUND('',#8496,.T.);
#8496 = EDGE_LOOP('',(#8497,#8498,#8504,#8505));
#8497 = ORIENTED_EDGE('',*,*,#6849,.T.);
#8498 = ORIENTED_EDGE('',*,*,#8499,.T.);
#8499 = EDGE_CURVE('',#6850,#7544,#8500,.T.);
#8500 = LINE('',#8501,#8502);
#8501 = CARTESIAN_POINT('',(64.648,-58.92,-4.6E-02));
#8502 = VECTOR('',#8503,1.);
#8503 = DIRECTION('',(0.,0.,1.));
#8504 = ORIENTED_EDGE('',*,*,#7543,.F.);
#8505 = ORIENTED_EDGE('',*,*,#8499,.F.);
#8506 = CYLINDRICAL_SURFACE('',#8507,0.5);
#8507 = AXIS2_PLACEMENT_3D('',#8508,#8509,#8510);
#8508 = CARTESIAN_POINT('',(64.648,-58.42,-4.6E-02));
#8509 = DIRECTION('',(-0.,-0.,-1.));
#8510 = DIRECTION('',(-0.,-1.,0.));
#8511 = ADVANCED_FACE('',(#8512),#8523,.F.);
#8512 = FACE_BOUND('',#8513,.T.);
#8513 = EDGE_LOOP('',(#8514,#8515,#8521,#8522));
#8514 = ORIENTED_EDGE('',*,*,#6860,.T.);
#8515 = ORIENTED_EDGE('',*,*,#8516,.T.);
#8516 = EDGE_CURVE('',#6861,#7555,#8517,.T.);
#8517 = LINE('',#8518,#8519);
#8518 = CARTESIAN_POINT('',(49.398,-56.38,-4.6E-02));
#8519 = VECTOR('',#8520,1.);
#8520 = DIRECTION('',(0.,0.,1.));
#8521 = ORIENTED_EDGE('',*,*,#7554,.F.);
#8522 = ORIENTED_EDGE('',*,*,#8516,.F.);
#8523 = CYLINDRICAL_SURFACE('',#8524,0.5);
#8524 = AXIS2_PLACEMENT_3D('',#8525,#8526,#8527);
#8525 = CARTESIAN_POINT('',(49.398,-55.88,-4.6E-02));
#8526 = DIRECTION('',(-0.,-0.,-1.));
#8527 = DIRECTION('',(-0.,-1.,0.));
#8528 = ADVANCED_FACE('',(#8529),#8540,.F.);
#8529 = FACE_BOUND('',#8530,.T.);
#8530 = EDGE_LOOP('',(#8531,#8532,#8538,#8539));
#8531 = ORIENTED_EDGE('',*,*,#6871,.T.);
#8532 = ORIENTED_EDGE('',*,*,#8533,.T.);
#8533 = EDGE_CURVE('',#6872,#7566,#8534,.T.);
#8534 = LINE('',#8535,#8536);
#8535 = CARTESIAN_POINT('',(49.398,-53.84,-4.6E-02));
#8536 = VECTOR('',#8537,1.);
#8537 = DIRECTION('',(0.,0.,1.));
#8538 = ORIENTED_EDGE('',*,*,#7565,.F.);
#8539 = ORIENTED_EDGE('',*,*,#8533,.F.);
#8540 = CYLINDRICAL_SURFACE('',#8541,0.5);
#8541 = AXIS2_PLACEMENT_3D('',#8542,#8543,#8544);
#8542 = CARTESIAN_POINT('',(49.398,-53.34,-4.6E-02));
#8543 = DIRECTION('',(-0.,-0.,-1.));
#8544 = DIRECTION('',(-0.,-1.,0.));
#8545 = ADVANCED_FACE('',(#8546),#8557,.F.);
#8546 = FACE_BOUND('',#8547,.T.);
#8547 = EDGE_LOOP('',(#8548,#8549,#8555,#8556));
#8548 = ORIENTED_EDGE('',*,*,#6882,.T.);
#8549 = ORIENTED_EDGE('',*,*,#8550,.T.);
#8550 = EDGE_CURVE('',#6883,#7577,#8551,.T.);
#8551 = LINE('',#8552,#8553);
#8552 = CARTESIAN_POINT('',(64.648,-56.38,-4.6E-02));
#8553 = VECTOR('',#8554,1.);
#8554 = DIRECTION('',(0.,0.,1.));
#8555 = ORIENTED_EDGE('',*,*,#7576,.F.);
#8556 = ORIENTED_EDGE('',*,*,#8550,.F.);
#8557 = CYLINDRICAL_SURFACE('',#8558,0.5);
#8558 = AXIS2_PLACEMENT_3D('',#8559,#8560,#8561);
#8559 = CARTESIAN_POINT('',(64.648,-55.88,-4.6E-02));
#8560 = DIRECTION('',(-0.,-0.,-1.));
#8561 = DIRECTION('',(-0.,-1.,0.));
#8562 = ADVANCED_FACE('',(#8563),#8574,.F.);
#8563 = FACE_BOUND('',#8564,.T.);
#8564 = EDGE_LOOP('',(#8565,#8566,#8572,#8573));
#8565 = ORIENTED_EDGE('',*,*,#6893,.T.);
#8566 = ORIENTED_EDGE('',*,*,#8567,.T.);
#8567 = EDGE_CURVE('',#6894,#7588,#8568,.T.);
#8568 = LINE('',#8569,#8570);
#8569 = CARTESIAN_POINT('',(64.648,-53.84,-4.6E-02));
#8570 = VECTOR('',#8571,1.);
#8571 = DIRECTION('',(0.,0.,1.));
#8572 = ORIENTED_EDGE('',*,*,#7587,.F.);
#8573 = ORIENTED_EDGE('',*,*,#8567,.F.);
#8574 = CYLINDRICAL_SURFACE('',#8575,0.5);
#8575 = AXIS2_PLACEMENT_3D('',#8576,#8577,#8578);
#8576 = CARTESIAN_POINT('',(64.648,-53.34,-4.6E-02));
#8577 = DIRECTION('',(-0.,-0.,-1.));
#8578 = DIRECTION('',(-0.,-1.,0.));
#8579 = ADVANCED_FACE('',(#8580),#8591,.F.);
#8580 = FACE_BOUND('',#8581,.T.);
#8581 = EDGE_LOOP('',(#8582,#8583,#8589,#8590));
#8582 = ORIENTED_EDGE('',*,*,#6904,.T.);
#8583 = ORIENTED_EDGE('',*,*,#8584,.T.);
#8584 = EDGE_CURVE('',#6905,#7599,#8585,.T.);
#8585 = LINE('',#8586,#8587);
#8586 = CARTESIAN_POINT('',(49.398,-51.3,-4.6E-02));
#8587 = VECTOR('',#8588,1.);
#8588 = DIRECTION('',(0.,0.,1.));
#8589 = ORIENTED_EDGE('',*,*,#7598,.F.);
#8590 = ORIENTED_EDGE('',*,*,#8584,.F.);
#8591 = CYLINDRICAL_SURFACE('',#8592,0.5);
#8592 = AXIS2_PLACEMENT_3D('',#8593,#8594,#8595);
#8593 = CARTESIAN_POINT('',(49.398,-50.8,-4.6E-02));
#8594 = DIRECTION('',(-0.,-0.,-1.));
#8595 = DIRECTION('',(-0.,-1.,0.));
#8596 = ADVANCED_FACE('',(#8597),#8608,.F.);
#8597 = FACE_BOUND('',#8598,.T.);
#8598 = EDGE_LOOP('',(#8599,#8600,#8606,#8607));
#8599 = ORIENTED_EDGE('',*,*,#6915,.T.);
#8600 = ORIENTED_EDGE('',*,*,#8601,.T.);
#8601 = EDGE_CURVE('',#6916,#7610,#8602,.T.);
#8602 = LINE('',#8603,#8604);
#8603 = CARTESIAN_POINT('',(49.398,-48.76,-4.6E-02));
#8604 = VECTOR('',#8605,1.);
#8605 = DIRECTION('',(0.,0.,1.));
#8606 = ORIENTED_EDGE('',*,*,#7609,.F.);
#8607 = ORIENTED_EDGE('',*,*,#8601,.F.);
#8608 = CYLINDRICAL_SURFACE('',#8609,0.5);
#8609 = AXIS2_PLACEMENT_3D('',#8610,#8611,#8612);
#8610 = CARTESIAN_POINT('',(49.398,-48.26,-4.6E-02));
#8611 = DIRECTION('',(-0.,-0.,-1.));
#8612 = DIRECTION('',(-0.,-1.,0.));
#8613 = ADVANCED_FACE('',(#8614),#8625,.F.);
#8614 = FACE_BOUND('',#8615,.T.);
#8615 = EDGE_LOOP('',(#8616,#8617,#8623,#8624));
#8616 = ORIENTED_EDGE('',*,*,#6926,.T.);
#8617 = ORIENTED_EDGE('',*,*,#8618,.T.);
#8618 = EDGE_CURVE('',#6927,#7621,#8619,.T.);
#8619 = LINE('',#8620,#8621);
#8620 = CARTESIAN_POINT('',(64.648,-51.3,-4.6E-02));
#8621 = VECTOR('',#8622,1.);
#8622 = DIRECTION('',(0.,0.,1.));
#8623 = ORIENTED_EDGE('',*,*,#7620,.F.);
#8624 = ORIENTED_EDGE('',*,*,#8618,.F.);
#8625 = CYLINDRICAL_SURFACE('',#8626,0.5);
#8626 = AXIS2_PLACEMENT_3D('',#8627,#8628,#8629);
#8627 = CARTESIAN_POINT('',(64.648,-50.8,-4.6E-02));
#8628 = DIRECTION('',(-0.,-0.,-1.));
#8629 = DIRECTION('',(-0.,-1.,0.));
#8630 = ADVANCED_FACE('',(#8631),#8642,.F.);
#8631 = FACE_BOUND('',#8632,.T.);
#8632 = EDGE_LOOP('',(#8633,#8634,#8640,#8641));
#8633 = ORIENTED_EDGE('',*,*,#6937,.T.);
#8634 = ORIENTED_EDGE('',*,*,#8635,.T.);
#8635 = EDGE_CURVE('',#6938,#7632,#8636,.T.);
#8636 = LINE('',#8637,#8638);
#8637 = CARTESIAN_POINT('',(64.648,-48.76,-4.6E-02));
#8638 = VECTOR('',#8639,1.);
#8639 = DIRECTION('',(0.,0.,1.));
#8640 = ORIENTED_EDGE('',*,*,#7631,.F.);
#8641 = ORIENTED_EDGE('',*,*,#8635,.F.);
#8642 = CYLINDRICAL_SURFACE('',#8643,0.5);
#8643 = AXIS2_PLACEMENT_3D('',#8644,#8645,#8646);
#8644 = CARTESIAN_POINT('',(64.648,-48.26,-4.6E-02));
#8645 = DIRECTION('',(-0.,-0.,-1.));
#8646 = DIRECTION('',(-0.,-1.,0.));
#8647 = ADVANCED_FACE('',(#8648),#8659,.F.);
#8648 = FACE_BOUND('',#8649,.T.);
#8649 = EDGE_LOOP('',(#8650,#8651,#8657,#8658));
#8650 = ORIENTED_EDGE('',*,*,#6948,.T.);
#8651 = ORIENTED_EDGE('',*,*,#8652,.T.);
#8652 = EDGE_CURVE('',#6949,#7643,#8653,.T.);
#8653 = LINE('',#8654,#8655);
#8654 = CARTESIAN_POINT('',(93.345,-67.017,-4.6E-02));
#8655 = VECTOR('',#8656,1.);
#8656 = DIRECTION('',(0.,0.,1.));
#8657 = ORIENTED_EDGE('',*,*,#7642,.F.);
#8658 = ORIENTED_EDGE('',*,*,#8652,.F.);
#8659 = CYLINDRICAL_SURFACE('',#8660,0.85);
#8660 = AXIS2_PLACEMENT_3D('',#8661,#8662,#8663);
#8661 = CARTESIAN_POINT('',(93.345,-66.167,-4.6E-02));
#8662 = DIRECTION('',(-0.,-0.,-1.));
#8663 = DIRECTION('',(-0.,-1.,0.));
#8664 = ADVANCED_FACE('',(#8665),#8676,.F.);
#8665 = FACE_BOUND('',#8666,.T.);
#8666 = EDGE_LOOP('',(#8667,#8668,#8674,#8675));
#8667 = ORIENTED_EDGE('',*,*,#6959,.T.);
#8668 = ORIENTED_EDGE('',*,*,#8669,.T.);
#8669 = EDGE_CURVE('',#6960,#7654,#8670,.T.);
#8670 = LINE('',#8671,#8672);
#8671 = CARTESIAN_POINT('',(94.615,-64.377,-4.6E-02));
#8672 = VECTOR('',#8673,1.);
#8673 = DIRECTION('',(0.,0.,1.));
#8674 = ORIENTED_EDGE('',*,*,#7653,.F.);
#8675 = ORIENTED_EDGE('',*,*,#8669,.F.);
#8676 = CYLINDRICAL_SURFACE('',#8677,0.75);
#8677 = AXIS2_PLACEMENT_3D('',#8678,#8679,#8680);
#8678 = CARTESIAN_POINT('',(94.615,-63.627,-4.6E-02));
#8679 = DIRECTION('',(-0.,-0.,-1.));
#8680 = DIRECTION('',(-0.,-1.,0.));
#8681 = ADVANCED_FACE('',(#8682),#8693,.F.);
#8682 = FACE_BOUND('',#8683,.T.);
#8683 = EDGE_LOOP('',(#8684,#8685,#8691,#8692));
#8684 = ORIENTED_EDGE('',*,*,#6970,.T.);
#8685 = ORIENTED_EDGE('',*,*,#8686,.T.);
#8686 = EDGE_CURVE('',#6971,#7665,#8687,.T.);
#8687 = LINE('',#8688,#8689);
#8688 = CARTESIAN_POINT('',(98.425,-68.167,-4.6E-02));
#8689 = VECTOR('',#8690,1.);
#8690 = DIRECTION('',(0.,0.,1.));
#8691 = ORIENTED_EDGE('',*,*,#7664,.F.);
#8692 = ORIENTED_EDGE('',*,*,#8686,.F.);
#8693 = CYLINDRICAL_SURFACE('',#8694,2.);
#8694 = AXIS2_PLACEMENT_3D('',#8695,#8696,#8697);
#8695 = CARTESIAN_POINT('',(98.425,-66.167,-4.6E-02));
#8696 = DIRECTION('',(-0.,-0.,-1.));
#8697 = DIRECTION('',(-0.,-1.,0.));
#8698 = ADVANCED_FACE('',(#8699),#8710,.F.);
#8699 = FACE_BOUND('',#8700,.T.);
#8700 = EDGE_LOOP('',(#8701,#8702,#8708,#8709));
#8701 = ORIENTED_EDGE('',*,*,#6981,.T.);
#8702 = ORIENTED_EDGE('',*,*,#8703,.T.);
#8703 = EDGE_CURVE('',#6982,#7676,#8704,.T.);
#8704 = LINE('',#8705,#8706);
#8705 = CARTESIAN_POINT('',(103.505,-67.017,-4.6E-02));
#8706 = VECTOR('',#8707,1.);
#8707 = DIRECTION('',(0.,0.,1.));
#8708 = ORIENTED_EDGE('',*,*,#7675,.F.);
#8709 = ORIENTED_EDGE('',*,*,#8703,.F.);
#8710 = CYLINDRICAL_SURFACE('',#8711,0.85);
#8711 = AXIS2_PLACEMENT_3D('',#8712,#8713,#8714);
#8712 = CARTESIAN_POINT('',(103.505,-66.167,-4.6E-02));
#8713 = DIRECTION('',(-0.,-0.,-1.));
#8714 = DIRECTION('',(-0.,-1.,0.));
#8715 = ADVANCED_FACE('',(#8716),#8727,.F.);
#8716 = FACE_BOUND('',#8717,.T.);
#8717 = EDGE_LOOP('',(#8718,#8719,#8725,#8726));
#8718 = ORIENTED_EDGE('',*,*,#6992,.T.);
#8719 = ORIENTED_EDGE('',*,*,#8720,.T.);
#8720 = EDGE_CURVE('',#6993,#7687,#8721,.T.);
#8721 = LINE('',#8722,#8723);
#8722 = CARTESIAN_POINT('',(100.965,-61.837,-4.6E-02));
#8723 = VECTOR('',#8724,1.);
#8724 = DIRECTION('',(0.,0.,1.));
#8725 = ORIENTED_EDGE('',*,*,#7686,.F.);
#8726 = ORIENTED_EDGE('',*,*,#8720,.F.);
#8727 = CYLINDRICAL_SURFACE('',#8728,0.75);
#8728 = AXIS2_PLACEMENT_3D('',#8729,#8730,#8731);
#8729 = CARTESIAN_POINT('',(100.965,-61.087,-4.6E-02));
#8730 = DIRECTION('',(-0.,-0.,-1.));
#8731 = DIRECTION('',(-0.,-1.,0.));
#8732 = ADVANCED_FACE('',(#8733),#8744,.F.);
#8733 = FACE_BOUND('',#8734,.T.);
#8734 = EDGE_LOOP('',(#8735,#8736,#8742,#8743));
#8735 = ORIENTED_EDGE('',*,*,#7003,.T.);
#8736 = ORIENTED_EDGE('',*,*,#8737,.T.);
#8737 = EDGE_CURVE('',#7004,#7698,#8738,.T.);
#8738 = LINE('',#8739,#8740);
#8739 = CARTESIAN_POINT('',(113.777,-66.879,-4.6E-02));
#8740 = VECTOR('',#8741,1.);
#8741 = DIRECTION('',(0.,0.,1.));
#8742 = ORIENTED_EDGE('',*,*,#7697,.F.);
#8743 = ORIENTED_EDGE('',*,*,#8737,.F.);
#8744 = CYLINDRICAL_SURFACE('',#8745,0.5);
#8745 = AXIS2_PLACEMENT_3D('',#8746,#8747,#8748);
#8746 = CARTESIAN_POINT('',(113.777,-66.379,-4.6E-02));
#8747 = DIRECTION('',(-0.,-0.,-1.));
#8748 = DIRECTION('',(-0.,-1.,0.));
#8749 = ADVANCED_FACE('',(#8750),#8766,.F.);
#8750 = FACE_BOUND('',#8751,.T.);
#8751 = EDGE_LOOP('',(#8752,#8753,#8759,#8760));
#8752 = ORIENTED_EDGE('',*,*,#7014,.T.);
#8753 = ORIENTED_EDGE('',*,*,#8754,.T.);
#8754 = EDGE_CURVE('',#7017,#7711,#8755,.T.);
#8755 = LINE('',#8756,#8757);
#8756 = CARTESIAN_POINT('',(120.927,-65.379,-4.6E-02));
#8757 = VECTOR('',#8758,1.);
#8758 = DIRECTION('',(0.,0.,1.));
#8759 = ORIENTED_EDGE('',*,*,#7708,.F.);
#8760 = ORIENTED_EDGE('',*,*,#8761,.F.);
#8761 = EDGE_CURVE('',#7015,#7709,#8762,.T.);
#8762 = LINE('',#8763,#8764);
#8763 = CARTESIAN_POINT('',(120.927,-63.579,-4.6E-02));
#8764 = VECTOR('',#8765,1.);
#8765 = DIRECTION('',(0.,0.,1.));
#8766 = CYLINDRICAL_SURFACE('',#8767,0.9);
#8767 = AXIS2_PLACEMENT_3D('',#8768,#8769,#8770);
#8768 = CARTESIAN_POINT('',(120.927,-64.479,-4.6E-02));
#8769 = DIRECTION('',(-0.,-0.,-1.));
#8770 = DIRECTION('',(-0.,-1.,0.));
#8771 = ADVANCED_FACE('',(#8772),#8783,.T.);
#8772 = FACE_BOUND('',#8773,.T.);
#8773 = EDGE_LOOP('',(#8774,#8775,#8776,#8777));
#8774 = ORIENTED_EDGE('',*,*,#7042,.T.);
#8775 = ORIENTED_EDGE('',*,*,#8761,.T.);
#8776 = ORIENTED_EDGE('',*,*,#7736,.F.);
#8777 = ORIENTED_EDGE('',*,*,#8778,.F.);
#8778 = EDGE_CURVE('',#7034,#7728,#8779,.T.);
#8779 = LINE('',#8780,#8781);
#8780 = CARTESIAN_POINT('',(120.627,-63.579,-4.6E-02));
#8781 = VECTOR('',#8782,1.);
#8782 = DIRECTION('',(0.,0.,1.));
#8783 = PLANE('',#8784);
#8784 = AXIS2_PLACEMENT_3D('',#8785,#8786,#8787);
#8785 = CARTESIAN_POINT('',(120.927,-63.579,-4.6E-02));
#8786 = DIRECTION('',(0.,-1.,0.));
#8787 = DIRECTION('',(-1.,0.,0.));
#8788 = ADVANCED_FACE('',(#8789),#8800,.F.);
#8789 = FACE_BOUND('',#8790,.T.);
#8790 = EDGE_LOOP('',(#8791,#8792,#8793,#8794));
#8791 = ORIENTED_EDGE('',*,*,#7033,.T.);
#8792 = ORIENTED_EDGE('',*,*,#8778,.T.);
#8793 = ORIENTED_EDGE('',*,*,#7727,.F.);
#8794 = ORIENTED_EDGE('',*,*,#8795,.F.);
#8795 = EDGE_CURVE('',#7026,#7720,#8796,.T.);
#8796 = LINE('',#8797,#8798);
#8797 = CARTESIAN_POINT('',(120.627,-65.379,-4.6E-02));
#8798 = VECTOR('',#8799,1.);
#8799 = DIRECTION('',(0.,0.,1.));
#8800 = CYLINDRICAL_SURFACE('',#8801,0.9);
#8801 = AXIS2_PLACEMENT_3D('',#8802,#8803,#8804);
#8802 = CARTESIAN_POINT('',(120.627,-64.479,-4.6E-02));
#8803 = DIRECTION('',(-0.,0.,-1.));
#8804 = DIRECTION('',(0.,1.,0.));
#8805 = ADVANCED_FACE('',(#8806),#8812,.T.);
#8806 = FACE_BOUND('',#8807,.T.);
#8807 = EDGE_LOOP('',(#8808,#8809,#8810,#8811));
#8808 = ORIENTED_EDGE('',*,*,#7025,.T.);
#8809 = ORIENTED_EDGE('',*,*,#8795,.T.);
#8810 = ORIENTED_EDGE('',*,*,#7719,.F.);
#8811 = ORIENTED_EDGE('',*,*,#8754,.F.);
#8812 = PLANE('',#8813);
#8813 = AXIS2_PLACEMENT_3D('',#8814,#8815,#8816);
#8814 = CARTESIAN_POINT('',(120.627,-65.379,-4.6E-02));
#8815 = DIRECTION('',(0.,1.,0.));
#8816 = DIRECTION('',(1.,0.,0.));
#8817 = ADVANCED_FACE('',(#8818),#8829,.F.);
#8818 = FACE_BOUND('',#8819,.T.);
#8819 = EDGE_LOOP('',(#8820,#8821,#8827,#8828));
#8820 = ORIENTED_EDGE('',*,*,#7050,.T.);
#8821 = ORIENTED_EDGE('',*,*,#8822,.T.);
#8822 = EDGE_CURVE('',#7051,#7745,#8823,.T.);
#8823 = LINE('',#8824,#8825);
#8824 = CARTESIAN_POINT('',(118.9686,-52.2144,-4.6E-02));
#8825 = VECTOR('',#8826,1.);
#8826 = DIRECTION('',(0.,0.,1.));
#8827 = ORIENTED_EDGE('',*,*,#7744,.F.);
#8828 = ORIENTED_EDGE('',*,*,#8822,.F.);
#8829 = CYLINDRICAL_SURFACE('',#8830,0.5);
#8830 = AXIS2_PLACEMENT_3D('',#8831,#8832,#8833);
#8831 = CARTESIAN_POINT('',(118.9686,-51.7144,-4.6E-02));
#8832 = DIRECTION('',(-0.,-0.,-1.));
#8833 = DIRECTION('',(-0.,-1.,0.));
#8834 = ADVANCED_FACE('',(#8835),#8846,.F.);
#8835 = FACE_BOUND('',#8836,.T.);
#8836 = EDGE_LOOP('',(#8837,#8838,#8844,#8845));
#8837 = ORIENTED_EDGE('',*,*,#7061,.T.);
#8838 = ORIENTED_EDGE('',*,*,#8839,.T.);
#8839 = EDGE_CURVE('',#7062,#7756,#8840,.T.);
#8840 = LINE('',#8841,#8842);
#8841 = CARTESIAN_POINT('',(121.5086,-52.2144,-4.6E-02));
#8842 = VECTOR('',#8843,1.);
#8843 = DIRECTION('',(0.,0.,1.));
#8844 = ORIENTED_EDGE('',*,*,#7755,.F.);
#8845 = ORIENTED_EDGE('',*,*,#8839,.F.);
#8846 = CYLINDRICAL_SURFACE('',#8847,0.5);
#8847 = AXIS2_PLACEMENT_3D('',#8848,#8849,#8850);
#8848 = CARTESIAN_POINT('',(121.5086,-51.7144,-4.6E-02));
#8849 = DIRECTION('',(-0.,-0.,-1.));
#8850 = DIRECTION('',(-0.,-1.,0.));
#8851 = ( GEOMETRIC_REPRESENTATION_CONTEXT(3) 
GLOBAL_UNCERTAINTY_ASSIGNED_CONTEXT((#8855)) 
GLOBAL_UNIT_ASSIGNED_CONTEXT((#8852,#8853,#8854)) REPRESENTATION_CONTEXT
('Context #1','3D Context with UNIT and UNCERTAINTY') );
#8852 = ( LENGTH_UNIT() NAMED_UNIT(*) SI_UNIT(.MILLI.,.METRE.) );
#8853 = ( NAMED_UNIT(*) PLANE_ANGLE_UNIT() SI_UNIT($,.RADIAN.) );
#8854 = ( NAMED_UNIT(*) SI_UNIT($,.STERADIAN.) SOLID_ANGLE_UNIT() );
#8855 = UNCERTAINTY_MEASURE_WITH_UNIT(LENGTH_MEASURE(1.E-07),#8852,
  'distance_accuracy_value','confusion accuracy');
#8856 = CONTEXT_DEPENDENT_SHAPE_REPRESENTATION(#8857,#8859);
#8857 = ( REPRESENTATION_RELATIONSHIP('','',#6275,#10) 
REPRESENTATION_RELATIONSHIP_WITH_TRANSFORMATION(#8858) 
SHAPE_REPRESENTATION_RELATIONSHIP() );
#8858 = ITEM_DEFINED_TRANSFORMATION('','',#11,#55);
#8859 = PRODUCT_DEFINITION_SHAPE('Placement','Placement of an item',
  #8860);
#8860 = NEXT_ASSEMBLY_USAGE_OCCURRENCE('15','=>[0:1:1:10]','',#5,#6270,$
  );
#8861 = PRODUCT_RELATED_PRODUCT_CATEGORY('part',$,(#6272));
#8862 = MECHANICAL_DESIGN_GEOMETRIC_PRESENTATION_REPRESENTATION('',(
    #8863),#8851);
#8863 = STYLED_ITEM('color',(#8864),#6276);
#8864 = PRESENTATION_STYLE_ASSIGNMENT((#8865));
#8865 = SURFACE_STYLE_USAGE(.BOTH.,#8866);
#8866 = SURFACE_SIDE_STYLE('',(#8867));
#8867 = SURFACE_STYLE_FILL_AREA(#8868);
#8868 = FILL_AREA_STYLE('',(#8869));
#8869 = FILL_AREA_STYLE_COLOUR('',#8870);
#8870 = COLOUR_RGB('',0.313304153717,0.484529207832,0.410020903123);
#8871 = MECHANICAL_DESIGN_GEOMETRIC_PRESENTATION_REPRESENTATION('',(
    #8872,#8882,#8891,#8901,#8910,#8919,#8929,#8938,#8947,#8956,#8965,
    #8974,#8983,#8992,#9001,#9010,#9019,#9028,#9037,#9046,#9055,#9064,
    #9073,#9082,#9091,#9100,#9109,#9118,#9127,#9136,#9145,#9154,#9163,
    #9172,#9181,#9190,#9199,#9208,#9217,#9226,#9235,#9244,#9253,#9262,
    #9271,#9280,#9289,#9298,#9307,#9316,#9325,#9334,#9343,#9352,#9361,
    #9370,#9379,#9388,#9397,#9406,#9415,#9424,#9433,#9442,#9451,#9460,
    #9469,#9478,#9487,#9496,#9505,#9514,#9523,#9532,#9541,#9550,#9559,
    #9568,#9577,#9586,#9595,#9604,#9613,#9622,#9631,#9640,#9649,#9658,
    #9667,#9676,#9685,#9694,#9703,#9712,#9721,#9730,#9739,#9748,#9757,
    #9766,#9775,#9784,#9793,#9802,#9811,#9820,#9829,#9838,#9847,#9856,
    #9865),#4758);
#8872 = STYLED_ITEM('color',(#8873),#1222);
#8873 = PRESENTATION_STYLE_ASSIGNMENT((#8874,#8880));
#8874 = SURFACE_STYLE_USAGE(.BOTH.,#8875);
#8875 = SURFACE_SIDE_STYLE('',(#8876));
#8876 = SURFACE_STYLE_FILL_AREA(#8877);
#8877 = FILL_AREA_STYLE('',(#8878));
#8878 = FILL_AREA_STYLE_COLOUR('',#8879);
#8879 = COLOUR_RGB('',0.147999998088,0.145000001626,0.145000001626);
#8880 = CURVE_STYLE('',#8881,POSITIVE_LENGTH_MEASURE(0.1),#8879);
#8881 = DRAUGHTING_PRE_DEFINED_CURVE_FONT('continuous');
#8882 = STYLED_ITEM('color',(#8883),#1390);
#8883 = PRESENTATION_STYLE_ASSIGNMENT((#8884,#8889));
#8884 = SURFACE_STYLE_USAGE(.BOTH.,#8885);
#8885 = SURFACE_SIDE_STYLE('',(#8886));
#8886 = SURFACE_STYLE_FILL_AREA(#8887);
#8887 = FILL_AREA_STYLE('',(#8888));
#8888 = FILL_AREA_STYLE_COLOUR('',#8879);
#8889 = CURVE_STYLE('',#8890,POSITIVE_LENGTH_MEASURE(0.1),#8879);
#8890 = DRAUGHTING_PRE_DEFINED_CURVE_FONT('continuous');
#8891 = OVER_RIDING_STYLED_ITEM('overriding color',(#8892),#1419,#8882);
#8892 = PRESENTATION_STYLE_ASSIGNMENT((#8893,#8899));
#8893 = SURFACE_STYLE_USAGE(.BOTH.,#8894);
#8894 = SURFACE_SIDE_STYLE('',(#8895));
#8895 = SURFACE_STYLE_FILL_AREA(#8896);
#8896 = FILL_AREA_STYLE('',(#8897));
#8897 = FILL_AREA_STYLE_COLOUR('',#8898);
#8898 = COLOUR_RGB('',0.690999998585,0.664000007176,0.597999987832);
#8899 = CURVE_STYLE('',#8900,POSITIVE_LENGTH_MEASURE(0.1),#8898);
#8900 = DRAUGHTING_PRE_DEFINED_CURVE_FONT('continuous');
#8901 = STYLED_ITEM('color',(#8902),#1432);
#8902 = PRESENTATION_STYLE_ASSIGNMENT((#8903,#8908));
#8903 = SURFACE_STYLE_USAGE(.BOTH.,#8904);
#8904 = SURFACE_SIDE_STYLE('',(#8905));
#8905 = SURFACE_STYLE_FILL_AREA(#8906);
#8906 = FILL_AREA_STYLE('',(#8907));
#8907 = FILL_AREA_STYLE_COLOUR('',#8879);
#8908 = CURVE_STYLE('',#8909,POSITIVE_LENGTH_MEASURE(0.1),#8879);
#8909 = DRAUGHTING_PRE_DEFINED_CURVE_FONT('continuous');
#8910 = STYLED_ITEM('color',(#8911),#1584);
#8911 = PRESENTATION_STYLE_ASSIGNMENT((#8912,#8917));
#8912 = SURFACE_STYLE_USAGE(.BOTH.,#8913);
#8913 = SURFACE_SIDE_STYLE('',(#8914));
#8914 = SURFACE_STYLE_FILL_AREA(#8915);
#8915 = FILL_AREA_STYLE('',(#8916));
#8916 = FILL_AREA_STYLE_COLOUR('',#8879);
#8917 = CURVE_STYLE('',#8918,POSITIVE_LENGTH_MEASURE(0.1),#8879);
#8918 = DRAUGHTING_PRE_DEFINED_CURVE_FONT('continuous');
#8919 = STYLED_ITEM('color',(#8920),#2090);
#8920 = PRESENTATION_STYLE_ASSIGNMENT((#8921,#8927));
#8921 = SURFACE_STYLE_USAGE(.BOTH.,#8922);
#8922 = SURFACE_SIDE_STYLE('',(#8923));
#8923 = SURFACE_STYLE_FILL_AREA(#8924);
#8924 = FILL_AREA_STYLE('',(#8925));
#8925 = FILL_AREA_STYLE_COLOUR('',#8926);
#8926 = COLOUR_RGB('',0.823999987314,0.819999987296,0.781000009244);
#8927 = CURVE_STYLE('',#8928,POSITIVE_LENGTH_MEASURE(0.1),#8926);
#8928 = DRAUGHTING_PRE_DEFINED_CURVE_FONT('continuous');
#8929 = STYLED_ITEM('color',(#8930),#2130);
#8930 = PRESENTATION_STYLE_ASSIGNMENT((#8931,#8936));
#8931 = SURFACE_STYLE_USAGE(.BOTH.,#8932);
#8932 = SURFACE_SIDE_STYLE('',(#8933));
#8933 = SURFACE_STYLE_FILL_AREA(#8934);
#8934 = FILL_AREA_STYLE('',(#8935));
#8935 = FILL_AREA_STYLE_COLOUR('',#8926);
#8936 = CURVE_STYLE('',#8937,POSITIVE_LENGTH_MEASURE(0.1),#8926);
#8937 = DRAUGHTING_PRE_DEFINED_CURVE_FONT('continuous');
#8938 = STYLED_ITEM('color',(#8939),#2154);
#8939 = PRESENTATION_STYLE_ASSIGNMENT((#8940,#8945));
#8940 = SURFACE_STYLE_USAGE(.BOTH.,#8941);
#8941 = SURFACE_SIDE_STYLE('',(#8942));
#8942 = SURFACE_STYLE_FILL_AREA(#8943);
#8943 = FILL_AREA_STYLE('',(#8944));
#8944 = FILL_AREA_STYLE_COLOUR('',#8926);
#8945 = CURVE_STYLE('',#8946,POSITIVE_LENGTH_MEASURE(0.1),#8926);
#8946 = DRAUGHTING_PRE_DEFINED_CURVE_FONT('continuous');
#8947 = STYLED_ITEM('color',(#8948),#2187);
#8948 = PRESENTATION_STYLE_ASSIGNMENT((#8949,#8954));
#8949 = SURFACE_STYLE_USAGE(.BOTH.,#8950);
#8950 = SURFACE_SIDE_STYLE('',(#8951));
#8951 = SURFACE_STYLE_FILL_AREA(#8952);
#8952 = FILL_AREA_STYLE('',(#8953));
#8953 = FILL_AREA_STYLE_COLOUR('',#8926);
#8954 = CURVE_STYLE('',#8955,POSITIVE_LENGTH_MEASURE(0.1),#8926);
#8955 = DRAUGHTING_PRE_DEFINED_CURVE_FONT('continuous');
#8956 = STYLED_ITEM('color',(#8957),#2227);
#8957 = PRESENTATION_STYLE_ASSIGNMENT((#8958,#8963));
#8958 = SURFACE_STYLE_USAGE(.BOTH.,#8959);
#8959 = SURFACE_SIDE_STYLE('',(#8960));
#8960 = SURFACE_STYLE_FILL_AREA(#8961);
#8961 = FILL_AREA_STYLE('',(#8962));
#8962 = FILL_AREA_STYLE_COLOUR('',#8926);
#8963 = CURVE_STYLE('',#8964,POSITIVE_LENGTH_MEASURE(0.1),#8926);
#8964 = DRAUGHTING_PRE_DEFINED_CURVE_FONT('continuous');
#8965 = STYLED_ITEM('color',(#8966),#2251);
#8966 = PRESENTATION_STYLE_ASSIGNMENT((#8967,#8972));
#8967 = SURFACE_STYLE_USAGE(.BOTH.,#8968);
#8968 = SURFACE_SIDE_STYLE('',(#8969));
#8969 = SURFACE_STYLE_FILL_AREA(#8970);
#8970 = FILL_AREA_STYLE('',(#8971));
#8971 = FILL_AREA_STYLE_COLOUR('',#8926);
#8972 = CURVE_STYLE('',#8973,POSITIVE_LENGTH_MEASURE(0.1),#8926);
#8973 = DRAUGHTING_PRE_DEFINED_CURVE_FONT('continuous');
#8974 = STYLED_ITEM('color',(#8975),#2284);
#8975 = PRESENTATION_STYLE_ASSIGNMENT((#8976,#8981));
#8976 = SURFACE_STYLE_USAGE(.BOTH.,#8977);
#8977 = SURFACE_SIDE_STYLE('',(#8978));
#8978 = SURFACE_STYLE_FILL_AREA(#8979);
#8979 = FILL_AREA_STYLE('',(#8980));
#8980 = FILL_AREA_STYLE_COLOUR('',#8926);
#8981 = CURVE_STYLE('',#8982,POSITIVE_LENGTH_MEASURE(0.1),#8926);
#8982 = DRAUGHTING_PRE_DEFINED_CURVE_FONT('continuous');
#8983 = STYLED_ITEM('color',(#8984),#2324);
#8984 = PRESENTATION_STYLE_ASSIGNMENT((#8985,#8990));
#8985 = SURFACE_STYLE_USAGE(.BOTH.,#8986);
#8986 = SURFACE_SIDE_STYLE('',(#8987));
#8987 = SURFACE_STYLE_FILL_AREA(#8988);
#8988 = FILL_AREA_STYLE('',(#8989));
#8989 = FILL_AREA_STYLE_COLOUR('',#8926);
#8990 = CURVE_STYLE('',#8991,POSITIVE_LENGTH_MEASURE(0.1),#8926);
#8991 = DRAUGHTING_PRE_DEFINED_CURVE_FONT('continuous');
#8992 = STYLED_ITEM('color',(#8993),#2348);
#8993 = PRESENTATION_STYLE_ASSIGNMENT((#8994,#8999));
#8994 = SURFACE_STYLE_USAGE(.BOTH.,#8995);
#8995 = SURFACE_SIDE_STYLE('',(#8996));
#8996 = SURFACE_STYLE_FILL_AREA(#8997);
#8997 = FILL_AREA_STYLE('',(#8998));
#8998 = FILL_AREA_STYLE_COLOUR('',#8926);
#8999 = CURVE_STYLE('',#9000,POSITIVE_LENGTH_MEASURE(0.1),#8926);
#9000 = DRAUGHTING_PRE_DEFINED_CURVE_FONT('continuous');
#9001 = STYLED_ITEM('color',(#9002),#2381);
#9002 = PRESENTATION_STYLE_ASSIGNMENT((#9003,#9008));
#9003 = SURFACE_STYLE_USAGE(.BOTH.,#9004);
#9004 = SURFACE_SIDE_STYLE('',(#9005));
#9005 = SURFACE_STYLE_FILL_AREA(#9006);
#9006 = FILL_AREA_STYLE('',(#9007));
#9007 = FILL_AREA_STYLE_COLOUR('',#8926);
#9008 = CURVE_STYLE('',#9009,POSITIVE_LENGTH_MEASURE(0.1),#8926);
#9009 = DRAUGHTING_PRE_DEFINED_CURVE_FONT('continuous');
#9010 = STYLED_ITEM('color',(#9011),#2421);
#9011 = PRESENTATION_STYLE_ASSIGNMENT((#9012,#9017));
#9012 = SURFACE_STYLE_USAGE(.BOTH.,#9013);
#9013 = SURFACE_SIDE_STYLE('',(#9014));
#9014 = SURFACE_STYLE_FILL_AREA(#9015);
#9015 = FILL_AREA_STYLE('',(#9016));
#9016 = FILL_AREA_STYLE_COLOUR('',#8926);
#9017 = CURVE_STYLE('',#9018,POSITIVE_LENGTH_MEASURE(0.1),#8926);
#9018 = DRAUGHTING_PRE_DEFINED_CURVE_FONT('continuous');
#9019 = STYLED_ITEM('color',(#9020),#2445);
#9020 = PRESENTATION_STYLE_ASSIGNMENT((#9021,#9026));
#9021 = SURFACE_STYLE_USAGE(.BOTH.,#9022);
#9022 = SURFACE_SIDE_STYLE('',(#9023));
#9023 = SURFACE_STYLE_FILL_AREA(#9024);
#9024 = FILL_AREA_STYLE('',(#9025));
#9025 = FILL_AREA_STYLE_COLOUR('',#8926);
#9026 = CURVE_STYLE('',#9027,POSITIVE_LENGTH_MEASURE(0.1),#8926);
#9027 = DRAUGHTING_PRE_DEFINED_CURVE_FONT('continuous');
#9028 = STYLED_ITEM('color',(#9029),#2478);
#9029 = PRESENTATION_STYLE_ASSIGNMENT((#9030,#9035));
#9030 = SURFACE_STYLE_USAGE(.BOTH.,#9031);
#9031 = SURFACE_SIDE_STYLE('',(#9032));
#9032 = SURFACE_STYLE_FILL_AREA(#9033);
#9033 = FILL_AREA_STYLE('',(#9034));
#9034 = FILL_AREA_STYLE_COLOUR('',#8879);
#9035 = CURVE_STYLE('',#9036,POSITIVE_LENGTH_MEASURE(0.1),#8879);
#9036 = DRAUGHTING_PRE_DEFINED_CURVE_FONT('continuous');
#9037 = STYLED_ITEM('color',(#9038),#2587);
#9038 = PRESENTATION_STYLE_ASSIGNMENT((#9039,#9044));
#9039 = SURFACE_STYLE_USAGE(.BOTH.,#9040);
#9040 = SURFACE_SIDE_STYLE('',(#9041));
#9041 = SURFACE_STYLE_FILL_AREA(#9042);
#9042 = FILL_AREA_STYLE('',(#9043));
#9043 = FILL_AREA_STYLE_COLOUR('',#8879);
#9044 = CURVE_STYLE('',#9045,POSITIVE_LENGTH_MEASURE(0.1),#8879);
#9045 = DRAUGHTING_PRE_DEFINED_CURVE_FONT('continuous');
#9046 = STYLED_ITEM('color',(#9047),#2691);
#9047 = PRESENTATION_STYLE_ASSIGNMENT((#9048,#9053));
#9048 = SURFACE_STYLE_USAGE(.BOTH.,#9049);
#9049 = SURFACE_SIDE_STYLE('',(#9050));
#9050 = SURFACE_STYLE_FILL_AREA(#9051);
#9051 = FILL_AREA_STYLE('',(#9052));
#9052 = FILL_AREA_STYLE_COLOUR('',#8898);
#9053 = CURVE_STYLE('',#9054,POSITIVE_LENGTH_MEASURE(0.1),#8898);
#9054 = DRAUGHTING_PRE_DEFINED_CURVE_FONT('continuous');
#9055 = STYLED_ITEM('color',(#9056),#2716);
#9056 = PRESENTATION_STYLE_ASSIGNMENT((#9057,#9062));
#9057 = SURFACE_STYLE_USAGE(.BOTH.,#9058);
#9058 = SURFACE_SIDE_STYLE('',(#9059));
#9059 = SURFACE_STYLE_FILL_AREA(#9060);
#9060 = FILL_AREA_STYLE('',(#9061));
#9061 = FILL_AREA_STYLE_COLOUR('',#8926);
#9062 = CURVE_STYLE('',#9063,POSITIVE_LENGTH_MEASURE(0.1),#8926);
#9063 = DRAUGHTING_PRE_DEFINED_CURVE_FONT('continuous');
#9064 = STYLED_ITEM('color',(#9065),#2756);
#9065 = PRESENTATION_STYLE_ASSIGNMENT((#9066,#9071));
#9066 = SURFACE_STYLE_USAGE(.BOTH.,#9067);
#9067 = SURFACE_SIDE_STYLE('',(#9068));
#9068 = SURFACE_STYLE_FILL_AREA(#9069);
#9069 = FILL_AREA_STYLE('',(#9070));
#9070 = FILL_AREA_STYLE_COLOUR('',#8926);
#9071 = CURVE_STYLE('',#9072,POSITIVE_LENGTH_MEASURE(0.1),#8926);
#9072 = DRAUGHTING_PRE_DEFINED_CURVE_FONT('continuous');
#9073 = STYLED_ITEM('color',(#9074),#2780);
#9074 = PRESENTATION_STYLE_ASSIGNMENT((#9075,#9080));
#9075 = SURFACE_STYLE_USAGE(.BOTH.,#9076);
#9076 = SURFACE_SIDE_STYLE('',(#9077));
#9077 = SURFACE_STYLE_FILL_AREA(#9078);
#9078 = FILL_AREA_STYLE('',(#9079));
#9079 = FILL_AREA_STYLE_COLOUR('',#8926);
#9080 = CURVE_STYLE('',#9081,POSITIVE_LENGTH_MEASURE(0.1),#8926);
#9081 = DRAUGHTING_PRE_DEFINED_CURVE_FONT('continuous');
#9082 = STYLED_ITEM('color',(#9083),#2813);
#9083 = PRESENTATION_STYLE_ASSIGNMENT((#9084,#9089));
#9084 = SURFACE_STYLE_USAGE(.BOTH.,#9085);
#9085 = SURFACE_SIDE_STYLE('',(#9086));
#9086 = SURFACE_STYLE_FILL_AREA(#9087);
#9087 = FILL_AREA_STYLE('',(#9088));
#9088 = FILL_AREA_STYLE_COLOUR('',#8926);
#9089 = CURVE_STYLE('',#9090,POSITIVE_LENGTH_MEASURE(0.1),#8926);
#9090 = DRAUGHTING_PRE_DEFINED_CURVE_FONT('continuous');
#9091 = STYLED_ITEM('color',(#9092),#2853);
#9092 = PRESENTATION_STYLE_ASSIGNMENT((#9093,#9098));
#9093 = SURFACE_STYLE_USAGE(.BOTH.,#9094);
#9094 = SURFACE_SIDE_STYLE('',(#9095));
#9095 = SURFACE_STYLE_FILL_AREA(#9096);
#9096 = FILL_AREA_STYLE('',(#9097));
#9097 = FILL_AREA_STYLE_COLOUR('',#8926);
#9098 = CURVE_STYLE('',#9099,POSITIVE_LENGTH_MEASURE(0.1),#8926);
#9099 = DRAUGHTING_PRE_DEFINED_CURVE_FONT('continuous');
#9100 = STYLED_ITEM('color',(#9101),#2877);
#9101 = PRESENTATION_STYLE_ASSIGNMENT((#9102,#9107));
#9102 = SURFACE_STYLE_USAGE(.BOTH.,#9103);
#9103 = SURFACE_SIDE_STYLE('',(#9104));
#9104 = SURFACE_STYLE_FILL_AREA(#9105);
#9105 = FILL_AREA_STYLE('',(#9106));
#9106 = FILL_AREA_STYLE_COLOUR('',#8926);
#9107 = CURVE_STYLE('',#9108,POSITIVE_LENGTH_MEASURE(0.1),#8926);
#9108 = DRAUGHTING_PRE_DEFINED_CURVE_FONT('continuous');
#9109 = STYLED_ITEM('color',(#9110),#2910);
#9110 = PRESENTATION_STYLE_ASSIGNMENT((#9111,#9116));
#9111 = SURFACE_STYLE_USAGE(.BOTH.,#9112);
#9112 = SURFACE_SIDE_STYLE('',(#9113));
#9113 = SURFACE_STYLE_FILL_AREA(#9114);
#9114 = FILL_AREA_STYLE('',(#9115));
#9115 = FILL_AREA_STYLE_COLOUR('',#8926);
#9116 = CURVE_STYLE('',#9117,POSITIVE_LENGTH_MEASURE(0.1),#8926);
#9117 = DRAUGHTING_PRE_DEFINED_CURVE_FONT('continuous');
#9118 = STYLED_ITEM('color',(#9119),#2950);
#9119 = PRESENTATION_STYLE_ASSIGNMENT((#9120,#9125));
#9120 = SURFACE_STYLE_USAGE(.BOTH.,#9121);
#9121 = SURFACE_SIDE_STYLE('',(#9122));
#9122 = SURFACE_STYLE_FILL_AREA(#9123);
#9123 = FILL_AREA_STYLE('',(#9124));
#9124 = FILL_AREA_STYLE_COLOUR('',#8926);
#9125 = CURVE_STYLE('',#9126,POSITIVE_LENGTH_MEASURE(0.1),#8926);
#9126 = DRAUGHTING_PRE_DEFINED_CURVE_FONT('continuous');
#9127 = STYLED_ITEM('color',(#9128),#2974);
#9128 = PRESENTATION_STYLE_ASSIGNMENT((#9129,#9134));
#9129 = SURFACE_STYLE_USAGE(.BOTH.,#9130);
#9130 = SURFACE_SIDE_STYLE('',(#9131));
#9131 = SURFACE_STYLE_FILL_AREA(#9132);
#9132 = FILL_AREA_STYLE('',(#9133));
#9133 = FILL_AREA_STYLE_COLOUR('',#8926);
#9134 = CURVE_STYLE('',#9135,POSITIVE_LENGTH_MEASURE(0.1),#8926);
#9135 = DRAUGHTING_PRE_DEFINED_CURVE_FONT('continuous');
#9136 = STYLED_ITEM('color',(#9137),#3007);
#9137 = PRESENTATION_STYLE_ASSIGNMENT((#9138,#9143));
#9138 = SURFACE_STYLE_USAGE(.BOTH.,#9139);
#9139 = SURFACE_SIDE_STYLE('',(#9140));
#9140 = SURFACE_STYLE_FILL_AREA(#9141);
#9141 = FILL_AREA_STYLE('',(#9142));
#9142 = FILL_AREA_STYLE_COLOUR('',#8926);
#9143 = CURVE_STYLE('',#9144,POSITIVE_LENGTH_MEASURE(0.1),#8926);
#9144 = DRAUGHTING_PRE_DEFINED_CURVE_FONT('continuous');
#9145 = STYLED_ITEM('color',(#9146),#3047);
#9146 = PRESENTATION_STYLE_ASSIGNMENT((#9147,#9152));
#9147 = SURFACE_STYLE_USAGE(.BOTH.,#9148);
#9148 = SURFACE_SIDE_STYLE('',(#9149));
#9149 = SURFACE_STYLE_FILL_AREA(#9150);
#9150 = FILL_AREA_STYLE('',(#9151));
#9151 = FILL_AREA_STYLE_COLOUR('',#8926);
#9152 = CURVE_STYLE('',#9153,POSITIVE_LENGTH_MEASURE(0.1),#8926);
#9153 = DRAUGHTING_PRE_DEFINED_CURVE_FONT('continuous');
#9154 = STYLED_ITEM('color',(#9155),#3071);
#9155 = PRESENTATION_STYLE_ASSIGNMENT((#9156,#9161));
#9156 = SURFACE_STYLE_USAGE(.BOTH.,#9157);
#9157 = SURFACE_SIDE_STYLE('',(#9158));
#9158 = SURFACE_STYLE_FILL_AREA(#9159);
#9159 = FILL_AREA_STYLE('',(#9160));
#9160 = FILL_AREA_STYLE_COLOUR('',#8926);
#9161 = CURVE_STYLE('',#9162,POSITIVE_LENGTH_MEASURE(0.1),#8926);
#9162 = DRAUGHTING_PRE_DEFINED_CURVE_FONT('continuous');
#9163 = STYLED_ITEM('color',(#9164),#3104);
#9164 = PRESENTATION_STYLE_ASSIGNMENT((#9165,#9170));
#9165 = SURFACE_STYLE_USAGE(.BOTH.,#9166);
#9166 = SURFACE_SIDE_STYLE('',(#9167));
#9167 = SURFACE_STYLE_FILL_AREA(#9168);
#9168 = FILL_AREA_STYLE('',(#9169));
#9169 = FILL_AREA_STYLE_COLOUR('',#8926);
#9170 = CURVE_STYLE('',#9171,POSITIVE_LENGTH_MEASURE(0.1),#8926);
#9171 = DRAUGHTING_PRE_DEFINED_CURVE_FONT('continuous');
#9172 = STYLED_ITEM('color',(#9173),#3121);
#9173 = PRESENTATION_STYLE_ASSIGNMENT((#9174,#9179));
#9174 = SURFACE_STYLE_USAGE(.BOTH.,#9175);
#9175 = SURFACE_SIDE_STYLE('',(#9176));
#9176 = SURFACE_STYLE_FILL_AREA(#9177);
#9177 = FILL_AREA_STYLE('',(#9178));
#9178 = FILL_AREA_STYLE_COLOUR('',#8926);
#9179 = CURVE_STYLE('',#9180,POSITIVE_LENGTH_MEASURE(0.1),#8926);
#9180 = DRAUGHTING_PRE_DEFINED_CURVE_FONT('continuous');
#9181 = STYLED_ITEM('color',(#9182),#3138);
#9182 = PRESENTATION_STYLE_ASSIGNMENT((#9183,#9188));
#9183 = SURFACE_STYLE_USAGE(.BOTH.,#9184);
#9184 = SURFACE_SIDE_STYLE('',(#9185));
#9185 = SURFACE_STYLE_FILL_AREA(#9186);
#9186 = FILL_AREA_STYLE('',(#9187));
#9187 = FILL_AREA_STYLE_COLOUR('',#8926);
#9188 = CURVE_STYLE('',#9189,POSITIVE_LENGTH_MEASURE(0.1),#8926);
#9189 = DRAUGHTING_PRE_DEFINED_CURVE_FONT('continuous');
#9190 = STYLED_ITEM('color',(#9191),#3155);
#9191 = PRESENTATION_STYLE_ASSIGNMENT((#9192,#9197));
#9192 = SURFACE_STYLE_USAGE(.BOTH.,#9193);
#9193 = SURFACE_SIDE_STYLE('',(#9194));
#9194 = SURFACE_STYLE_FILL_AREA(#9195);
#9195 = FILL_AREA_STYLE('',(#9196));
#9196 = FILL_AREA_STYLE_COLOUR('',#8926);
#9197 = CURVE_STYLE('',#9198,POSITIVE_LENGTH_MEASURE(0.1),#8926);
#9198 = DRAUGHTING_PRE_DEFINED_CURVE_FONT('continuous');
#9199 = STYLED_ITEM('color',(#9200),#3172);
#9200 = PRESENTATION_STYLE_ASSIGNMENT((#9201,#9206));
#9201 = SURFACE_STYLE_USAGE(.BOTH.,#9202);
#9202 = SURFACE_SIDE_STYLE('',(#9203));
#9203 = SURFACE_STYLE_FILL_AREA(#9204);
#9204 = FILL_AREA_STYLE('',(#9205));
#9205 = FILL_AREA_STYLE_COLOUR('',#8926);
#9206 = CURVE_STYLE('',#9207,POSITIVE_LENGTH_MEASURE(0.1),#8926);
#9207 = DRAUGHTING_PRE_DEFINED_CURVE_FONT('continuous');
#9208 = STYLED_ITEM('color',(#9209),#3189);
#9209 = PRESENTATION_STYLE_ASSIGNMENT((#9210,#9215));
#9210 = SURFACE_STYLE_USAGE(.BOTH.,#9211);
#9211 = SURFACE_SIDE_STYLE('',(#9212));
#9212 = SURFACE_STYLE_FILL_AREA(#9213);
#9213 = FILL_AREA_STYLE('',(#9214));
#9214 = FILL_AREA_STYLE_COLOUR('',#8926);
#9215 = CURVE_STYLE('',#9216,POSITIVE_LENGTH_MEASURE(0.1),#8926);
#9216 = DRAUGHTING_PRE_DEFINED_CURVE_FONT('continuous');
#9217 = STYLED_ITEM('color',(#9218),#3206);
#9218 = PRESENTATION_STYLE_ASSIGNMENT((#9219,#9224));
#9219 = SURFACE_STYLE_USAGE(.BOTH.,#9220);
#9220 = SURFACE_SIDE_STYLE('',(#9221));
#9221 = SURFACE_STYLE_FILL_AREA(#9222);
#9222 = FILL_AREA_STYLE('',(#9223));
#9223 = FILL_AREA_STYLE_COLOUR('',#8926);
#9224 = CURVE_STYLE('',#9225,POSITIVE_LENGTH_MEASURE(0.1),#8926);
#9225 = DRAUGHTING_PRE_DEFINED_CURVE_FONT('continuous');
#9226 = STYLED_ITEM('color',(#9227),#3223);
#9227 = PRESENTATION_STYLE_ASSIGNMENT((#9228,#9233));
#9228 = SURFACE_STYLE_USAGE(.BOTH.,#9229);
#9229 = SURFACE_SIDE_STYLE('',(#9230));
#9230 = SURFACE_STYLE_FILL_AREA(#9231);
#9231 = FILL_AREA_STYLE('',(#9232));
#9232 = FILL_AREA_STYLE_COLOUR('',#8926);
#9233 = CURVE_STYLE('',#9234,POSITIVE_LENGTH_MEASURE(0.1),#8926);
#9234 = DRAUGHTING_PRE_DEFINED_CURVE_FONT('continuous');
#9235 = STYLED_ITEM('color',(#9236),#3240);
#9236 = PRESENTATION_STYLE_ASSIGNMENT((#9237,#9242));
#9237 = SURFACE_STYLE_USAGE(.BOTH.,#9238);
#9238 = SURFACE_SIDE_STYLE('',(#9239));
#9239 = SURFACE_STYLE_FILL_AREA(#9240);
#9240 = FILL_AREA_STYLE('',(#9241));
#9241 = FILL_AREA_STYLE_COLOUR('',#8926);
#9242 = CURVE_STYLE('',#9243,POSITIVE_LENGTH_MEASURE(0.1),#8926);
#9243 = DRAUGHTING_PRE_DEFINED_CURVE_FONT('continuous');
#9244 = STYLED_ITEM('color',(#9245),#3280);
#9245 = PRESENTATION_STYLE_ASSIGNMENT((#9246,#9251));
#9246 = SURFACE_STYLE_USAGE(.BOTH.,#9247);
#9247 = SURFACE_SIDE_STYLE('',(#9248));
#9248 = SURFACE_STYLE_FILL_AREA(#9249);
#9249 = FILL_AREA_STYLE('',(#9250));
#9250 = FILL_AREA_STYLE_COLOUR('',#8926);
#9251 = CURVE_STYLE('',#9252,POSITIVE_LENGTH_MEASURE(0.1),#8926);
#9252 = DRAUGHTING_PRE_DEFINED_CURVE_FONT('continuous');
#9253 = STYLED_ITEM('color',(#9254),#3304);
#9254 = PRESENTATION_STYLE_ASSIGNMENT((#9255,#9260));
#9255 = SURFACE_STYLE_USAGE(.BOTH.,#9256);
#9256 = SURFACE_SIDE_STYLE('',(#9257));
#9257 = SURFACE_STYLE_FILL_AREA(#9258);
#9258 = FILL_AREA_STYLE('',(#9259));
#9259 = FILL_AREA_STYLE_COLOUR('',#8926);
#9260 = CURVE_STYLE('',#9261,POSITIVE_LENGTH_MEASURE(0.1),#8926);
#9261 = DRAUGHTING_PRE_DEFINED_CURVE_FONT('continuous');
#9262 = STYLED_ITEM('color',(#9263),#3337);
#9263 = PRESENTATION_STYLE_ASSIGNMENT((#9264,#9269));
#9264 = SURFACE_STYLE_USAGE(.BOTH.,#9265);
#9265 = SURFACE_SIDE_STYLE('',(#9266));
#9266 = SURFACE_STYLE_FILL_AREA(#9267);
#9267 = FILL_AREA_STYLE('',(#9268));
#9268 = FILL_AREA_STYLE_COLOUR('',#8926);
#9269 = CURVE_STYLE('',#9270,POSITIVE_LENGTH_MEASURE(0.1),#8926);
#9270 = DRAUGHTING_PRE_DEFINED_CURVE_FONT('continuous');
#9271 = STYLED_ITEM('color',(#9272),#3377);
#9272 = PRESENTATION_STYLE_ASSIGNMENT((#9273,#9278));
#9273 = SURFACE_STYLE_USAGE(.BOTH.,#9274);
#9274 = SURFACE_SIDE_STYLE('',(#9275));
#9275 = SURFACE_STYLE_FILL_AREA(#9276);
#9276 = FILL_AREA_STYLE('',(#9277));
#9277 = FILL_AREA_STYLE_COLOUR('',#8926);
#9278 = CURVE_STYLE('',#9279,POSITIVE_LENGTH_MEASURE(0.1),#8926);
#9279 = DRAUGHTING_PRE_DEFINED_CURVE_FONT('continuous');
#9280 = STYLED_ITEM('color',(#9281),#3401);
#9281 = PRESENTATION_STYLE_ASSIGNMENT((#9282,#9287));
#9282 = SURFACE_STYLE_USAGE(.BOTH.,#9283);
#9283 = SURFACE_SIDE_STYLE('',(#9284));
#9284 = SURFACE_STYLE_FILL_AREA(#9285);
#9285 = FILL_AREA_STYLE('',(#9286));
#9286 = FILL_AREA_STYLE_COLOUR('',#8926);
#9287 = CURVE_STYLE('',#9288,POSITIVE_LENGTH_MEASURE(0.1),#8926);
#9288 = DRAUGHTING_PRE_DEFINED_CURVE_FONT('continuous');
#9289 = STYLED_ITEM('color',(#9290),#3434);
#9290 = PRESENTATION_STYLE_ASSIGNMENT((#9291,#9296));
#9291 = SURFACE_STYLE_USAGE(.BOTH.,#9292);
#9292 = SURFACE_SIDE_STYLE('',(#9293));
#9293 = SURFACE_STYLE_FILL_AREA(#9294);
#9294 = FILL_AREA_STYLE('',(#9295));
#9295 = FILL_AREA_STYLE_COLOUR('',#8926);
#9296 = CURVE_STYLE('',#9297,POSITIVE_LENGTH_MEASURE(0.1),#8926);
#9297 = DRAUGHTING_PRE_DEFINED_CURVE_FONT('continuous');
#9298 = STYLED_ITEM('color',(#9299),#3474);
#9299 = PRESENTATION_STYLE_ASSIGNMENT((#9300,#9305));
#9300 = SURFACE_STYLE_USAGE(.BOTH.,#9301);
#9301 = SURFACE_SIDE_STYLE('',(#9302));
#9302 = SURFACE_STYLE_FILL_AREA(#9303);
#9303 = FILL_AREA_STYLE('',(#9304));
#9304 = FILL_AREA_STYLE_COLOUR('',#8926);
#9305 = CURVE_STYLE('',#9306,POSITIVE_LENGTH_MEASURE(0.1),#8926);
#9306 = DRAUGHTING_PRE_DEFINED_CURVE_FONT('continuous');
#9307 = STYLED_ITEM('color',(#9308),#3498);
#9308 = PRESENTATION_STYLE_ASSIGNMENT((#9309,#9314));
#9309 = SURFACE_STYLE_USAGE(.BOTH.,#9310);
#9310 = SURFACE_SIDE_STYLE('',(#9311));
#9311 = SURFACE_STYLE_FILL_AREA(#9312);
#9312 = FILL_AREA_STYLE('',(#9313));
#9313 = FILL_AREA_STYLE_COLOUR('',#8926);
#9314 = CURVE_STYLE('',#9315,POSITIVE_LENGTH_MEASURE(0.1),#8926);
#9315 = DRAUGHTING_PRE_DEFINED_CURVE_FONT('continuous');
#9316 = STYLED_ITEM('color',(#9317),#3531);
#9317 = PRESENTATION_STYLE_ASSIGNMENT((#9318,#9323));
#9318 = SURFACE_STYLE_USAGE(.BOTH.,#9319);
#9319 = SURFACE_SIDE_STYLE('',(#9320));
#9320 = SURFACE_STYLE_FILL_AREA(#9321);
#9321 = FILL_AREA_STYLE('',(#9322));
#9322 = FILL_AREA_STYLE_COLOUR('',#8926);
#9323 = CURVE_STYLE('',#9324,POSITIVE_LENGTH_MEASURE(0.1),#8926);
#9324 = DRAUGHTING_PRE_DEFINED_CURVE_FONT('continuous');
#9325 = STYLED_ITEM('color',(#9326),#3571);
#9326 = PRESENTATION_STYLE_ASSIGNMENT((#9327,#9332));
#9327 = SURFACE_STYLE_USAGE(.BOTH.,#9328);
#9328 = SURFACE_SIDE_STYLE('',(#9329));
#9329 = SURFACE_STYLE_FILL_AREA(#9330);
#9330 = FILL_AREA_STYLE('',(#9331));
#9331 = FILL_AREA_STYLE_COLOUR('',#8926);
#9332 = CURVE_STYLE('',#9333,POSITIVE_LENGTH_MEASURE(0.1),#8926);
#9333 = DRAUGHTING_PRE_DEFINED_CURVE_FONT('continuous');
#9334 = STYLED_ITEM('color',(#9335),#3595);
#9335 = PRESENTATION_STYLE_ASSIGNMENT((#9336,#9341));
#9336 = SURFACE_STYLE_USAGE(.BOTH.,#9337);
#9337 = SURFACE_SIDE_STYLE('',(#9338));
#9338 = SURFACE_STYLE_FILL_AREA(#9339);
#9339 = FILL_AREA_STYLE('',(#9340));
#9340 = FILL_AREA_STYLE_COLOUR('',#8926);
#9341 = CURVE_STYLE('',#9342,POSITIVE_LENGTH_MEASURE(0.1),#8926);
#9342 = DRAUGHTING_PRE_DEFINED_CURVE_FONT('continuous');
#9343 = STYLED_ITEM('color',(#9344),#3628);
#9344 = PRESENTATION_STYLE_ASSIGNMENT((#9345,#9350));
#9345 = SURFACE_STYLE_USAGE(.BOTH.,#9346);
#9346 = SURFACE_SIDE_STYLE('',(#9347));
#9347 = SURFACE_STYLE_FILL_AREA(#9348);
#9348 = FILL_AREA_STYLE('',(#9349));
#9349 = FILL_AREA_STYLE_COLOUR('',#8926);
#9350 = CURVE_STYLE('',#9351,POSITIVE_LENGTH_MEASURE(0.1),#8926);
#9351 = DRAUGHTING_PRE_DEFINED_CURVE_FONT('continuous');
#9352 = STYLED_ITEM('color',(#9353),#3668);
#9353 = PRESENTATION_STYLE_ASSIGNMENT((#9354,#9359));
#9354 = SURFACE_STYLE_USAGE(.BOTH.,#9355);
#9355 = SURFACE_SIDE_STYLE('',(#9356));
#9356 = SURFACE_STYLE_FILL_AREA(#9357);
#9357 = FILL_AREA_STYLE('',(#9358));
#9358 = FILL_AREA_STYLE_COLOUR('',#8926);
#9359 = CURVE_STYLE('',#9360,POSITIVE_LENGTH_MEASURE(0.1),#8926);
#9360 = DRAUGHTING_PRE_DEFINED_CURVE_FONT('continuous');
#9361 = STYLED_ITEM('color',(#9362),#3692);
#9362 = PRESENTATION_STYLE_ASSIGNMENT((#9363,#9368));
#9363 = SURFACE_STYLE_USAGE(.BOTH.,#9364);
#9364 = SURFACE_SIDE_STYLE('',(#9365));
#9365 = SURFACE_STYLE_FILL_AREA(#9366);
#9366 = FILL_AREA_STYLE('',(#9367));
#9367 = FILL_AREA_STYLE_COLOUR('',#8926);
#9368 = CURVE_STYLE('',#9369,POSITIVE_LENGTH_MEASURE(0.1),#8926);
#9369 = DRAUGHTING_PRE_DEFINED_CURVE_FONT('continuous');
#9370 = STYLED_ITEM('color',(#9371),#3725);
#9371 = PRESENTATION_STYLE_ASSIGNMENT((#9372,#9377));
#9372 = SURFACE_STYLE_USAGE(.BOTH.,#9373);
#9373 = SURFACE_SIDE_STYLE('',(#9374));
#9374 = SURFACE_STYLE_FILL_AREA(#9375);
#9375 = FILL_AREA_STYLE('',(#9376));
#9376 = FILL_AREA_STYLE_COLOUR('',#8926);
#9377 = CURVE_STYLE('',#9378,POSITIVE_LENGTH_MEASURE(0.1),#8926);
#9378 = DRAUGHTING_PRE_DEFINED_CURVE_FONT('continuous');
#9379 = STYLED_ITEM('color',(#9380),#3765);
#9380 = PRESENTATION_STYLE_ASSIGNMENT((#9381,#9386));
#9381 = SURFACE_STYLE_USAGE(.BOTH.,#9382);
#9382 = SURFACE_SIDE_STYLE('',(#9383));
#9383 = SURFACE_STYLE_FILL_AREA(#9384);
#9384 = FILL_AREA_STYLE('',(#9385));
#9385 = FILL_AREA_STYLE_COLOUR('',#8926);
#9386 = CURVE_STYLE('',#9387,POSITIVE_LENGTH_MEASURE(0.1),#8926);
#9387 = DRAUGHTING_PRE_DEFINED_CURVE_FONT('continuous');
#9388 = STYLED_ITEM('color',(#9389),#3789);
#9389 = PRESENTATION_STYLE_ASSIGNMENT((#9390,#9395));
#9390 = SURFACE_STYLE_USAGE(.BOTH.,#9391);
#9391 = SURFACE_SIDE_STYLE('',(#9392));
#9392 = SURFACE_STYLE_FILL_AREA(#9393);
#9393 = FILL_AREA_STYLE('',(#9394));
#9394 = FILL_AREA_STYLE_COLOUR('',#8926);
#9395 = CURVE_STYLE('',#9396,POSITIVE_LENGTH_MEASURE(0.1),#8926);
#9396 = DRAUGHTING_PRE_DEFINED_CURVE_FONT('continuous');
#9397 = STYLED_ITEM('color',(#9398),#3822);
#9398 = PRESENTATION_STYLE_ASSIGNMENT((#9399,#9404));
#9399 = SURFACE_STYLE_USAGE(.BOTH.,#9400);
#9400 = SURFACE_SIDE_STYLE('',(#9401));
#9401 = SURFACE_STYLE_FILL_AREA(#9402);
#9402 = FILL_AREA_STYLE('',(#9403));
#9403 = FILL_AREA_STYLE_COLOUR('',#8926);
#9404 = CURVE_STYLE('',#9405,POSITIVE_LENGTH_MEASURE(0.1),#8926);
#9405 = DRAUGHTING_PRE_DEFINED_CURVE_FONT('continuous');
#9406 = STYLED_ITEM('color',(#9407),#3862);
#9407 = PRESENTATION_STYLE_ASSIGNMENT((#9408,#9413));
#9408 = SURFACE_STYLE_USAGE(.BOTH.,#9409);
#9409 = SURFACE_SIDE_STYLE('',(#9410));
#9410 = SURFACE_STYLE_FILL_AREA(#9411);
#9411 = FILL_AREA_STYLE('',(#9412));
#9412 = FILL_AREA_STYLE_COLOUR('',#8926);
#9413 = CURVE_STYLE('',#9414,POSITIVE_LENGTH_MEASURE(0.1),#8926);
#9414 = DRAUGHTING_PRE_DEFINED_CURVE_FONT('continuous');
#9415 = STYLED_ITEM('color',(#9416),#3886);
#9416 = PRESENTATION_STYLE_ASSIGNMENT((#9417,#9422));
#9417 = SURFACE_STYLE_USAGE(.BOTH.,#9418);
#9418 = SURFACE_SIDE_STYLE('',(#9419));
#9419 = SURFACE_STYLE_FILL_AREA(#9420);
#9420 = FILL_AREA_STYLE('',(#9421));
#9421 = FILL_AREA_STYLE_COLOUR('',#8926);
#9422 = CURVE_STYLE('',#9423,POSITIVE_LENGTH_MEASURE(0.1),#8926);
#9423 = DRAUGHTING_PRE_DEFINED_CURVE_FONT('continuous');
#9424 = STYLED_ITEM('color',(#9425),#3919);
#9425 = PRESENTATION_STYLE_ASSIGNMENT((#9426,#9431));
#9426 = SURFACE_STYLE_USAGE(.BOTH.,#9427);
#9427 = SURFACE_SIDE_STYLE('',(#9428));
#9428 = SURFACE_STYLE_FILL_AREA(#9429);
#9429 = FILL_AREA_STYLE('',(#9430));
#9430 = FILL_AREA_STYLE_COLOUR('',#8926);
#9431 = CURVE_STYLE('',#9432,POSITIVE_LENGTH_MEASURE(0.1),#8926);
#9432 = DRAUGHTING_PRE_DEFINED_CURVE_FONT('continuous');
#9433 = STYLED_ITEM('color',(#9434),#3959);
#9434 = PRESENTATION_STYLE_ASSIGNMENT((#9435,#9440));
#9435 = SURFACE_STYLE_USAGE(.BOTH.,#9436);
#9436 = SURFACE_SIDE_STYLE('',(#9437));
#9437 = SURFACE_STYLE_FILL_AREA(#9438);
#9438 = FILL_AREA_STYLE('',(#9439));
#9439 = FILL_AREA_STYLE_COLOUR('',#8926);
#9440 = CURVE_STYLE('',#9441,POSITIVE_LENGTH_MEASURE(0.1),#8926);
#9441 = DRAUGHTING_PRE_DEFINED_CURVE_FONT('continuous');
#9442 = STYLED_ITEM('color',(#9443),#3983);
#9443 = PRESENTATION_STYLE_ASSIGNMENT((#9444,#9449));
#9444 = SURFACE_STYLE_USAGE(.BOTH.,#9445);
#9445 = SURFACE_SIDE_STYLE('',(#9446));
#9446 = SURFACE_STYLE_FILL_AREA(#9447);
#9447 = FILL_AREA_STYLE('',(#9448));
#9448 = FILL_AREA_STYLE_COLOUR('',#8926);
#9449 = CURVE_STYLE('',#9450,POSITIVE_LENGTH_MEASURE(0.1),#8926);
#9450 = DRAUGHTING_PRE_DEFINED_CURVE_FONT('continuous');
#9451 = STYLED_ITEM('color',(#9452),#4016);
#9452 = PRESENTATION_STYLE_ASSIGNMENT((#9453,#9458));
#9453 = SURFACE_STYLE_USAGE(.BOTH.,#9454);
#9454 = SURFACE_SIDE_STYLE('',(#9455));
#9455 = SURFACE_STYLE_FILL_AREA(#9456);
#9456 = FILL_AREA_STYLE('',(#9457));
#9457 = FILL_AREA_STYLE_COLOUR('',#8926);
#9458 = CURVE_STYLE('',#9459,POSITIVE_LENGTH_MEASURE(0.1),#8926);
#9459 = DRAUGHTING_PRE_DEFINED_CURVE_FONT('continuous');
#9460 = STYLED_ITEM('color',(#9461),#4047);
#9461 = PRESENTATION_STYLE_ASSIGNMENT((#9462,#9467));
#9462 = SURFACE_STYLE_USAGE(.BOTH.,#9463);
#9463 = SURFACE_SIDE_STYLE('',(#9464));
#9464 = SURFACE_STYLE_FILL_AREA(#9465);
#9465 = FILL_AREA_STYLE('',(#9466));
#9466 = FILL_AREA_STYLE_COLOUR('',#8926);
#9467 = CURVE_STYLE('',#9468,POSITIVE_LENGTH_MEASURE(0.1),#8926);
#9468 = DRAUGHTING_PRE_DEFINED_CURVE_FONT('continuous');
#9469 = STYLED_ITEM('color',(#9470),#4071);
#9470 = PRESENTATION_STYLE_ASSIGNMENT((#9471,#9476));
#9471 = SURFACE_STYLE_USAGE(.BOTH.,#9472);
#9472 = SURFACE_SIDE_STYLE('',(#9473));
#9473 = SURFACE_STYLE_FILL_AREA(#9474);
#9474 = FILL_AREA_STYLE('',(#9475));
#9475 = FILL_AREA_STYLE_COLOUR('',#8926);
#9476 = CURVE_STYLE('',#9477,POSITIVE_LENGTH_MEASURE(0.1),#8926);
#9477 = DRAUGHTING_PRE_DEFINED_CURVE_FONT('continuous');
#9478 = STYLED_ITEM('color',(#9479),#4095);
#9479 = PRESENTATION_STYLE_ASSIGNMENT((#9480,#9485));
#9480 = SURFACE_STYLE_USAGE(.BOTH.,#9481);
#9481 = SURFACE_SIDE_STYLE('',(#9482));
#9482 = SURFACE_STYLE_FILL_AREA(#9483);
#9483 = FILL_AREA_STYLE('',(#9484));
#9484 = FILL_AREA_STYLE_COLOUR('',#8926);
#9485 = CURVE_STYLE('',#9486,POSITIVE_LENGTH_MEASURE(0.1),#8926);
#9486 = DRAUGHTING_PRE_DEFINED_CURVE_FONT('continuous');
#9487 = STYLED_ITEM('color',(#9488),#4119);
#9488 = PRESENTATION_STYLE_ASSIGNMENT((#9489,#9494));
#9489 = SURFACE_STYLE_USAGE(.BOTH.,#9490);
#9490 = SURFACE_SIDE_STYLE('',(#9491));
#9491 = SURFACE_STYLE_FILL_AREA(#9492);
#9492 = FILL_AREA_STYLE('',(#9493));
#9493 = FILL_AREA_STYLE_COLOUR('',#8926);
#9494 = CURVE_STYLE('',#9495,POSITIVE_LENGTH_MEASURE(0.1),#8926);
#9495 = DRAUGHTING_PRE_DEFINED_CURVE_FONT('continuous');
#9496 = STYLED_ITEM('color',(#9497),#4136);
#9497 = PRESENTATION_STYLE_ASSIGNMENT((#9498,#9503));
#9498 = SURFACE_STYLE_USAGE(.BOTH.,#9499);
#9499 = SURFACE_SIDE_STYLE('',(#9500));
#9500 = SURFACE_STYLE_FILL_AREA(#9501);
#9501 = FILL_AREA_STYLE('',(#9502));
#9502 = FILL_AREA_STYLE_COLOUR('',#8926);
#9503 = CURVE_STYLE('',#9504,POSITIVE_LENGTH_MEASURE(0.1),#8926);
#9504 = DRAUGHTING_PRE_DEFINED_CURVE_FONT('continuous');
#9505 = STYLED_ITEM('color',(#9506),#4153);
#9506 = PRESENTATION_STYLE_ASSIGNMENT((#9507,#9512));
#9507 = SURFACE_STYLE_USAGE(.BOTH.,#9508);
#9508 = SURFACE_SIDE_STYLE('',(#9509));
#9509 = SURFACE_STYLE_FILL_AREA(#9510);
#9510 = FILL_AREA_STYLE('',(#9511));
#9511 = FILL_AREA_STYLE_COLOUR('',#8926);
#9512 = CURVE_STYLE('',#9513,POSITIVE_LENGTH_MEASURE(0.1),#8926);
#9513 = DRAUGHTING_PRE_DEFINED_CURVE_FONT('continuous');
#9514 = STYLED_ITEM('color',(#9515),#4165);
#9515 = PRESENTATION_STYLE_ASSIGNMENT((#9516,#9521));
#9516 = SURFACE_STYLE_USAGE(.BOTH.,#9517);
#9517 = SURFACE_SIDE_STYLE('',(#9518));
#9518 = SURFACE_STYLE_FILL_AREA(#9519);
#9519 = FILL_AREA_STYLE('',(#9520));
#9520 = FILL_AREA_STYLE_COLOUR('',#8926);
#9521 = CURVE_STYLE('',#9522,POSITIVE_LENGTH_MEASURE(0.1),#8926);
#9522 = DRAUGHTING_PRE_DEFINED_CURVE_FONT('continuous');
#9523 = STYLED_ITEM('color',(#9524),#4182);
#9524 = PRESENTATION_STYLE_ASSIGNMENT((#9525,#9530));
#9525 = SURFACE_STYLE_USAGE(.BOTH.,#9526);
#9526 = SURFACE_SIDE_STYLE('',(#9527));
#9527 = SURFACE_STYLE_FILL_AREA(#9528);
#9528 = FILL_AREA_STYLE('',(#9529));
#9529 = FILL_AREA_STYLE_COLOUR('',#8926);
#9530 = CURVE_STYLE('',#9531,POSITIVE_LENGTH_MEASURE(0.1),#8926);
#9531 = DRAUGHTING_PRE_DEFINED_CURVE_FONT('continuous');
#9532 = STYLED_ITEM('color',(#9533),#4194);
#9533 = PRESENTATION_STYLE_ASSIGNMENT((#9534,#9539));
#9534 = SURFACE_STYLE_USAGE(.BOTH.,#9535);
#9535 = SURFACE_SIDE_STYLE('',(#9536));
#9536 = SURFACE_STYLE_FILL_AREA(#9537);
#9537 = FILL_AREA_STYLE('',(#9538));
#9538 = FILL_AREA_STYLE_COLOUR('',#8926);
#9539 = CURVE_STYLE('',#9540,POSITIVE_LENGTH_MEASURE(0.1),#8926);
#9540 = DRAUGHTING_PRE_DEFINED_CURVE_FONT('continuous');
#9541 = STYLED_ITEM('color',(#9542),#4211);
#9542 = PRESENTATION_STYLE_ASSIGNMENT((#9543,#9548));
#9543 = SURFACE_STYLE_USAGE(.BOTH.,#9544);
#9544 = SURFACE_SIDE_STYLE('',(#9545));
#9545 = SURFACE_STYLE_FILL_AREA(#9546);
#9546 = FILL_AREA_STYLE('',(#9547));
#9547 = FILL_AREA_STYLE_COLOUR('',#8926);
#9548 = CURVE_STYLE('',#9549,POSITIVE_LENGTH_MEASURE(0.1),#8926);
#9549 = DRAUGHTING_PRE_DEFINED_CURVE_FONT('continuous');
#9550 = STYLED_ITEM('color',(#9551),#4223);
#9551 = PRESENTATION_STYLE_ASSIGNMENT((#9552,#9557));
#9552 = SURFACE_STYLE_USAGE(.BOTH.,#9553);
#9553 = SURFACE_SIDE_STYLE('',(#9554));
#9554 = SURFACE_STYLE_FILL_AREA(#9555);
#9555 = FILL_AREA_STYLE('',(#9556));
#9556 = FILL_AREA_STYLE_COLOUR('',#8926);
#9557 = CURVE_STYLE('',#9558,POSITIVE_LENGTH_MEASURE(0.1),#8926);
#9558 = DRAUGHTING_PRE_DEFINED_CURVE_FONT('continuous');
#9559 = STYLED_ITEM('color',(#9560),#4240);
#9560 = PRESENTATION_STYLE_ASSIGNMENT((#9561,#9566));
#9561 = SURFACE_STYLE_USAGE(.BOTH.,#9562);
#9562 = SURFACE_SIDE_STYLE('',(#9563));
#9563 = SURFACE_STYLE_FILL_AREA(#9564);
#9564 = FILL_AREA_STYLE('',(#9565));
#9565 = FILL_AREA_STYLE_COLOUR('',#8926);
#9566 = CURVE_STYLE('',#9567,POSITIVE_LENGTH_MEASURE(0.1),#8926);
#9567 = DRAUGHTING_PRE_DEFINED_CURVE_FONT('continuous');
#9568 = STYLED_ITEM('color',(#9569),#4252);
#9569 = PRESENTATION_STYLE_ASSIGNMENT((#9570,#9575));
#9570 = SURFACE_STYLE_USAGE(.BOTH.,#9571);
#9571 = SURFACE_SIDE_STYLE('',(#9572));
#9572 = SURFACE_STYLE_FILL_AREA(#9573);
#9573 = FILL_AREA_STYLE('',(#9574));
#9574 = FILL_AREA_STYLE_COLOUR('',#8926);
#9575 = CURVE_STYLE('',#9576,POSITIVE_LENGTH_MEASURE(0.1),#8926);
#9576 = DRAUGHTING_PRE_DEFINED_CURVE_FONT('continuous');
#9577 = STYLED_ITEM('color',(#9578),#4269);
#9578 = PRESENTATION_STYLE_ASSIGNMENT((#9579,#9584));
#9579 = SURFACE_STYLE_USAGE(.BOTH.,#9580);
#9580 = SURFACE_SIDE_STYLE('',(#9581));
#9581 = SURFACE_STYLE_FILL_AREA(#9582);
#9582 = FILL_AREA_STYLE('',(#9583));
#9583 = FILL_AREA_STYLE_COLOUR('',#8926);
#9584 = CURVE_STYLE('',#9585,POSITIVE_LENGTH_MEASURE(0.1),#8926);
#9585 = DRAUGHTING_PRE_DEFINED_CURVE_FONT('continuous');
#9586 = STYLED_ITEM('color',(#9587),#4286);
#9587 = PRESENTATION_STYLE_ASSIGNMENT((#9588,#9593));
#9588 = SURFACE_STYLE_USAGE(.BOTH.,#9589);
#9589 = SURFACE_SIDE_STYLE('',(#9590));
#9590 = SURFACE_STYLE_FILL_AREA(#9591);
#9591 = FILL_AREA_STYLE('',(#9592));
#9592 = FILL_AREA_STYLE_COLOUR('',#8926);
#9593 = CURVE_STYLE('',#9594,POSITIVE_LENGTH_MEASURE(0.1),#8926);
#9594 = DRAUGHTING_PRE_DEFINED_CURVE_FONT('continuous');
#9595 = STYLED_ITEM('color',(#9596),#4303);
#9596 = PRESENTATION_STYLE_ASSIGNMENT((#9597,#9602));
#9597 = SURFACE_STYLE_USAGE(.BOTH.,#9598);
#9598 = SURFACE_SIDE_STYLE('',(#9599));
#9599 = SURFACE_STYLE_FILL_AREA(#9600);
#9600 = FILL_AREA_STYLE('',(#9601));
#9601 = FILL_AREA_STYLE_COLOUR('',#8926);
#9602 = CURVE_STYLE('',#9603,POSITIVE_LENGTH_MEASURE(0.1),#8926);
#9603 = DRAUGHTING_PRE_DEFINED_CURVE_FONT('continuous');
#9604 = STYLED_ITEM('color',(#9605),#4320);
#9605 = PRESENTATION_STYLE_ASSIGNMENT((#9606,#9611));
#9606 = SURFACE_STYLE_USAGE(.BOTH.,#9607);
#9607 = SURFACE_SIDE_STYLE('',(#9608));
#9608 = SURFACE_STYLE_FILL_AREA(#9609);
#9609 = FILL_AREA_STYLE('',(#9610));
#9610 = FILL_AREA_STYLE_COLOUR('',#8926);
#9611 = CURVE_STYLE('',#9612,POSITIVE_LENGTH_MEASURE(0.1),#8926);
#9612 = DRAUGHTING_PRE_DEFINED_CURVE_FONT('continuous');
#9613 = STYLED_ITEM('color',(#9614),#4337);
#9614 = PRESENTATION_STYLE_ASSIGNMENT((#9615,#9620));
#9615 = SURFACE_STYLE_USAGE(.BOTH.,#9616);
#9616 = SURFACE_SIDE_STYLE('',(#9617));
#9617 = SURFACE_STYLE_FILL_AREA(#9618);
#9618 = FILL_AREA_STYLE('',(#9619));
#9619 = FILL_AREA_STYLE_COLOUR('',#8926);
#9620 = CURVE_STYLE('',#9621,POSITIVE_LENGTH_MEASURE(0.1),#8926);
#9621 = DRAUGHTING_PRE_DEFINED_CURVE_FONT('continuous');
#9622 = STYLED_ITEM('color',(#9623),#4354);
#9623 = PRESENTATION_STYLE_ASSIGNMENT((#9624,#9629));
#9624 = SURFACE_STYLE_USAGE(.BOTH.,#9625);
#9625 = SURFACE_SIDE_STYLE('',(#9626));
#9626 = SURFACE_STYLE_FILL_AREA(#9627);
#9627 = FILL_AREA_STYLE('',(#9628));
#9628 = FILL_AREA_STYLE_COLOUR('',#8926);
#9629 = CURVE_STYLE('',#9630,POSITIVE_LENGTH_MEASURE(0.1),#8926);
#9630 = DRAUGHTING_PRE_DEFINED_CURVE_FONT('continuous');
#9631 = STYLED_ITEM('color',(#9632),#4371);
#9632 = PRESENTATION_STYLE_ASSIGNMENT((#9633,#9638));
#9633 = SURFACE_STYLE_USAGE(.BOTH.,#9634);
#9634 = SURFACE_SIDE_STYLE('',(#9635));
#9635 = SURFACE_STYLE_FILL_AREA(#9636);
#9636 = FILL_AREA_STYLE('',(#9637));
#9637 = FILL_AREA_STYLE_COLOUR('',#8926);
#9638 = CURVE_STYLE('',#9639,POSITIVE_LENGTH_MEASURE(0.1),#8926);
#9639 = DRAUGHTING_PRE_DEFINED_CURVE_FONT('continuous');
#9640 = STYLED_ITEM('color',(#9641),#4388);
#9641 = PRESENTATION_STYLE_ASSIGNMENT((#9642,#9647));
#9642 = SURFACE_STYLE_USAGE(.BOTH.,#9643);
#9643 = SURFACE_SIDE_STYLE('',(#9644));
#9644 = SURFACE_STYLE_FILL_AREA(#9645);
#9645 = FILL_AREA_STYLE('',(#9646));
#9646 = FILL_AREA_STYLE_COLOUR('',#8898);
#9647 = CURVE_STYLE('',#9648,POSITIVE_LENGTH_MEASURE(0.1),#8898);
#9648 = DRAUGHTING_PRE_DEFINED_CURVE_FONT('continuous');
#9649 = STYLED_ITEM('color',(#9650),#4397);
#9650 = PRESENTATION_STYLE_ASSIGNMENT((#9651,#9656));
#9651 = SURFACE_STYLE_USAGE(.BOTH.,#9652);
#9652 = SURFACE_SIDE_STYLE('',(#9653));
#9653 = SURFACE_STYLE_FILL_AREA(#9654);
#9654 = FILL_AREA_STYLE('',(#9655));
#9655 = FILL_AREA_STYLE_COLOUR('',#8926);
#9656 = CURVE_STYLE('',#9657,POSITIVE_LENGTH_MEASURE(0.1),#8926);
#9657 = DRAUGHTING_PRE_DEFINED_CURVE_FONT('continuous');
#9658 = STYLED_ITEM('color',(#9659),#4414);
#9659 = PRESENTATION_STYLE_ASSIGNMENT((#9660,#9665));
#9660 = SURFACE_STYLE_USAGE(.BOTH.,#9661);
#9661 = SURFACE_SIDE_STYLE('',(#9662));
#9662 = SURFACE_STYLE_FILL_AREA(#9663);
#9663 = FILL_AREA_STYLE('',(#9664));
#9664 = FILL_AREA_STYLE_COLOUR('',#8926);
#9665 = CURVE_STYLE('',#9666,POSITIVE_LENGTH_MEASURE(0.1),#8926);
#9666 = DRAUGHTING_PRE_DEFINED_CURVE_FONT('continuous');
#9667 = STYLED_ITEM('color',(#9668),#4426);
#9668 = PRESENTATION_STYLE_ASSIGNMENT((#9669,#9674));
#9669 = SURFACE_STYLE_USAGE(.BOTH.,#9670);
#9670 = SURFACE_SIDE_STYLE('',(#9671));
#9671 = SURFACE_STYLE_FILL_AREA(#9672);
#9672 = FILL_AREA_STYLE('',(#9673));
#9673 = FILL_AREA_STYLE_COLOUR('',#8926);
#9674 = CURVE_STYLE('',#9675,POSITIVE_LENGTH_MEASURE(0.1),#8926);
#9675 = DRAUGHTING_PRE_DEFINED_CURVE_FONT('continuous');
#9676 = STYLED_ITEM('color',(#9677),#4443);
#9677 = PRESENTATION_STYLE_ASSIGNMENT((#9678,#9683));
#9678 = SURFACE_STYLE_USAGE(.BOTH.,#9679);
#9679 = SURFACE_SIDE_STYLE('',(#9680));
#9680 = SURFACE_STYLE_FILL_AREA(#9681);
#9681 = FILL_AREA_STYLE('',(#9682));
#9682 = FILL_AREA_STYLE_COLOUR('',#8926);
#9683 = CURVE_STYLE('',#9684,POSITIVE_LENGTH_MEASURE(0.1),#8926);
#9684 = DRAUGHTING_PRE_DEFINED_CURVE_FONT('continuous');
#9685 = STYLED_ITEM('color',(#9686),#4455);
#9686 = PRESENTATION_STYLE_ASSIGNMENT((#9687,#9692));
#9687 = SURFACE_STYLE_USAGE(.BOTH.,#9688);
#9688 = SURFACE_SIDE_STYLE('',(#9689));
#9689 = SURFACE_STYLE_FILL_AREA(#9690);
#9690 = FILL_AREA_STYLE('',(#9691));
#9691 = FILL_AREA_STYLE_COLOUR('',#8926);
#9692 = CURVE_STYLE('',#9693,POSITIVE_LENGTH_MEASURE(0.1),#8926);
#9693 = DRAUGHTING_PRE_DEFINED_CURVE_FONT('continuous');
#9694 = STYLED_ITEM('color',(#9695),#4472);
#9695 = PRESENTATION_STYLE_ASSIGNMENT((#9696,#9701));
#9696 = SURFACE_STYLE_USAGE(.BOTH.,#9697);
#9697 = SURFACE_SIDE_STYLE('',(#9698));
#9698 = SURFACE_STYLE_FILL_AREA(#9699);
#9699 = FILL_AREA_STYLE('',(#9700));
#9700 = FILL_AREA_STYLE_COLOUR('',#8926);
#9701 = CURVE_STYLE('',#9702,POSITIVE_LENGTH_MEASURE(0.1),#8926);
#9702 = DRAUGHTING_PRE_DEFINED_CURVE_FONT('continuous');
#9703 = STYLED_ITEM('color',(#9704),#4484);
#9704 = PRESENTATION_STYLE_ASSIGNMENT((#9705,#9710));
#9705 = SURFACE_STYLE_USAGE(.BOTH.,#9706);
#9706 = SURFACE_SIDE_STYLE('',(#9707));
#9707 = SURFACE_STYLE_FILL_AREA(#9708);
#9708 = FILL_AREA_STYLE('',(#9709));
#9709 = FILL_AREA_STYLE_COLOUR('',#8926);
#9710 = CURVE_STYLE('',#9711,POSITIVE_LENGTH_MEASURE(0.1),#8926);
#9711 = DRAUGHTING_PRE_DEFINED_CURVE_FONT('continuous');
#9712 = STYLED_ITEM('color',(#9713),#4501);
#9713 = PRESENTATION_STYLE_ASSIGNMENT((#9714,#9719));
#9714 = SURFACE_STYLE_USAGE(.BOTH.,#9715);
#9715 = SURFACE_SIDE_STYLE('',(#9716));
#9716 = SURFACE_STYLE_FILL_AREA(#9717);
#9717 = FILL_AREA_STYLE('',(#9718));
#9718 = FILL_AREA_STYLE_COLOUR('',#8926);
#9719 = CURVE_STYLE('',#9720,POSITIVE_LENGTH_MEASURE(0.1),#8926);
#9720 = DRAUGHTING_PRE_DEFINED_CURVE_FONT('continuous');
#9721 = STYLED_ITEM('color',(#9722),#4513);
#9722 = PRESENTATION_STYLE_ASSIGNMENT((#9723,#9728));
#9723 = SURFACE_STYLE_USAGE(.BOTH.,#9724);
#9724 = SURFACE_SIDE_STYLE('',(#9725));
#9725 = SURFACE_STYLE_FILL_AREA(#9726);
#9726 = FILL_AREA_STYLE('',(#9727));
#9727 = FILL_AREA_STYLE_COLOUR('',#8926);
#9728 = CURVE_STYLE('',#9729,POSITIVE_LENGTH_MEASURE(0.1),#8926);
#9729 = DRAUGHTING_PRE_DEFINED_CURVE_FONT('continuous');
#9730 = STYLED_ITEM('color',(#9731),#4530);
#9731 = PRESENTATION_STYLE_ASSIGNMENT((#9732,#9737));
#9732 = SURFACE_STYLE_USAGE(.BOTH.,#9733);
#9733 = SURFACE_SIDE_STYLE('',(#9734));
#9734 = SURFACE_STYLE_FILL_AREA(#9735);
#9735 = FILL_AREA_STYLE('',(#9736));
#9736 = FILL_AREA_STYLE_COLOUR('',#8926);
#9737 = CURVE_STYLE('',#9738,POSITIVE_LENGTH_MEASURE(0.1),#8926);
#9738 = DRAUGHTING_PRE_DEFINED_CURVE_FONT('continuous');
#9739 = STYLED_ITEM('color',(#9740),#4542);
#9740 = PRESENTATION_STYLE_ASSIGNMENT((#9741,#9746));
#9741 = SURFACE_STYLE_USAGE(.BOTH.,#9742);
#9742 = SURFACE_SIDE_STYLE('',(#9743));
#9743 = SURFACE_STYLE_FILL_AREA(#9744);
#9744 = FILL_AREA_STYLE('',(#9745));
#9745 = FILL_AREA_STYLE_COLOUR('',#8926);
#9746 = CURVE_STYLE('',#9747,POSITIVE_LENGTH_MEASURE(0.1),#8926);
#9747 = DRAUGHTING_PRE_DEFINED_CURVE_FONT('continuous');
#9748 = STYLED_ITEM('color',(#9749),#4559);
#9749 = PRESENTATION_STYLE_ASSIGNMENT((#9750,#9755));
#9750 = SURFACE_STYLE_USAGE(.BOTH.,#9751);
#9751 = SURFACE_SIDE_STYLE('',(#9752));
#9752 = SURFACE_STYLE_FILL_AREA(#9753);
#9753 = FILL_AREA_STYLE('',(#9754));
#9754 = FILL_AREA_STYLE_COLOUR('',#8926);
#9755 = CURVE_STYLE('',#9756,POSITIVE_LENGTH_MEASURE(0.1),#8926);
#9756 = DRAUGHTING_PRE_DEFINED_CURVE_FONT('continuous');
#9757 = STYLED_ITEM('color',(#9758),#4571);
#9758 = PRESENTATION_STYLE_ASSIGNMENT((#9759,#9764));
#9759 = SURFACE_STYLE_USAGE(.BOTH.,#9760);
#9760 = SURFACE_SIDE_STYLE('',(#9761));
#9761 = SURFACE_STYLE_FILL_AREA(#9762);
#9762 = FILL_AREA_STYLE('',(#9763));
#9763 = FILL_AREA_STYLE_COLOUR('',#8926);
#9764 = CURVE_STYLE('',#9765,POSITIVE_LENGTH_MEASURE(0.1),#8926);
#9765 = DRAUGHTING_PRE_DEFINED_CURVE_FONT('continuous');
#9766 = STYLED_ITEM('color',(#9767),#4588);
#9767 = PRESENTATION_STYLE_ASSIGNMENT((#9768,#9773));
#9768 = SURFACE_STYLE_USAGE(.BOTH.,#9769);
#9769 = SURFACE_SIDE_STYLE('',(#9770));
#9770 = SURFACE_STYLE_FILL_AREA(#9771);
#9771 = FILL_AREA_STYLE('',(#9772));
#9772 = FILL_AREA_STYLE_COLOUR('',#8926);
#9773 = CURVE_STYLE('',#9774,POSITIVE_LENGTH_MEASURE(0.1),#8926);
#9774 = DRAUGHTING_PRE_DEFINED_CURVE_FONT('continuous');
#9775 = STYLED_ITEM('color',(#9776),#4600);
#9776 = PRESENTATION_STYLE_ASSIGNMENT((#9777,#9782));
#9777 = SURFACE_STYLE_USAGE(.BOTH.,#9778);
#9778 = SURFACE_SIDE_STYLE('',(#9779));
#9779 = SURFACE_STYLE_FILL_AREA(#9780);
#9780 = FILL_AREA_STYLE('',(#9781));
#9781 = FILL_AREA_STYLE_COLOUR('',#8926);
#9782 = CURVE_STYLE('',#9783,POSITIVE_LENGTH_MEASURE(0.1),#8926);
#9783 = DRAUGHTING_PRE_DEFINED_CURVE_FONT('continuous');
#9784 = STYLED_ITEM('color',(#9785),#4617);
#9785 = PRESENTATION_STYLE_ASSIGNMENT((#9786,#9791));
#9786 = SURFACE_STYLE_USAGE(.BOTH.,#9787);
#9787 = SURFACE_SIDE_STYLE('',(#9788));
#9788 = SURFACE_STYLE_FILL_AREA(#9789);
#9789 = FILL_AREA_STYLE('',(#9790));
#9790 = FILL_AREA_STYLE_COLOUR('',#8926);
#9791 = CURVE_STYLE('',#9792,POSITIVE_LENGTH_MEASURE(0.1),#8926);
#9792 = DRAUGHTING_PRE_DEFINED_CURVE_FONT('continuous');
#9793 = STYLED_ITEM('color',(#9794),#4629);
#9794 = PRESENTATION_STYLE_ASSIGNMENT((#9795,#9800));
#9795 = SURFACE_STYLE_USAGE(.BOTH.,#9796);
#9796 = SURFACE_SIDE_STYLE('',(#9797));
#9797 = SURFACE_STYLE_FILL_AREA(#9798);
#9798 = FILL_AREA_STYLE('',(#9799));
#9799 = FILL_AREA_STYLE_COLOUR('',#8926);
#9800 = CURVE_STYLE('',#9801,POSITIVE_LENGTH_MEASURE(0.1),#8926);
#9801 = DRAUGHTING_PRE_DEFINED_CURVE_FONT('continuous');
#9802 = STYLED_ITEM('color',(#9803),#4646);
#9803 = PRESENTATION_STYLE_ASSIGNMENT((#9804,#9809));
#9804 = SURFACE_STYLE_USAGE(.BOTH.,#9805);
#9805 = SURFACE_SIDE_STYLE('',(#9806));
#9806 = SURFACE_STYLE_FILL_AREA(#9807);
#9807 = FILL_AREA_STYLE('',(#9808));
#9808 = FILL_AREA_STYLE_COLOUR('',#8926);
#9809 = CURVE_STYLE('',#9810,POSITIVE_LENGTH_MEASURE(0.1),#8926);
#9810 = DRAUGHTING_PRE_DEFINED_CURVE_FONT('continuous');
#9811 = STYLED_ITEM('color',(#9812),#4658);
#9812 = PRESENTATION_STYLE_ASSIGNMENT((#9813,#9818));
#9813 = SURFACE_STYLE_USAGE(.BOTH.,#9814);
#9814 = SURFACE_SIDE_STYLE('',(#9815));
#9815 = SURFACE_STYLE_FILL_AREA(#9816);
#9816 = FILL_AREA_STYLE('',(#9817));
#9817 = FILL_AREA_STYLE_COLOUR('',#8926);
#9818 = CURVE_STYLE('',#9819,POSITIVE_LENGTH_MEASURE(0.1),#8926);
#9819 = DRAUGHTING_PRE_DEFINED_CURVE_FONT('continuous');
#9820 = STYLED_ITEM('color',(#9821),#4675);
#9821 = PRESENTATION_STYLE_ASSIGNMENT((#9822,#9827));
#9822 = SURFACE_STYLE_USAGE(.BOTH.,#9823);
#9823 = SURFACE_SIDE_STYLE('',(#9824));
#9824 = SURFACE_STYLE_FILL_AREA(#9825);
#9825 = FILL_AREA_STYLE('',(#9826));
#9826 = FILL_AREA_STYLE_COLOUR('',#8926);
#9827 = CURVE_STYLE('',#9828,POSITIVE_LENGTH_MEASURE(0.1),#8926);
#9828 = DRAUGHTING_PRE_DEFINED_CURVE_FONT('continuous');
#9829 = STYLED_ITEM('color',(#9830),#4687);
#9830 = PRESENTATION_STYLE_ASSIGNMENT((#9831,#9836));
#9831 = SURFACE_STYLE_USAGE(.BOTH.,#9832);
#9832 = SURFACE_SIDE_STYLE('',(#9833));
#9833 = SURFACE_STYLE_FILL_AREA(#9834);
#9834 = FILL_AREA_STYLE('',(#9835));
#9835 = FILL_AREA_STYLE_COLOUR('',#8926);
#9836 = CURVE_STYLE('',#9837,POSITIVE_LENGTH_MEASURE(0.1),#8926);
#9837 = DRAUGHTING_PRE_DEFINED_CURVE_FONT('continuous');
#9838 = STYLED_ITEM('color',(#9839),#4704);
#9839 = PRESENTATION_STYLE_ASSIGNMENT((#9840,#9845));
#9840 = SURFACE_STYLE_USAGE(.BOTH.,#9841);
#9841 = SURFACE_SIDE_STYLE('',(#9842));
#9842 = SURFACE_STYLE_FILL_AREA(#9843);
#9843 = FILL_AREA_STYLE('',(#9844));
#9844 = FILL_AREA_STYLE_COLOUR('',#8926);
#9845 = CURVE_STYLE('',#9846,POSITIVE_LENGTH_MEASURE(0.1),#8926);
#9846 = DRAUGHTING_PRE_DEFINED_CURVE_FONT('continuous');
#9847 = STYLED_ITEM('color',(#9848),#4716);
#9848 = PRESENTATION_STYLE_ASSIGNMENT((#9849,#9854));
#9849 = SURFACE_STYLE_USAGE(.BOTH.,#9850);
#9850 = SURFACE_SIDE_STYLE('',(#9851));
#9851 = SURFACE_STYLE_FILL_AREA(#9852);
#9852 = FILL_AREA_STYLE('',(#9853));
#9853 = FILL_AREA_STYLE_COLOUR('',#8926);
#9854 = CURVE_STYLE('',#9855,POSITIVE_LENGTH_MEASURE(0.1),#8926);
#9855 = DRAUGHTING_PRE_DEFINED_CURVE_FONT('continuous');
#9856 = STYLED_ITEM('color',(#9857),#4733);
#9857 = PRESENTATION_STYLE_ASSIGNMENT((#9858,#9863));
#9858 = SURFACE_STYLE_USAGE(.BOTH.,#9859);
#9859 = SURFACE_SIDE_STYLE('',(#9860));
#9860 = SURFACE_STYLE_FILL_AREA(#9861);
#9861 = FILL_AREA_STYLE('',(#9862));
#9862 = FILL_AREA_STYLE_COLOUR('',#8926);
#9863 = CURVE_STYLE('',#9864,POSITIVE_LENGTH_MEASURE(0.1),#8926);
#9864 = DRAUGHTING_PRE_DEFINED_CURVE_FONT('continuous');
#9865 = STYLED_ITEM('color',(#9866),#4745);
#9866 = PRESENTATION_STYLE_ASSIGNMENT((#9867,#9872));
#9867 = SURFACE_STYLE_USAGE(.BOTH.,#9868);
#9868 = SURFACE_SIDE_STYLE('',(#9869));
#9869 = SURFACE_STYLE_FILL_AREA(#9870);
#9870 = FILL_AREA_STYLE('',(#9871));
#9871 = FILL_AREA_STYLE_COLOUR('',#8926);
#9872 = CURVE_STYLE('',#9873,POSITIVE_LENGTH_MEASURE(0.1),#8926);
#9873 = DRAUGHTING_PRE_DEFINED_CURVE_FONT('continuous');
#9874 = MECHANICAL_DESIGN_GEOMETRIC_PRESENTATION_REPRESENTATION('',(
    #9875,#9883,#9890,#9897,#9904,#9911,#9918,#9925,#9932,#9939,#9946,
    #9953,#9960,#9967,#9974),#759);
#9875 = STYLED_ITEM('color',(#9876),#98);
#9876 = PRESENTATION_STYLE_ASSIGNMENT((#9877));
#9877 = SURFACE_STYLE_USAGE(.BOTH.,#9878);
#9878 = SURFACE_SIDE_STYLE('',(#9879));
#9879 = SURFACE_STYLE_FILL_AREA(#9880);
#9880 = FILL_AREA_STYLE('',(#9881));
#9881 = FILL_AREA_STYLE_COLOUR('',#9882);
#9882 = COLOUR_RGB('',0.883000012551,0.711000022565,0.492000011028);
#9883 = STYLED_ITEM('color',(#9884),#131);
#9884 = PRESENTATION_STYLE_ASSIGNMENT((#9885));
#9885 = SURFACE_STYLE_USAGE(.BOTH.,#9886);
#9886 = SURFACE_SIDE_STYLE('',(#9887));
#9887 = SURFACE_STYLE_FILL_AREA(#9888);
#9888 = FILL_AREA_STYLE('',(#9889));
#9889 = FILL_AREA_STYLE_COLOUR('',#9882);
#9890 = STYLED_ITEM('color',(#9891),#157);
#9891 = PRESENTATION_STYLE_ASSIGNMENT((#9892));
#9892 = SURFACE_STYLE_USAGE(.BOTH.,#9893);
#9893 = SURFACE_SIDE_STYLE('',(#9894));
#9894 = SURFACE_STYLE_FILL_AREA(#9895);
#9895 = FILL_AREA_STYLE('',(#9896));
#9896 = FILL_AREA_STYLE_COLOUR('',#9882);
#9897 = STYLED_ITEM('color',(#9898),#177);
#9898 = PRESENTATION_STYLE_ASSIGNMENT((#9899));
#9899 = SURFACE_STYLE_USAGE(.BOTH.,#9900);
#9900 = SURFACE_SIDE_STYLE('',(#9901));
#9901 = SURFACE_STYLE_FILL_AREA(#9902);
#9902 = FILL_AREA_STYLE('',(#9903));
#9903 = FILL_AREA_STYLE_COLOUR('',#9882);
#9904 = STYLED_ITEM('color',(#9905),#360);
#9905 = PRESENTATION_STYLE_ASSIGNMENT((#9906));
#9906 = SURFACE_STYLE_USAGE(.BOTH.,#9907);
#9907 = SURFACE_SIDE_STYLE('',(#9908));
#9908 = SURFACE_STYLE_FILL_AREA(#9909);
#9909 = FILL_AREA_STYLE('',(#9910));
#9910 = FILL_AREA_STYLE_COLOUR('',#9882);
#9911 = STYLED_ITEM('color',(#9912),#385);
#9912 = PRESENTATION_STYLE_ASSIGNMENT((#9913));
#9913 = SURFACE_STYLE_USAGE(.BOTH.,#9914);
#9914 = SURFACE_SIDE_STYLE('',(#9915));
#9915 = SURFACE_STYLE_FILL_AREA(#9916);
#9916 = FILL_AREA_STYLE('',(#9917));
#9917 = FILL_AREA_STYLE_COLOUR('',#8926);
#9918 = STYLED_ITEM('color',(#9919),#411);
#9919 = PRESENTATION_STYLE_ASSIGNMENT((#9920));
#9920 = SURFACE_STYLE_USAGE(.BOTH.,#9921);
#9921 = SURFACE_SIDE_STYLE('',(#9922));
#9922 = SURFACE_STYLE_FILL_AREA(#9923);
#9923 = FILL_AREA_STYLE('',(#9924));
#9924 = FILL_AREA_STYLE_COLOUR('',#9882);
#9925 = STYLED_ITEM('color',(#9926),#431);
#9926 = PRESENTATION_STYLE_ASSIGNMENT((#9927));
#9927 = SURFACE_STYLE_USAGE(.BOTH.,#9928);
#9928 = SURFACE_SIDE_STYLE('',(#9929));
#9929 = SURFACE_STYLE_FILL_AREA(#9930);
#9930 = FILL_AREA_STYLE('',(#9931));
#9931 = FILL_AREA_STYLE_COLOUR('',#8926);
#9932 = STYLED_ITEM('color',(#9933),#456);
#9933 = PRESENTATION_STYLE_ASSIGNMENT((#9934));
#9934 = SURFACE_STYLE_USAGE(.BOTH.,#9935);
#9935 = SURFACE_SIDE_STYLE('',(#9936));
#9936 = SURFACE_STYLE_FILL_AREA(#9937);
#9937 = FILL_AREA_STYLE('',(#9938));
#9938 = FILL_AREA_STYLE_COLOUR('',#9882);
#9939 = STYLED_ITEM('color',(#9940),#481);
#9940 = PRESENTATION_STYLE_ASSIGNMENT((#9941));
#9941 = SURFACE_STYLE_USAGE(.BOTH.,#9942);
#9942 = SURFACE_SIDE_STYLE('',(#9943));
#9943 = SURFACE_STYLE_FILL_AREA(#9944);
#9944 = FILL_AREA_STYLE('',(#9945));
#9945 = FILL_AREA_STYLE_COLOUR('',#8926);
#9946 = STYLED_ITEM('color',(#9947),#490);
#9947 = PRESENTATION_STYLE_ASSIGNMENT((#9948));
#9948 = SURFACE_STYLE_USAGE(.BOTH.,#9949);
#9949 = SURFACE_SIDE_STYLE('',(#9950));
#9950 = SURFACE_STYLE_FILL_AREA(#9951);
#9951 = FILL_AREA_STYLE('',(#9952));
#9952 = FILL_AREA_STYLE_COLOUR('',#9882);
#9953 = STYLED_ITEM('color',(#9954),#516);
#9954 = PRESENTATION_STYLE_ASSIGNMENT((#9955));
#9955 = SURFACE_STYLE_USAGE(.BOTH.,#9956);
#9956 = SURFACE_SIDE_STYLE('',(#9957));
#9957 = SURFACE_STYLE_FILL_AREA(#9958);
#9958 = FILL_AREA_STYLE('',(#9959));
#9959 = FILL_AREA_STYLE_COLOUR('',#9882);
#9960 = STYLED_ITEM('color',(#9961),#699);
#9961 = PRESENTATION_STYLE_ASSIGNMENT((#9962));
#9962 = SURFACE_STYLE_USAGE(.BOTH.,#9963);
#9963 = SURFACE_SIDE_STYLE('',(#9964));
#9964 = SURFACE_STYLE_FILL_AREA(#9965);
#9965 = FILL_AREA_STYLE('',(#9966));
#9966 = FILL_AREA_STYLE_COLOUR('',#8926);
#9967 = STYLED_ITEM('color',(#9968),#725);
#9968 = PRESENTATION_STYLE_ASSIGNMENT((#9969));
#9969 = SURFACE_STYLE_USAGE(.BOTH.,#9970);
#9970 = SURFACE_SIDE_STYLE('',(#9971));
#9971 = SURFACE_STYLE_FILL_AREA(#9972);
#9972 = FILL_AREA_STYLE('',(#9973));
#9973 = FILL_AREA_STYLE_COLOUR('',#8926);
#9974 = STYLED_ITEM('color',(#9975),#750);
#9975 = PRESENTATION_STYLE_ASSIGNMENT((#9976));
#9976 = SURFACE_STYLE_USAGE(.BOTH.,#9977);
#9977 = SURFACE_SIDE_STYLE('',(#9978));
#9978 = SURFACE_STYLE_FILL_AREA(#9979);
#9979 = FILL_AREA_STYLE('',(#9980));
#9980 = FILL_AREA_STYLE_COLOUR('',#8926);
#9981 = MECHANICAL_DESIGN_GEOMETRIC_PRESENTATION_REPRESENTATION('',(
    #9982,#9989,#9996,#10003,#10010,#10017,#10024,#10031,#10038,#10045,
    #10052,#10059,#10066,#10073,#10080,#10087,#10094,#10102,#10109,
    #10116,#10123,#10130,#10137,#10144,#10151,#10158,#10165,#10172,
    #10179,#10186,#10193,#10200,#10207,#10214,#10221,#10228,#10235,
    #10242,#10249,#10256,#10263,#10270,#10277,#10284,#10291,#10298,
    #10305,#10312,#10319,#10326,#10333,#10340),#6257);
#9982 = STYLED_ITEM('color',(#9983),#4827);
#9983 = PRESENTATION_STYLE_ASSIGNMENT((#9984));
#9984 = SURFACE_STYLE_USAGE(.BOTH.,#9985);
#9985 = SURFACE_SIDE_STYLE('',(#9986));
#9986 = SURFACE_STYLE_FILL_AREA(#9987);
#9987 = FILL_AREA_STYLE('',(#9988));
#9988 = FILL_AREA_STYLE_COLOUR('',#8879);
#9989 = STYLED_ITEM('color',(#9990),#4867);
#9990 = PRESENTATION_STYLE_ASSIGNMENT((#9991));
#9991 = SURFACE_STYLE_USAGE(.BOTH.,#9992);
#9992 = SURFACE_SIDE_STYLE('',(#9993));
#9993 = SURFACE_STYLE_FILL_AREA(#9994);
#9994 = FILL_AREA_STYLE('',(#9995));
#9995 = FILL_AREA_STYLE_COLOUR('',#8879);
#9996 = STYLED_ITEM('color',(#9997),#4898);
#9997 = PRESENTATION_STYLE_ASSIGNMENT((#9998));
#9998 = SURFACE_STYLE_USAGE(.BOTH.,#9999);
#9999 = SURFACE_SIDE_STYLE('',(#10000));
#10000 = SURFACE_STYLE_FILL_AREA(#10001);
#10001 = FILL_AREA_STYLE('',(#10002));
#10002 = FILL_AREA_STYLE_COLOUR('',#8879);
#10003 = STYLED_ITEM('color',(#10004),#4929);
#10004 = PRESENTATION_STYLE_ASSIGNMENT((#10005));
#10005 = SURFACE_STYLE_USAGE(.BOTH.,#10006);
#10006 = SURFACE_SIDE_STYLE('',(#10007));
#10007 = SURFACE_STYLE_FILL_AREA(#10008);
#10008 = FILL_AREA_STYLE('',(#10009));
#10009 = FILL_AREA_STYLE_COLOUR('',#8879);
#10010 = STYLED_ITEM('color',(#10011),#5094);
#10011 = PRESENTATION_STYLE_ASSIGNMENT((#10012));
#10012 = SURFACE_STYLE_USAGE(.BOTH.,#10013);
#10013 = SURFACE_SIDE_STYLE('',(#10014));
#10014 = SURFACE_STYLE_FILL_AREA(#10015);
#10015 = FILL_AREA_STYLE('',(#10016));
#10016 = FILL_AREA_STYLE_COLOUR('',#8879);
#10017 = STYLED_ITEM('color',(#10018),#5259);
#10018 = PRESENTATION_STYLE_ASSIGNMENT((#10019));
#10019 = SURFACE_STYLE_USAGE(.BOTH.,#10020);
#10020 = SURFACE_SIDE_STYLE('',(#10021));
#10021 = SURFACE_STYLE_FILL_AREA(#10022);
#10022 = FILL_AREA_STYLE('',(#10023));
#10023 = FILL_AREA_STYLE_COLOUR('',#8879);
#10024 = STYLED_ITEM('color',(#10025),#5276);
#10025 = PRESENTATION_STYLE_ASSIGNMENT((#10026));
#10026 = SURFACE_STYLE_USAGE(.BOTH.,#10027);
#10027 = SURFACE_SIDE_STYLE('',(#10028));
#10028 = SURFACE_STYLE_FILL_AREA(#10029);
#10029 = FILL_AREA_STYLE('',(#10030));
#10030 = FILL_AREA_STYLE_COLOUR('',#8879);
#10031 = STYLED_ITEM('color',(#10032),#5293);
#10032 = PRESENTATION_STYLE_ASSIGNMENT((#10033));
#10033 = SURFACE_STYLE_USAGE(.BOTH.,#10034);
#10034 = SURFACE_SIDE_STYLE('',(#10035));
#10035 = SURFACE_STYLE_FILL_AREA(#10036);
#10036 = FILL_AREA_STYLE('',(#10037));
#10037 = FILL_AREA_STYLE_COLOUR('',#8879);
#10038 = STYLED_ITEM('color',(#10039),#5310);
#10039 = PRESENTATION_STYLE_ASSIGNMENT((#10040));
#10040 = SURFACE_STYLE_USAGE(.BOTH.,#10041);
#10041 = SURFACE_SIDE_STYLE('',(#10042));
#10042 = SURFACE_STYLE_FILL_AREA(#10043);
#10043 = FILL_AREA_STYLE('',(#10044));
#10044 = FILL_AREA_STYLE_COLOUR('',#8879);
#10045 = STYLED_ITEM('color',(#10046),#5327);
#10046 = PRESENTATION_STYLE_ASSIGNMENT((#10047));
#10047 = SURFACE_STYLE_USAGE(.BOTH.,#10048);
#10048 = SURFACE_SIDE_STYLE('',(#10049));
#10049 = SURFACE_STYLE_FILL_AREA(#10050);
#10050 = FILL_AREA_STYLE('',(#10051));
#10051 = FILL_AREA_STYLE_COLOUR('',#8879);
#10052 = STYLED_ITEM('color',(#10053),#5344);
#10053 = PRESENTATION_STYLE_ASSIGNMENT((#10054));
#10054 = SURFACE_STYLE_USAGE(.BOTH.,#10055);
#10055 = SURFACE_SIDE_STYLE('',(#10056));
#10056 = SURFACE_STYLE_FILL_AREA(#10057);
#10057 = FILL_AREA_STYLE('',(#10058));
#10058 = FILL_AREA_STYLE_COLOUR('',#8879);
#10059 = STYLED_ITEM('color',(#10060),#5361);
#10060 = PRESENTATION_STYLE_ASSIGNMENT((#10061));
#10061 = SURFACE_STYLE_USAGE(.BOTH.,#10062);
#10062 = SURFACE_SIDE_STYLE('',(#10063));
#10063 = SURFACE_STYLE_FILL_AREA(#10064);
#10064 = FILL_AREA_STYLE('',(#10065));
#10065 = FILL_AREA_STYLE_COLOUR('',#8879);
#10066 = STYLED_ITEM('color',(#10067),#5378);
#10067 = PRESENTATION_STYLE_ASSIGNMENT((#10068));
#10068 = SURFACE_STYLE_USAGE(.BOTH.,#10069);
#10069 = SURFACE_SIDE_STYLE('',(#10070));
#10070 = SURFACE_STYLE_FILL_AREA(#10071);
#10071 = FILL_AREA_STYLE('',(#10072));
#10072 = FILL_AREA_STYLE_COLOUR('',#8879);
#10073 = STYLED_ITEM('color',(#10074),#5395);
#10074 = PRESENTATION_STYLE_ASSIGNMENT((#10075));
#10075 = SURFACE_STYLE_USAGE(.BOTH.,#10076);
#10076 = SURFACE_SIDE_STYLE('',(#10077));
#10077 = SURFACE_STYLE_FILL_AREA(#10078);
#10078 = FILL_AREA_STYLE('',(#10079));
#10079 = FILL_AREA_STYLE_COLOUR('',#8879);
#10080 = STYLED_ITEM('color',(#10081),#5412);
#10081 = PRESENTATION_STYLE_ASSIGNMENT((#10082));
#10082 = SURFACE_STYLE_USAGE(.BOTH.,#10083);
#10083 = SURFACE_SIDE_STYLE('',(#10084));
#10084 = SURFACE_STYLE_FILL_AREA(#10085);
#10085 = FILL_AREA_STYLE('',(#10086));
#10086 = FILL_AREA_STYLE_COLOUR('',#8879);
#10087 = STYLED_ITEM('color',(#10088),#5429);
#10088 = PRESENTATION_STYLE_ASSIGNMENT((#10089));
#10089 = SURFACE_STYLE_USAGE(.BOTH.,#10090);
#10090 = SURFACE_SIDE_STYLE('',(#10091));
#10091 = SURFACE_STYLE_FILL_AREA(#10092);
#10092 = FILL_AREA_STYLE('',(#10093));
#10093 = FILL_AREA_STYLE_COLOUR('',#8879);
#10094 = STYLED_ITEM('color',(#10095),#5441);
#10095 = PRESENTATION_STYLE_ASSIGNMENT((#10096));
#10096 = SURFACE_STYLE_USAGE(.BOTH.,#10097);
#10097 = SURFACE_SIDE_STYLE('',(#10098));
#10098 = SURFACE_STYLE_FILL_AREA(#10099);
#10099 = FILL_AREA_STYLE('',(#10100));
#10100 = FILL_AREA_STYLE_COLOUR('',#10101);
#10101 = COLOUR_RGB('',0.859000020776,0.737999965183,0.495999988746);
#10102 = STYLED_ITEM('color',(#10103),#5472);
#10103 = PRESENTATION_STYLE_ASSIGNMENT((#10104));
#10104 = SURFACE_STYLE_USAGE(.BOTH.,#10105);
#10105 = SURFACE_SIDE_STYLE('',(#10106));
#10106 = SURFACE_STYLE_FILL_AREA(#10107);
#10107 = FILL_AREA_STYLE('',(#10108));
#10108 = FILL_AREA_STYLE_COLOUR('',#10101);
#10109 = STYLED_ITEM('color',(#10110),#5496);
#10110 = PRESENTATION_STYLE_ASSIGNMENT((#10111));
#10111 = SURFACE_STYLE_USAGE(.BOTH.,#10112);
#10112 = SURFACE_SIDE_STYLE('',(#10113));
#10113 = SURFACE_STYLE_FILL_AREA(#10114);
#10114 = FILL_AREA_STYLE('',(#10115));
#10115 = FILL_AREA_STYLE_COLOUR('',#10101);
#10116 = STYLED_ITEM('color',(#10117),#5520);
#10117 = PRESENTATION_STYLE_ASSIGNMENT((#10118));
#10118 = SURFACE_STYLE_USAGE(.BOTH.,#10119);
#10119 = SURFACE_SIDE_STYLE('',(#10120));
#10120 = SURFACE_STYLE_FILL_AREA(#10121);
#10121 = FILL_AREA_STYLE('',(#10122));
#10122 = FILL_AREA_STYLE_COLOUR('',#10101);
#10123 = STYLED_ITEM('color',(#10124),#5537);
#10124 = PRESENTATION_STYLE_ASSIGNMENT((#10125));
#10125 = SURFACE_STYLE_USAGE(.BOTH.,#10126);
#10126 = SURFACE_SIDE_STYLE('',(#10127));
#10127 = SURFACE_STYLE_FILL_AREA(#10128);
#10128 = FILL_AREA_STYLE('',(#10129));
#10129 = FILL_AREA_STYLE_COLOUR('',#10101);
#10130 = STYLED_ITEM('color',(#10131),#5568);
#10131 = PRESENTATION_STYLE_ASSIGNMENT((#10132));
#10132 = SURFACE_STYLE_USAGE(.BOTH.,#10133);
#10133 = SURFACE_SIDE_STYLE('',(#10134));
#10134 = SURFACE_STYLE_FILL_AREA(#10135);
#10135 = FILL_AREA_STYLE('',(#10136));
#10136 = FILL_AREA_STYLE_COLOUR('',#10101);
#10137 = STYLED_ITEM('color',(#10138),#5592);
#10138 = PRESENTATION_STYLE_ASSIGNMENT((#10139));
#10139 = SURFACE_STYLE_USAGE(.BOTH.,#10140);
#10140 = SURFACE_SIDE_STYLE('',(#10141));
#10141 = SURFACE_STYLE_FILL_AREA(#10142);
#10142 = FILL_AREA_STYLE('',(#10143));
#10143 = FILL_AREA_STYLE_COLOUR('',#10101);
#10144 = STYLED_ITEM('color',(#10145),#5616);
#10145 = PRESENTATION_STYLE_ASSIGNMENT((#10146));
#10146 = SURFACE_STYLE_USAGE(.BOTH.,#10147);
#10147 = SURFACE_SIDE_STYLE('',(#10148));
#10148 = SURFACE_STYLE_FILL_AREA(#10149);
#10149 = FILL_AREA_STYLE('',(#10150));
#10150 = FILL_AREA_STYLE_COLOUR('',#10101);
#10151 = STYLED_ITEM('color',(#10152),#5633);
#10152 = PRESENTATION_STYLE_ASSIGNMENT((#10153));
#10153 = SURFACE_STYLE_USAGE(.BOTH.,#10154);
#10154 = SURFACE_SIDE_STYLE('',(#10155));
#10155 = SURFACE_STYLE_FILL_AREA(#10156);
#10156 = FILL_AREA_STYLE('',(#10157));
#10157 = FILL_AREA_STYLE_COLOUR('',#10101);
#10158 = STYLED_ITEM('color',(#10159),#5664);
#10159 = PRESENTATION_STYLE_ASSIGNMENT((#10160));
#10160 = SURFACE_STYLE_USAGE(.BOTH.,#10161);
#10161 = SURFACE_SIDE_STYLE('',(#10162));
#10162 = SURFACE_STYLE_FILL_AREA(#10163);
#10163 = FILL_AREA_STYLE('',(#10164));
#10164 = FILL_AREA_STYLE_COLOUR('',#10101);
#10165 = STYLED_ITEM('color',(#10166),#5688);
#10166 = PRESENTATION_STYLE_ASSIGNMENT((#10167));
#10167 = SURFACE_STYLE_USAGE(.BOTH.,#10168);
#10168 = SURFACE_SIDE_STYLE('',(#10169));
#10169 = SURFACE_STYLE_FILL_AREA(#10170);
#10170 = FILL_AREA_STYLE('',(#10171));
#10171 = FILL_AREA_STYLE_COLOUR('',#10101);
#10172 = STYLED_ITEM('color',(#10173),#5712);
#10173 = PRESENTATION_STYLE_ASSIGNMENT((#10174));
#10174 = SURFACE_STYLE_USAGE(.BOTH.,#10175);
#10175 = SURFACE_SIDE_STYLE('',(#10176));
#10176 = SURFACE_STYLE_FILL_AREA(#10177);
#10177 = FILL_AREA_STYLE('',(#10178));
#10178 = FILL_AREA_STYLE_COLOUR('',#10101);
#10179 = STYLED_ITEM('color',(#10180),#5729);
#10180 = PRESENTATION_STYLE_ASSIGNMENT((#10181));
#10181 = SURFACE_STYLE_USAGE(.BOTH.,#10182);
#10182 = SURFACE_SIDE_STYLE('',(#10183));
#10183 = SURFACE_STYLE_FILL_AREA(#10184);
#10184 = FILL_AREA_STYLE('',(#10185));
#10185 = FILL_AREA_STYLE_COLOUR('',#10101);
#10186 = STYLED_ITEM('color',(#10187),#5760);
#10187 = PRESENTATION_STYLE_ASSIGNMENT((#10188));
#10188 = SURFACE_STYLE_USAGE(.BOTH.,#10189);
#10189 = SURFACE_SIDE_STYLE('',(#10190));
#10190 = SURFACE_STYLE_FILL_AREA(#10191);
#10191 = FILL_AREA_STYLE('',(#10192));
#10192 = FILL_AREA_STYLE_COLOUR('',#10101);
#10193 = STYLED_ITEM('color',(#10194),#5784);
#10194 = PRESENTATION_STYLE_ASSIGNMENT((#10195));
#10195 = SURFACE_STYLE_USAGE(.BOTH.,#10196);
#10196 = SURFACE_SIDE_STYLE('',(#10197));
#10197 = SURFACE_STYLE_FILL_AREA(#10198);
#10198 = FILL_AREA_STYLE('',(#10199));
#10199 = FILL_AREA_STYLE_COLOUR('',#10101);
#10200 = STYLED_ITEM('color',(#10201),#5808);
#10201 = PRESENTATION_STYLE_ASSIGNMENT((#10202));
#10202 = SURFACE_STYLE_USAGE(.BOTH.,#10203);
#10203 = SURFACE_SIDE_STYLE('',(#10204));
#10204 = SURFACE_STYLE_FILL_AREA(#10205);
#10205 = FILL_AREA_STYLE('',(#10206));
#10206 = FILL_AREA_STYLE_COLOUR('',#10101);
#10207 = STYLED_ITEM('color',(#10208),#5825);
#10208 = PRESENTATION_STYLE_ASSIGNMENT((#10209));
#10209 = SURFACE_STYLE_USAGE(.BOTH.,#10210);
#10210 = SURFACE_SIDE_STYLE('',(#10211));
#10211 = SURFACE_STYLE_FILL_AREA(#10212);
#10212 = FILL_AREA_STYLE('',(#10213));
#10213 = FILL_AREA_STYLE_COLOUR('',#10101);
#10214 = STYLED_ITEM('color',(#10215),#5856);
#10215 = PRESENTATION_STYLE_ASSIGNMENT((#10216));
#10216 = SURFACE_STYLE_USAGE(.BOTH.,#10217);
#10217 = SURFACE_SIDE_STYLE('',(#10218));
#10218 = SURFACE_STYLE_FILL_AREA(#10219);
#10219 = FILL_AREA_STYLE('',(#10220));
#10220 = FILL_AREA_STYLE_COLOUR('',#10101);
#10221 = STYLED_ITEM('color',(#10222),#5880);
#10222 = PRESENTATION_STYLE_ASSIGNMENT((#10223));
#10223 = SURFACE_STYLE_USAGE(.BOTH.,#10224);
#10224 = SURFACE_SIDE_STYLE('',(#10225));
#10225 = SURFACE_STYLE_FILL_AREA(#10226);
#10226 = FILL_AREA_STYLE('',(#10227));
#10227 = FILL_AREA_STYLE_COLOUR('',#10101);
#10228 = STYLED_ITEM('color',(#10229),#5904);
#10229 = PRESENTATION_STYLE_ASSIGNMENT((#10230));
#10230 = SURFACE_STYLE_USAGE(.BOTH.,#10231);
#10231 = SURFACE_SIDE_STYLE('',(#10232));
#10232 = SURFACE_STYLE_FILL_AREA(#10233);
#10233 = FILL_AREA_STYLE('',(#10234));
#10234 = FILL_AREA_STYLE_COLOUR('',#10101);
#10235 = STYLED_ITEM('color',(#10236),#5921);
#10236 = PRESENTATION_STYLE_ASSIGNMENT((#10237));
#10237 = SURFACE_STYLE_USAGE(.BOTH.,#10238);
#10238 = SURFACE_SIDE_STYLE('',(#10239));
#10239 = SURFACE_STYLE_FILL_AREA(#10240);
#10240 = FILL_AREA_STYLE('',(#10241));
#10241 = FILL_AREA_STYLE_COLOUR('',#10101);
#10242 = STYLED_ITEM('color',(#10243),#5952);
#10243 = PRESENTATION_STYLE_ASSIGNMENT((#10244));
#10244 = SURFACE_STYLE_USAGE(.BOTH.,#10245);
#10245 = SURFACE_SIDE_STYLE('',(#10246));
#10246 = SURFACE_STYLE_FILL_AREA(#10247);
#10247 = FILL_AREA_STYLE('',(#10248));
#10248 = FILL_AREA_STYLE_COLOUR('',#10101);
#10249 = STYLED_ITEM('color',(#10250),#5976);
#10250 = PRESENTATION_STYLE_ASSIGNMENT((#10251));
#10251 = SURFACE_STYLE_USAGE(.BOTH.,#10252);
#10252 = SURFACE_SIDE_STYLE('',(#10253));
#10253 = SURFACE_STYLE_FILL_AREA(#10254);
#10254 = FILL_AREA_STYLE('',(#10255));
#10255 = FILL_AREA_STYLE_COLOUR('',#10101);
#10256 = STYLED_ITEM('color',(#10257),#6000);
#10257 = PRESENTATION_STYLE_ASSIGNMENT((#10258));
#10258 = SURFACE_STYLE_USAGE(.BOTH.,#10259);
#10259 = SURFACE_SIDE_STYLE('',(#10260));
#10260 = SURFACE_STYLE_FILL_AREA(#10261);
#10261 = FILL_AREA_STYLE('',(#10262));
#10262 = FILL_AREA_STYLE_COLOUR('',#10101);
#10263 = STYLED_ITEM('color',(#10264),#6017);
#10264 = PRESENTATION_STYLE_ASSIGNMENT((#10265));
#10265 = SURFACE_STYLE_USAGE(.BOTH.,#10266);
#10266 = SURFACE_SIDE_STYLE('',(#10267));
#10267 = SURFACE_STYLE_FILL_AREA(#10268);
#10268 = FILL_AREA_STYLE('',(#10269));
#10269 = FILL_AREA_STYLE_COLOUR('',#10101);
#10270 = STYLED_ITEM('color',(#10271),#6048);
#10271 = PRESENTATION_STYLE_ASSIGNMENT((#10272));
#10272 = SURFACE_STYLE_USAGE(.BOTH.,#10273);
#10273 = SURFACE_SIDE_STYLE('',(#10274));
#10274 = SURFACE_STYLE_FILL_AREA(#10275);
#10275 = FILL_AREA_STYLE('',(#10276));
#10276 = FILL_AREA_STYLE_COLOUR('',#10101);
#10277 = STYLED_ITEM('color',(#10278),#6072);
#10278 = PRESENTATION_STYLE_ASSIGNMENT((#10279));
#10279 = SURFACE_STYLE_USAGE(.BOTH.,#10280);
#10280 = SURFACE_SIDE_STYLE('',(#10281));
#10281 = SURFACE_STYLE_FILL_AREA(#10282);
#10282 = FILL_AREA_STYLE('',(#10283));
#10283 = FILL_AREA_STYLE_COLOUR('',#10101);
#10284 = STYLED_ITEM('color',(#10285),#6096);
#10285 = PRESENTATION_STYLE_ASSIGNMENT((#10286));
#10286 = SURFACE_STYLE_USAGE(.BOTH.,#10287);
#10287 = SURFACE_SIDE_STYLE('',(#10288));
#10288 = SURFACE_STYLE_FILL_AREA(#10289);
#10289 = FILL_AREA_STYLE('',(#10290));
#10290 = FILL_AREA_STYLE_COLOUR('',#10101);
#10291 = STYLED_ITEM('color',(#10292),#6113);
#10292 = PRESENTATION_STYLE_ASSIGNMENT((#10293));
#10293 = SURFACE_STYLE_USAGE(.BOTH.,#10294);
#10294 = SURFACE_SIDE_STYLE('',(#10295));
#10295 = SURFACE_STYLE_FILL_AREA(#10296);
#10296 = FILL_AREA_STYLE('',(#10297));
#10297 = FILL_AREA_STYLE_COLOUR('',#10101);
#10298 = STYLED_ITEM('color',(#10299),#6144);
#10299 = PRESENTATION_STYLE_ASSIGNMENT((#10300));
#10300 = SURFACE_STYLE_USAGE(.BOTH.,#10301);
#10301 = SURFACE_SIDE_STYLE('',(#10302));
#10302 = SURFACE_STYLE_FILL_AREA(#10303);
#10303 = FILL_AREA_STYLE('',(#10304));
#10304 = FILL_AREA_STYLE_COLOUR('',#10101);
#10305 = STYLED_ITEM('color',(#10306),#6168);
#10306 = PRESENTATION_STYLE_ASSIGNMENT((#10307));
#10307 = SURFACE_STYLE_USAGE(.BOTH.,#10308);
#10308 = SURFACE_SIDE_STYLE('',(#10309));
#10309 = SURFACE_STYLE_FILL_AREA(#10310);
#10310 = FILL_AREA_STYLE('',(#10311));
#10311 = FILL_AREA_STYLE_COLOUR('',#10101);
#10312 = STYLED_ITEM('color',(#10313),#6192);
#10313 = PRESENTATION_STYLE_ASSIGNMENT((#10314));
#10314 = SURFACE_STYLE_USAGE(.BOTH.,#10315);
#10315 = SURFACE_SIDE_STYLE('',(#10316));
#10316 = SURFACE_STYLE_FILL_AREA(#10317);
#10317 = FILL_AREA_STYLE('',(#10318));
#10318 = FILL_AREA_STYLE_COLOUR('',#10101);
#10319 = STYLED_ITEM('color',(#10320),#6209);
#10320 = PRESENTATION_STYLE_ASSIGNMENT((#10321));
#10321 = SURFACE_STYLE_USAGE(.BOTH.,#10322);
#10322 = SURFACE_SIDE_STYLE('',(#10323));
#10323 = SURFACE_STYLE_FILL_AREA(#10324);
#10324 = FILL_AREA_STYLE('',(#10325));
#10325 = FILL_AREA_STYLE_COLOUR('',#10101);
#10326 = STYLED_ITEM('color',(#10327),#6221);
#10327 = PRESENTATION_STYLE_ASSIGNMENT((#10328));
#10328 = SURFACE_STYLE_USAGE(.BOTH.,#10329);
#10329 = SURFACE_SIDE_STYLE('',(#10330));
#10330 = SURFACE_STYLE_FILL_AREA(#10331);
#10331 = FILL_AREA_STYLE('',(#10332));
#10332 = FILL_AREA_STYLE_COLOUR('',#10101);
#10333 = STYLED_ITEM('color',(#10334),#6233);
#10334 = PRESENTATION_STYLE_ASSIGNMENT((#10335));
#10335 = SURFACE_STYLE_USAGE(.BOTH.,#10336);
#10336 = SURFACE_SIDE_STYLE('',(#10337));
#10337 = SURFACE_STYLE_FILL_AREA(#10338);
#10338 = FILL_AREA_STYLE('',(#10339));
#10339 = FILL_AREA_STYLE_COLOUR('',#10101);
#10340 = STYLED_ITEM('color',(#10341),#6245);
#10341 = PRESENTATION_STYLE_ASSIGNMENT((#10342));
#10342 = SURFACE_STYLE_USAGE(.BOTH.,#10343);
#10343 = SURFACE_SIDE_STYLE('',(#10344));
#10344 = SURFACE_STYLE_FILL_AREA(#10345);
#10345 = FILL_AREA_STYLE('',(#10346));
#10346 = FILL_AREA_STYLE_COLOUR('',#10101);
#10347 = MECHANICAL_DESIGN_GEOMETRIC_PRESENTATION_REPRESENTATION('',(
    #10348,#10355,#10362,#10370,#10377,#10384),#1173);
#10348 = STYLED_ITEM('color',(#10349),#803);
#10349 = PRESENTATION_STYLE_ASSIGNMENT((#10350));
#10350 = SURFACE_STYLE_USAGE(.BOTH.,#10351);
#10351 = SURFACE_SIDE_STYLE('',(#10352));
#10352 = SURFACE_STYLE_FILL_AREA(#10353);
#10353 = FILL_AREA_STYLE('',(#10354));
#10354 = FILL_AREA_STYLE_COLOUR('',#8926);
#10355 = STYLED_ITEM('color',(#10356),#820);
#10356 = PRESENTATION_STYLE_ASSIGNMENT((#10357));
#10357 = SURFACE_STYLE_USAGE(.BOTH.,#10358);
#10358 = SURFACE_SIDE_STYLE('',(#10359));
#10359 = SURFACE_STYLE_FILL_AREA(#10360);
#10360 = FILL_AREA_STYLE('',(#10361));
#10361 = FILL_AREA_STYLE_COLOUR('',#8926);
#10362 = STYLED_ITEM('color',(#10363),#954);
#10363 = PRESENTATION_STYLE_ASSIGNMENT((#10364));
#10364 = SURFACE_STYLE_USAGE(.BOTH.,#10365);
#10365 = SURFACE_SIDE_STYLE('',(#10366));
#10366 = SURFACE_STYLE_FILL_AREA(#10367);
#10367 = FILL_AREA_STYLE('',(#10368));
#10368 = FILL_AREA_STYLE_COLOUR('',#10369);
#10369 = COLOUR_RGB('',0.809000013735,0.426000008053,0.147999998088);
#10370 = STYLED_ITEM('color',(#10371),#1055);
#10371 = PRESENTATION_STYLE_ASSIGNMENT((#10372));
#10372 = SURFACE_STYLE_USAGE(.BOTH.,#10373);
#10373 = SURFACE_SIDE_STYLE('',(#10374));
#10374 = SURFACE_STYLE_FILL_AREA(#10375);
#10375 = FILL_AREA_STYLE('',(#10376));
#10376 = FILL_AREA_STYLE_COLOUR('',#10369);
#10377 = STYLED_ITEM('color',(#10378),#1137);
#10378 = PRESENTATION_STYLE_ASSIGNMENT((#10379));
#10379 = SURFACE_STYLE_USAGE(.BOTH.,#10380);
#10380 = SURFACE_SIDE_STYLE('',(#10381));
#10381 = SURFACE_STYLE_FILL_AREA(#10382);
#10382 = FILL_AREA_STYLE('',(#10383));
#10383 = FILL_AREA_STYLE_COLOUR('',#8926);
#10384 = STYLED_ITEM('color',(#10385),#1164);
#10385 = PRESENTATION_STYLE_ASSIGNMENT((#10386));
#10386 = SURFACE_STYLE_USAGE(.BOTH.,#10387);
#10387 = SURFACE_SIDE_STYLE('',(#10388));
#10388 = SURFACE_STYLE_FILL_AREA(#10389);
#10389 = FILL_AREA_STYLE('',(#10390));
#10390 = FILL_AREA_STYLE_COLOUR('',#8926);
ENDSEC;
END-ISO-10303-21;
